date,shop_id,product_id,product_name,category,weather_dependency,temperature,min_temperature,max_temperature,humidity,rainfall,wind_speed,pressure,demand,day_of_week,month,day,is_weekend,previous_day_sales,rolling_7day_sales,predicted_demand
2026-01-01,S001,P001,Coca Cola,Beverages,High,29.2,25.0,32.0,71,0.0,8.8,1010.2,22,3,1,1,0,24.0,30.43,30.43
2026-01-02,S001,P001,Coca Cola,Beverages,High,28.2,26.0,31.0,71,0.0,5.3,1011.5,18,4,1,2,0,22.0,29.29,29.29
2026-01-03,S001,P001,Coca Cola,Beverages,High,28.3,25.0,32.0,76,0.0,5.5,1011.3,24,5,1,3,1,18.0,28.14,28.14
2026-01-04,S001,P001,Coca Cola,Beverages,High,28.5,25.0,33.0,67,0.0,6.2,1011.3,25,6,1,4,1,24.0,26.29,26.29
2026-01-05,S001,P001,Coca Cola,Beverages,High,27.8,24.0,32.0,69,0.0,4.9,1011.4,35,0,1,5,0,25.0,25.0,25.0
2026-01-06,S001,P001,Coca Cola,Beverages,High,28.4,25.0,32.0,70,0.0,5.8,1011.8,23,1,1,6,0,35.0,26.43,26.43
2026-01-07,S001,P001,Coca Cola,Beverages,High,28.8,25.0,32.0,64,0.0,5.5,1012.0,36,2,1,7,0,23.0,24.43,24.43
2026-01-08,S001,P001,Coca Cola,Beverages,High,27.9,25.0,31.0,57,0.0,6.4,1012.0,32,3,1,8,0,36.0,26.14,26.14
2026-01-09,S001,P001,Coca Cola,Beverages,High,27.5,24.0,31.0,65,0.0,5.2,1011.5,30,4,1,9,0,32.0,27.57,27.57
2026-01-10,S001,P001,Coca Cola,Beverages,High,27.8,24.0,31.0,73,0.0,5.4,1011.0,36,5,1,10,1,30.0,29.29,29.29
2026-01-11,S001,P001,Coca Cola,Beverages,High,28.1,25.0,32.0,76,0.0,6.2,1012.2,29,6,1,11,1,36.0,31.0,31.0
2026-01-12,S001,P001,Coca Cola,Beverages,High,28.5,25.0,32.0,75,0.0,4.4,1013.0,27,0,1,12,0,29.0,31.57,31.57
2026-01-13,S001,P001,Coca Cola,Beverages,High,28.5,26.0,32.0,78,0.0,4.7,1013.6,34,1,1,13,0,27.0,30.43,30.43
2026-01-14,S001,P001,Coca Cola,Beverages,High,28.5,25.0,32.0,78,0.0,4.8,1012.7,37,2,1,14,0,34.0,32.0,32.0
2026-01-15,S001,P001,Coca Cola,Beverages,High,28.5,26.0,31.0,77,0.0,6.4,1011.2,28,3,1,15,0,37.0,32.14,32.14
2026-01-16,S001,P001,Coca Cola,Beverages,High,28.2,25.0,31.0,75,0.0,6.0,1011.3,24,4,1,16,0,28.0,31.57,31.57
2026-01-17,S001,P001,Coca Cola,Beverages,High,28.3,24.0,32.0,69,0.0,6.5,1010.4,24,5,1,17,1,24.0,30.71,30.71
2026-01-18,S001,P001,Coca Cola,Beverages,High,27.8,25.0,31.0,71,0.0,8.4,1009.8,22,6,1,18,1,24.0,29.0,29.0
2026-01-19,S001,P001,Coca Cola,Beverages,High,28.0,25.0,31.0,72,0.0,6.9,1011.0,21,0,1,19,0,22.0,28.0,28.0
2026-01-20,S001,P001,Coca Cola,Beverages,High,28.1,25.0,32.0,73,0.0,6.2,1010.6,37,1,1,20,0,21.0,27.14,27.14
2026-01-21,S001,P001,Coca Cola,Beverages,High,28.0,24.0,31.0,72,0.0,6.5,1011.1,33,2,1,21,0,37.0,27.57,27.57
2026-01-22,S001,P001,Coca Cola,Beverages,High,28.1,25.0,32.0,65,0.0,6.3,1011.9,21,3,1,22,0,33.0,27.0,27.0
2026-01-23,S001,P001,Coca Cola,Beverages,High,27.6,23.0,32.0,69,0.0,6.0,1012.8,27,4,1,23,0,21.0,26.0,26.0
2026-01-24,S001,P001,Coca Cola,Beverages,High,27.8,24.0,32.0,72,0.0,5.6,1013.0,33,5,1,24,1,27.0,26.43,26.43
2026-01-25,S001,P001,Coca Cola,Beverages,High,28.6,26.0,31.0,77,0.0,6.1,1011.8,27,6,1,25,1,33.0,27.71,27.71
2026-01-26,S001,P001,Coca Cola,Beverages,High,28.9,25.0,32.0,77,0.0,7.4,1012.6,18,0,1,26,0,27.0,28.43,28.43
2026-01-27,S001,P001,Coca Cola,Beverages,High,29.1,26.0,32.0,76,0.0,5.5,1013.5,19,1,1,27,0,18.0,28.0,28.0
2026-01-28,S001,P001,Coca Cola,Beverages,High,28.8,26.0,32.0,69,0.0,3.3,1012.6,17,2,1,28,0,19.0,25.43,25.43
2026-01-29,S001,P001,Coca Cola,Beverages,High,28.3,25.0,32.7,68,0.0,2.9,1012.3,26,3,1,29,0,17.0,23.14,23.14
2026-01-30,S001,P001,Coca Cola,Beverages,High,27.2,23.1,32.3,70,0.0,2.4,1013.2,34,4,1,30,0,26.0,23.86,23.86
2026-01-31,S001,P001,Coca Cola,Beverages,High,27.0,22.5,32.0,70,0.0,2.4,1013.0,37,5,1,31,1,34.0,24.86,24.86
2026-02-01,S001,P001,Coca Cola,Beverages,High,27.4,23.0,32.2,71,0.0,2.5,1012.7,25,6,2,1,1,37.0,25.43,25.43
2026-02-02,S001,P001,Coca Cola,Beverages,High,27.8,24.1,32.3,74,0.0,2.1,1012.9,31,0,2,2,0,25.0,25.14,25.14
2026-02-03,S001,P001,Coca Cola,Beverages,High,27.9,24.4,32.3,74,0.0,2.1,1012.5,29,1,2,3,0,31.0,27.0,27.0
2026-02-04,S001,P001,Coca Cola,Beverages,High,27.9,24.2,32.4,72,0.0,2.2,1012.8,18,2,2,4,0,29.0,28.43,28.43
2026-02-05,S001,P001,Coca Cola,Beverages,High,28.1,24.2,32.7,71,0.0,2.5,1012.9,30,3,2,5,0,18.0,28.57,28.57
2026-02-06,S001,P001,Coca Cola,Beverages,High,27.9,24.0,32.5,71,0.0,2.3,1012.9,23,4,2,6,0,30.0,29.14,29.14
2026-02-07,S001,P001,Coca Cola,Beverages,High,27.8,23.9,32.5,70,0.0,2.4,1012.6,24,5,2,7,1,23.0,27.57,27.57
2026-01-01,S001,P002,Pepsi,Beverages,High,29.2,25.0,32.0,71,0.0,8.8,1010.2,21,3,1,1,0,26.0,31.0,31.0
2026-01-02,S001,P002,Pepsi,Beverages,High,28.2,26.0,31.0,71,0.0,5.3,1011.5,34,4,1,2,0,21.0,28.43,28.43
2026-01-03,S001,P002,Pepsi,Beverages,High,28.3,25.0,32.0,76,0.0,5.5,1011.3,41,5,1,3,1,34.0,30.43,30.43
2026-01-04,S001,P002,Pepsi,Beverages,High,28.5,25.0,33.0,67,0.0,6.2,1011.3,27,6,1,4,1,41.0,32.71,32.71
2026-01-05,S001,P002,Pepsi,Beverages,High,27.8,24.0,32.0,69,0.0,4.9,1011.4,14,0,1,5,0,27.0,30.29,30.29
2026-01-06,S001,P002,Pepsi,Beverages,High,28.4,25.0,32.0,70,0.0,5.8,1011.8,23,1,1,6,0,14.0,28.43,28.43
2026-01-07,S001,P002,Pepsi,Beverages,High,28.8,25.0,32.0,64,0.0,5.5,1012.0,23,2,1,7,0,23.0,26.57,26.57
2026-01-08,S001,P002,Pepsi,Beverages,High,27.9,25.0,31.0,57,0.0,6.4,1012.0,31,3,1,8,0,23.0,26.14,26.14
2026-01-09,S001,P002,Pepsi,Beverages,High,27.5,24.0,31.0,65,0.0,5.2,1011.5,18,4,1,9,0,31.0,27.57,27.57
2026-01-10,S001,P002,Pepsi,Beverages,High,27.8,24.0,31.0,73,0.0,5.4,1011.0,38,5,1,10,1,18.0,25.29,25.29
2026-01-11,S001,P002,Pepsi,Beverages,High,28.1,25.0,32.0,76,0.0,6.2,1012.2,27,6,1,11,1,38.0,24.86,24.86
2026-01-12,S001,P002,Pepsi,Beverages,High,28.5,25.0,32.0,75,0.0,4.4,1013.0,24,0,1,12,0,27.0,24.86,24.86
2026-01-13,S001,P002,Pepsi,Beverages,High,28.5,26.0,32.0,78,0.0,4.7,1013.6,18,1,1,13,0,24.0,26.29,26.29
2026-01-14,S001,P002,Pepsi,Beverages,High,28.5,25.0,32.0,78,0.0,4.8,1012.7,31,2,1,14,0,18.0,25.57,25.57
2026-01-15,S001,P002,Pepsi,Beverages,High,28.5,26.0,31.0,77,0.0,6.4,1011.2,22,3,1,15,0,31.0,26.71,26.71
2026-01-16,S001,P002,Pepsi,Beverages,High,28.2,25.0,31.0,75,0.0,6.0,1011.3,24,4,1,16,0,22.0,25.43,25.43
2026-01-17,S001,P002,Pepsi,Beverages,High,28.3,24.0,32.0,69,0.0,6.5,1010.4,29,5,1,17,1,24.0,26.29,26.29
2026-01-18,S001,P002,Pepsi,Beverages,High,27.8,25.0,31.0,71,0.0,8.4,1009.8,25,6,1,18,1,29.0,25.0,25.0
2026-01-19,S001,P002,Pepsi,Beverages,High,28.0,25.0,31.0,72,0.0,6.9,1011.0,27,0,1,19,0,25.0,24.71,24.71
2026-01-20,S001,P002,Pepsi,Beverages,High,28.1,25.0,32.0,73,0.0,6.2,1010.6,37,1,1,20,0,27.0,25.14,25.14
2026-01-21,S001,P002,Pepsi,Beverages,High,28.0,24.0,31.0,72,0.0,6.5,1011.1,13,2,1,21,0,37.0,27.86,27.86
2026-01-22,S001,P002,Pepsi,Beverages,High,28.1,25.0,32.0,65,0.0,6.3,1011.9,20,3,1,22,0,13.0,25.29,25.29
2026-01-23,S001,P002,Pepsi,Beverages,High,27.6,23.0,32.0,69,0.0,6.0,1012.8,23,4,1,23,0,20.0,25.0,25.0
2026-01-24,S001,P002,Pepsi,Beverages,High,27.8,24.0,32.0,72,0.0,5.6,1013.0,25,5,1,24,1,23.0,24.86,24.86
2026-01-25,S001,P002,Pepsi,Beverages,High,28.6,26.0,31.0,77,0.0,6.1,1011.8,15,6,1,25,1,25.0,24.29,24.29
2026-01-26,S001,P002,Pepsi,Beverages,High,28.9,25.0,32.0,77,0.0,7.4,1012.6,40,0,1,26,0,15.0,22.86,22.86
2026-01-27,S001,P002,Pepsi,Beverages,High,29.1,26.0,32.0,76,0.0,5.5,1013.5,32,1,1,27,0,40.0,24.71,24.71
2026-01-28,S001,P002,Pepsi,Beverages,High,28.8,26.0,32.0,69,0.0,3.3,1012.6,33,2,1,28,0,32.0,24.0,24.0
2026-01-29,S001,P002,Pepsi,Beverages,High,28.3,25.0,32.7,68,0.0,2.9,1012.3,23,3,1,29,0,33.0,26.86,26.86
2026-01-30,S001,P002,Pepsi,Beverages,High,27.2,23.1,32.3,70,0.0,2.4,1013.2,34,4,1,30,0,23.0,27.29,27.29
2026-01-31,S001,P002,Pepsi,Beverages,High,27.0,22.5,32.0,70,0.0,2.4,1013.0,23,5,1,31,1,34.0,28.86,28.86
2026-02-01,S001,P002,Pepsi,Beverages,High,27.4,23.0,32.2,71,0.0,2.5,1012.7,40,6,2,1,1,23.0,28.57,28.57
2026-02-02,S001,P002,Pepsi,Beverages,High,27.8,24.1,32.3,74,0.0,2.1,1012.9,29,0,2,2,0,40.0,32.14,32.14
2026-02-03,S001,P002,Pepsi,Beverages,High,27.9,24.4,32.3,74,0.0,2.1,1012.5,16,1,2,3,0,29.0,30.57,30.57
2026-02-04,S001,P002,Pepsi,Beverages,High,27.9,24.2,32.4,72,0.0,2.2,1012.8,30,2,2,4,0,16.0,28.29,28.29
2026-02-05,S001,P002,Pepsi,Beverages,High,28.1,24.2,32.7,71,0.0,2.5,1012.9,24,3,2,5,0,30.0,27.86,27.86
2026-02-06,S001,P002,Pepsi,Beverages,High,27.9,24.0,32.5,71,0.0,2.3,1012.9,25,4,2,6,0,24.0,28.0,28.0
2026-02-07,S001,P002,Pepsi,Beverages,High,27.8,23.9,32.5,70,0.0,2.4,1012.6,39,5,2,7,1,25.0,26.71,26.71
2026-01-01,S001,P003,Sprite,Beverages,High,29.2,25.0,32.0,71,0.0,8.8,1010.2,22,3,1,1,0,23.0,27.71,27.71
2026-01-02,S001,P003,Sprite,Beverages,High,28.2,26.0,31.0,71,0.0,5.3,1011.5,30,4,1,2,0,22.0,27.0,27.0
2026-01-03,S001,P003,Sprite,Beverages,High,28.3,25.0,32.0,76,0.0,5.5,1011.3,33,5,1,3,1,30.0,27.43,27.43
2026-01-04,S001,P003,Sprite,Beverages,High,28.5,25.0,33.0,67,0.0,6.2,1011.3,29,6,1,4,1,33.0,27.57,27.57
2026-01-05,S001,P003,Sprite,Beverages,High,27.8,24.0,32.0,69,0.0,4.9,1011.4,36,0,1,5,0,29.0,28.0,28.0
2026-01-06,S001,P003,Sprite,Beverages,High,28.4,25.0,32.0,70,0.0,5.8,1011.8,33,1,1,6,0,36.0,29.0,29.0
2026-01-07,S001,P003,Sprite,Beverages,High,28.8,25.0,32.0,64,0.0,5.5,1012.0,19,2,1,7,0,33.0,29.43,29.43
2026-01-08,S001,P003,Sprite,Beverages,High,27.9,25.0,31.0,57,0.0,6.4,1012.0,25,3,1,8,0,19.0,28.86,28.86
2026-01-09,S001,P003,Sprite,Beverages,High,27.5,24.0,31.0,65,0.0,5.2,1011.5,38,4,1,9,0,25.0,29.29,29.29
2026-01-10,S001,P003,Sprite,Beverages,High,27.8,24.0,31.0,73,0.0,5.4,1011.0,41,5,1,10,1,38.0,30.43,30.43
2026-01-11,S001,P003,Sprite,Beverages,High,28.1,25.0,32.0,76,0.0,6.2,1012.2,34,6,1,11,1,41.0,31.57,31.57
2026-01-12,S001,P003,Sprite,Beverages,High,28.5,25.0,32.0,75,0.0,4.4,1013.0,37,0,1,12,0,34.0,32.29,32.29
2026-01-13,S001,P003,Sprite,Beverages,High,28.5,26.0,32.0,78,0.0,4.7,1013.6,16,1,1,13,0,37.0,32.43,32.43
2026-01-14,S001,P003,Sprite,Beverages,High,28.5,25.0,32.0,78,0.0,4.8,1012.7,34,2,1,14,0,16.0,30.0,30.0
2026-01-15,S001,P003,Sprite,Beverages,High,28.5,26.0,31.0,77,0.0,6.4,1011.2,19,3,1,15,0,34.0,32.14,32.14
2026-01-16,S001,P003,Sprite,Beverages,High,28.2,25.0,31.0,75,0.0,6.0,1011.3,17,4,1,16,0,19.0,31.29,31.29
2026-01-17,S001,P003,Sprite,Beverages,High,28.3,24.0,32.0,69,0.0,6.5,1010.4,36,5,1,17,1,17.0,28.29,28.29
2026-01-18,S001,P003,Sprite,Beverages,High,27.8,25.0,31.0,71,0.0,8.4,1009.8,38,6,1,18,1,36.0,27.57,27.57
2026-01-19,S001,P003,Sprite,Beverages,High,28.0,25.0,31.0,72,0.0,6.9,1011.0,28,0,1,19,0,38.0,28.14,28.14
2026-01-20,S001,P003,Sprite,Beverages,High,28.1,25.0,32.0,73,0.0,6.2,1010.6,22,1,1,20,0,28.0,26.86,26.86
2026-01-21,S001,P003,Sprite,Beverages,High,28.0,24.0,31.0,72,0.0,6.5,1011.1,25,2,1,21,0,22.0,27.71,27.71
2026-01-22,S001,P003,Sprite,Beverages,High,28.1,25.0,32.0,65,0.0,6.3,1011.9,35,3,1,22,0,25.0,26.43,26.43
2026-01-23,S001,P003,Sprite,Beverages,High,27.6,23.0,32.0,69,0.0,6.0,1012.8,23,4,1,23,0,35.0,28.71,28.71
2026-01-24,S001,P003,Sprite,Beverages,High,27.8,24.0,32.0,72,0.0,5.6,1013.0,38,5,1,24,1,23.0,29.57,29.57
2026-01-25,S001,P003,Sprite,Beverages,High,28.6,26.0,31.0,77,0.0,6.1,1011.8,19,6,1,25,1,38.0,29.86,29.86
2026-01-26,S001,P003,Sprite,Beverages,High,28.9,25.0,32.0,77,0.0,7.4,1012.6,19,0,1,26,0,19.0,27.14,27.14
2026-01-27,S001,P003,Sprite,Beverages,High,29.1,26.0,32.0,76,0.0,5.5,1013.5,25,1,1,27,0,19.0,25.86,25.86
2026-01-28,S001,P003,Sprite,Beverages,High,28.8,26.0,32.0,69,0.0,3.3,1012.6,28,2,1,28,0,25.0,26.29,26.29
2026-01-29,S001,P003,Sprite,Beverages,High,28.3,25.0,32.7,68,0.0,2.9,1012.3,20,3,1,29,0,28.0,26.71,26.71
2026-01-30,S001,P003,Sprite,Beverages,High,27.2,23.1,32.3,70,0.0,2.4,1013.2,24,4,1,30,0,20.0,24.57,24.57
2026-01-31,S001,P003,Sprite,Beverages,High,27.0,22.5,32.0,70,0.0,2.4,1013.0,36,5,1,31,1,24.0,24.71,24.71
2026-02-01,S001,P003,Sprite,Beverages,High,27.4,23.0,32.2,71,0.0,2.5,1012.7,23,6,2,1,1,36.0,24.43,24.43
2026-02-02,S001,P003,Sprite,Beverages,High,27.8,24.1,32.3,74,0.0,2.1,1012.9,25,0,2,2,0,23.0,25.0,25.0
2026-02-03,S001,P003,Sprite,Beverages,High,27.9,24.4,32.3,74,0.0,2.1,1012.5,38,1,2,3,0,25.0,25.86,25.86
2026-02-04,S001,P003,Sprite,Beverages,High,27.9,24.2,32.4,72,0.0,2.2,1012.8,25,2,2,4,0,38.0,27.71,27.71
2026-02-05,S001,P003,Sprite,Beverages,High,28.1,24.2,32.7,71,0.0,2.5,1012.9,30,3,2,5,0,25.0,27.29,27.29
2026-02-06,S001,P003,Sprite,Beverages,High,27.9,24.0,32.5,71,0.0,2.3,1012.9,35,4,2,6,0,30.0,28.71,28.71
2026-02-07,S001,P003,Sprite,Beverages,High,27.8,23.9,32.5,70,0.0,2.4,1012.6,32,5,2,7,1,35.0,30.29,30.29
2026-01-01,S001,P004,Fruit Juice,Beverages,High,29.2,25.0,32.0,71,0.0,8.8,1010.2,23,3,1,1,0,36.0,28.0,28.0
2026-01-02,S001,P004,Fruit Juice,Beverages,High,28.2,26.0,31.0,71,0.0,5.3,1011.5,11,4,1,2,0,23.0,27.71,27.71
2026-01-03,S001,P004,Fruit Juice,Beverages,High,28.3,25.0,32.0,76,0.0,5.5,1011.3,38,5,1,3,1,11.0,26.71,26.71
2026-01-04,S001,P004,Fruit Juice,Beverages,High,28.5,25.0,33.0,67,0.0,6.2,1011.3,37,6,1,4,1,38.0,26.71,26.71
2026-01-05,S001,P004,Fruit Juice,Beverages,High,27.8,24.0,32.0,69,0.0,4.9,1011.4,22,0,1,5,0,37.0,27.29,27.29
2026-01-06,S001,P004,Fruit Juice,Beverages,High,28.4,25.0,32.0,70,0.0,5.8,1011.8,39,1,1,6,0,22.0,27.57,27.57
2026-01-07,S001,P004,Fruit Juice,Beverages,High,28.8,25.0,32.0,64,0.0,5.5,1012.0,25,2,1,7,0,39.0,29.43,29.43
2026-01-08,S001,P004,Fruit Juice,Beverages,High,27.9,25.0,31.0,57,0.0,6.4,1012.0,13,3,1,8,0,25.0,27.86,27.86
2026-01-09,S001,P004,Fruit Juice,Beverages,High,27.5,24.0,31.0,65,0.0,5.2,1011.5,13,4,1,9,0,13.0,26.43,26.43
2026-01-10,S001,P004,Fruit Juice,Beverages,High,27.8,24.0,31.0,73,0.0,5.4,1011.0,37,5,1,10,1,13.0,26.71,26.71
2026-01-11,S001,P004,Fruit Juice,Beverages,High,28.1,25.0,32.0,76,0.0,6.2,1012.2,21,6,1,11,1,37.0,26.57,26.57
2026-01-12,S001,P004,Fruit Juice,Beverages,High,28.5,25.0,32.0,75,0.0,4.4,1013.0,23,0,1,12,0,21.0,24.29,24.29
2026-01-13,S001,P004,Fruit Juice,Beverages,High,28.5,26.0,32.0,78,0.0,4.7,1013.6,37,1,1,13,0,23.0,24.43,24.43
2026-01-14,S001,P004,Fruit Juice,Beverages,High,28.5,25.0,32.0,78,0.0,4.8,1012.7,38,2,1,14,0,37.0,24.14,24.14
2026-01-15,S001,P004,Fruit Juice,Beverages,High,28.5,26.0,31.0,77,0.0,6.4,1011.2,26,3,1,15,0,38.0,26.0,26.0
2026-01-16,S001,P004,Fruit Juice,Beverages,High,28.2,25.0,31.0,75,0.0,6.0,1011.3,25,4,1,16,0,26.0,27.86,27.86
2026-01-17,S001,P004,Fruit Juice,Beverages,High,28.3,24.0,32.0,69,0.0,6.5,1010.4,29,5,1,17,1,25.0,29.57,29.57
2026-01-18,S001,P004,Fruit Juice,Beverages,High,27.8,25.0,31.0,71,0.0,8.4,1009.8,38,6,1,18,1,29.0,28.43,28.43
2026-01-19,S001,P004,Fruit Juice,Beverages,High,28.0,25.0,31.0,72,0.0,6.9,1011.0,20,0,1,19,0,38.0,30.86,30.86
2026-01-20,S001,P004,Fruit Juice,Beverages,High,28.1,25.0,32.0,73,0.0,6.2,1010.6,20,1,1,20,0,20.0,30.43,30.43
2026-01-21,S001,P004,Fruit Juice,Beverages,High,28.0,24.0,31.0,72,0.0,6.5,1011.1,26,2,1,21,0,20.0,28.0,28.0
2026-01-22,S001,P004,Fruit Juice,Beverages,High,28.1,25.0,32.0,65,0.0,6.3,1011.9,32,3,1,22,0,26.0,26.29,26.29
2026-01-23,S001,P004,Fruit Juice,Beverages,High,27.6,23.0,32.0,69,0.0,6.0,1012.8,32,4,1,23,0,32.0,27.14,27.14
2026-01-24,S001,P004,Fruit Juice,Beverages,High,27.8,24.0,32.0,72,0.0,5.6,1013.0,25,5,1,24,1,32.0,28.14,28.14
2026-01-25,S001,P004,Fruit Juice,Beverages,High,28.6,26.0,31.0,77,0.0,6.1,1011.8,24,6,1,25,1,25.0,27.57,27.57
2026-01-26,S001,P004,Fruit Juice,Beverages,High,28.9,25.0,32.0,77,0.0,7.4,1012.6,24,0,1,26,0,24.0,25.57,25.57
2026-01-27,S001,P004,Fruit Juice,Beverages,High,29.1,26.0,32.0,76,0.0,5.5,1013.5,18,1,1,27,0,24.0,26.14,26.14
2026-01-28,S001,P004,Fruit Juice,Beverages,High,28.8,26.0,32.0,69,0.0,3.3,1012.6,31,2,1,28,0,18.0,25.86,25.86
2026-01-29,S001,P004,Fruit Juice,Beverages,High,28.3,25.0,32.7,68,0.0,2.9,1012.3,20,3,1,29,0,31.0,26.57,26.57
2026-01-30,S001,P004,Fruit Juice,Beverages,High,27.2,23.1,32.3,70,0.0,2.4,1013.2,35,4,1,30,0,20.0,24.86,24.86
2026-01-31,S001,P004,Fruit Juice,Beverages,High,27.0,22.5,32.0,70,0.0,2.4,1013.0,33,5,1,31,1,35.0,25.29,25.29
2026-02-01,S001,P004,Fruit Juice,Beverages,High,27.4,23.0,32.2,71,0.0,2.5,1012.7,39,6,2,1,1,33.0,26.43,26.43
2026-02-02,S001,P004,Fruit Juice,Beverages,High,27.8,24.1,32.3,74,0.0,2.1,1012.9,16,0,2,2,0,39.0,28.57,28.57
2026-02-03,S001,P004,Fruit Juice,Beverages,High,27.9,24.4,32.3,74,0.0,2.1,1012.5,31,1,2,3,0,16.0,27.43,27.43
2026-02-04,S001,P004,Fruit Juice,Beverages,High,27.9,24.2,32.4,72,0.0,2.2,1012.8,18,2,2,4,0,31.0,29.29,29.29
2026-02-05,S001,P004,Fruit Juice,Beverages,High,28.1,24.2,32.7,71,0.0,2.5,1012.9,19,3,2,5,0,18.0,27.43,27.43
2026-02-06,S001,P004,Fruit Juice,Beverages,High,27.9,24.0,32.5,71,0.0,2.3,1012.9,24,4,2,6,0,19.0,27.29,27.29
2026-02-07,S001,P004,Fruit Juice,Beverages,High,27.8,23.9,32.5,70,0.0,2.4,1012.6,40,5,2,7,1,24.0,25.71,25.71
2026-01-01,S001,P005,Packaged Drinking Water,Beverages,High,29.2,25.0,32.0,71,0.0,8.8,1010.2,25,3,1,1,0,28.0,26.86,26.86
2026-01-02,S001,P005,Packaged Drinking Water,Beverages,High,28.2,26.0,31.0,71,0.0,5.3,1011.5,40,4,1,2,0,25.0,27.0,27.0
2026-01-03,S001,P005,Packaged Drinking Water,Beverages,High,28.3,25.0,32.0,76,0.0,5.5,1011.3,31,5,1,3,1,40.0,28.86,28.86
2026-01-04,S001,P005,Packaged Drinking Water,Beverages,High,28.5,25.0,33.0,67,0.0,6.2,1011.3,39,6,1,4,1,31.0,28.0,28.0
2026-01-05,S001,P005,Packaged Drinking Water,Beverages,High,27.8,24.0,32.0,69,0.0,4.9,1011.4,19,0,1,5,0,39.0,29.86,29.86
2026-01-06,S001,P005,Packaged Drinking Water,Beverages,High,28.4,25.0,32.0,70,0.0,5.8,1011.8,30,1,1,6,0,19.0,29.57,29.57
2026-01-07,S001,P005,Packaged Drinking Water,Beverages,High,28.8,25.0,32.0,64,0.0,5.5,1012.0,41,2,1,7,0,30.0,30.29,30.29
2026-01-08,S001,P005,Packaged Drinking Water,Beverages,High,27.9,25.0,31.0,57,0.0,6.4,1012.0,18,3,1,8,0,41.0,32.14,32.14
2026-01-09,S001,P005,Packaged Drinking Water,Beverages,High,27.5,24.0,31.0,65,0.0,5.2,1011.5,28,4,1,9,0,18.0,31.14,31.14
2026-01-10,S001,P005,Packaged Drinking Water,Beverages,High,27.8,24.0,31.0,73,0.0,5.4,1011.0,21,5,1,10,1,28.0,29.43,29.43
2026-01-11,S001,P005,Packaged Drinking Water,Beverages,High,28.1,25.0,32.0,76,0.0,6.2,1012.2,28,6,1,11,1,21.0,28.0,28.0
2026-01-12,S001,P005,Packaged Drinking Water,Beverages,High,28.5,25.0,32.0,75,0.0,4.4,1013.0,20,0,1,12,0,28.0,26.43,26.43
2026-01-13,S001,P005,Packaged Drinking Water,Beverages,High,28.5,26.0,32.0,78,0.0,4.7,1013.6,29,1,1,13,0,20.0,26.57,26.57
2026-01-14,S001,P005,Packaged Drinking Water,Beverages,High,28.5,25.0,32.0,78,0.0,4.8,1012.7,37,2,1,14,0,29.0,26.43,26.43
2026-01-15,S001,P005,Packaged Drinking Water,Beverages,High,28.5,26.0,31.0,77,0.0,6.4,1011.2,30,3,1,15,0,37.0,25.86,25.86
2026-01-16,S001,P005,Packaged Drinking Water,Beverages,High,28.2,25.0,31.0,75,0.0,6.0,1011.3,19,4,1,16,0,30.0,27.57,27.57
2026-01-17,S001,P005,Packaged Drinking Water,Beverages,High,28.3,24.0,32.0,69,0.0,6.5,1010.4,28,5,1,17,1,19.0,26.29,26.29
2026-01-18,S001,P005,Packaged Drinking Water,Beverages,High,27.8,25.0,31.0,71,0.0,8.4,1009.8,14,6,1,18,1,28.0,27.29,27.29
2026-01-19,S001,P005,Packaged Drinking Water,Beverages,High,28.0,25.0,31.0,72,0.0,6.9,1011.0,32,0,1,19,0,14.0,25.29,25.29
2026-01-20,S001,P005,Packaged Drinking Water,Beverages,High,28.1,25.0,32.0,73,0.0,6.2,1010.6,27,1,1,20,0,32.0,27.0,27.0
2026-01-21,S001,P005,Packaged Drinking Water,Beverages,High,28.0,24.0,31.0,72,0.0,6.5,1011.1,29,2,1,21,0,27.0,26.71,26.71
2026-01-22,S001,P005,Packaged Drinking Water,Beverages,High,28.1,25.0,32.0,65,0.0,6.3,1011.9,33,3,1,22,0,29.0,25.57,25.57
2026-01-23,S001,P005,Packaged Drinking Water,Beverages,High,27.6,23.0,32.0,69,0.0,6.0,1012.8,28,4,1,23,0,33.0,26.0,26.0
2026-01-24,S001,P005,Packaged Drinking Water,Beverages,High,27.8,24.0,32.0,72,0.0,5.6,1013.0,23,5,1,24,1,28.0,27.29,27.29
2026-01-25,S001,P005,Packaged Drinking Water,Beverages,High,28.6,26.0,31.0,77,0.0,6.1,1011.8,29,6,1,25,1,23.0,26.57,26.57
2026-01-26,S001,P005,Packaged Drinking Water,Beverages,High,28.9,25.0,32.0,77,0.0,7.4,1012.6,19,0,1,26,0,29.0,28.71,28.71
2026-01-27,S001,P005,Packaged Drinking Water,Beverages,High,29.1,26.0,32.0,76,0.0,5.5,1013.5,36,1,1,27,0,19.0,26.86,26.86
2026-01-28,S001,P005,Packaged Drinking Water,Beverages,High,28.8,26.0,32.0,69,0.0,3.3,1012.6,25,2,1,28,0,36.0,28.14,28.14
2026-01-29,S001,P005,Packaged Drinking Water,Beverages,High,28.3,25.0,32.7,68,0.0,2.9,1012.3,20,3,1,29,0,25.0,27.57,27.57
2026-01-30,S001,P005,Packaged Drinking Water,Beverages,High,27.2,23.1,32.3,70,0.0,2.4,1013.2,33,4,1,30,0,20.0,25.71,25.71
2026-01-31,S001,P005,Packaged Drinking Water,Beverages,High,27.0,22.5,32.0,70,0.0,2.4,1013.0,34,5,1,31,1,33.0,26.43,26.43
2026-02-01,S001,P005,Packaged Drinking Water,Beverages,High,27.4,23.0,32.2,71,0.0,2.5,1012.7,35,6,2,1,1,34.0,28.0,28.0
2026-02-02,S001,P005,Packaged Drinking Water,Beverages,High,27.8,24.1,32.3,74,0.0,2.1,1012.9,27,0,2,2,0,35.0,28.86,28.86
2026-02-03,S001,P005,Packaged Drinking Water,Beverages,High,27.9,24.4,32.3,74,0.0,2.1,1012.5,33,1,2,3,0,27.0,30.0,30.0
2026-02-04,S001,P005,Packaged Drinking Water,Beverages,High,27.9,24.2,32.4,72,0.0,2.2,1012.8,36,2,2,4,0,33.0,29.57,29.57
2026-02-05,S001,P005,Packaged Drinking Water,Beverages,High,28.1,24.2,32.7,71,0.0,2.5,1012.9,21,3,2,5,0,36.0,31.14,31.14
2026-02-06,S001,P005,Packaged Drinking Water,Beverages,High,27.9,24.0,32.5,71,0.0,2.3,1012.9,40,4,2,6,0,21.0,31.29,31.29
2026-02-07,S001,P005,Packaged Drinking Water,Beverages,High,27.8,23.9,32.5,70,0.0,2.4,1012.6,37,5,2,7,1,40.0,32.29,32.29
2026-01-01,S001,P006,Energy Drink,Beverages,High,29.2,25.0,32.0,71,0.0,8.8,1010.2,33,3,1,1,0,29.0,34.57,34.57
2026-01-02,S001,P006,Energy Drink,Beverages,High,28.2,26.0,31.0,71,0.0,5.3,1011.5,19,4,1,2,0,33.0,33.71,33.71
2026-01-03,S001,P006,Energy Drink,Beverages,High,28.3,25.0,32.0,76,0.0,5.5,1011.3,31,5,1,3,1,19.0,30.71,30.71
2026-01-04,S001,P006,Energy Drink,Beverages,High,28.5,25.0,33.0,67,0.0,6.2,1011.3,27,6,1,4,1,31.0,30.86,30.86
2026-01-05,S001,P006,Energy Drink,Beverages,High,27.8,24.0,32.0,69,0.0,4.9,1011.4,16,0,1,5,0,27.0,30.29,30.29
2026-01-06,S001,P006,Energy Drink,Beverages,High,28.4,25.0,32.0,70,0.0,5.8,1011.8,34,1,1,6,0,16.0,27.57,27.57
2026-01-07,S001,P006,Energy Drink,Beverages,High,28.8,25.0,32.0,64,0.0,5.5,1012.0,22,2,1,7,0,34.0,27.0,27.0
2026-01-08,S001,P006,Energy Drink,Beverages,High,27.9,25.0,31.0,57,0.0,6.4,1012.0,32,3,1,8,0,22.0,26.0,26.0
2026-01-09,S001,P006,Energy Drink,Beverages,High,27.5,24.0,31.0,65,0.0,5.2,1011.5,16,4,1,9,0,32.0,25.86,25.86
2026-01-10,S001,P006,Energy Drink,Beverages,High,27.8,24.0,31.0,73,0.0,5.4,1011.0,19,5,1,10,1,16.0,25.43,25.43
2026-01-11,S001,P006,Energy Drink,Beverages,High,28.1,25.0,32.0,76,0.0,6.2,1012.2,25,6,1,11,1,19.0,23.71,23.71
2026-01-12,S001,P006,Energy Drink,Beverages,High,28.5,25.0,32.0,75,0.0,4.4,1013.0,34,0,1,12,0,25.0,23.43,23.43
2026-01-13,S001,P006,Energy Drink,Beverages,High,28.5,26.0,32.0,78,0.0,4.7,1013.6,19,1,1,13,0,34.0,26.0,26.0
2026-01-14,S001,P006,Energy Drink,Beverages,High,28.5,25.0,32.0,78,0.0,4.8,1012.7,38,2,1,14,0,19.0,23.86,23.86
2026-01-15,S001,P006,Energy Drink,Beverages,High,28.5,26.0,31.0,77,0.0,6.4,1011.2,33,3,1,15,0,38.0,26.14,26.14
2026-01-16,S001,P006,Energy Drink,Beverages,High,28.2,25.0,31.0,75,0.0,6.0,1011.3,25,4,1,16,0,33.0,26.29,26.29
2026-01-17,S001,P006,Energy Drink,Beverages,High,28.3,24.0,32.0,69,0.0,6.5,1010.4,21,5,1,17,1,25.0,27.57,27.57
2026-01-18,S001,P006,Energy Drink,Beverages,High,27.8,25.0,31.0,71,0.0,8.4,1009.8,26,6,1,18,1,21.0,27.86,27.86
2026-01-19,S001,P006,Energy Drink,Beverages,High,28.0,25.0,31.0,72,0.0,6.9,1011.0,18,0,1,19,0,26.0,28.0,28.0
2026-01-20,S001,P006,Energy Drink,Beverages,High,28.1,25.0,32.0,73,0.0,6.2,1010.6,41,1,1,20,0,18.0,25.71,25.71
2026-01-21,S001,P006,Energy Drink,Beverages,High,28.0,24.0,31.0,72,0.0,6.5,1011.1,23,2,1,21,0,41.0,28.86,28.86
2026-01-22,S001,P006,Energy Drink,Beverages,High,28.1,25.0,32.0,65,0.0,6.3,1011.9,22,3,1,22,0,23.0,26.71,26.71
2026-01-23,S001,P006,Energy Drink,Beverages,High,27.6,23.0,32.0,69,0.0,6.0,1012.8,35,4,1,23,0,22.0,25.14,25.14
2026-01-24,S001,P006,Energy Drink,Beverages,High,27.8,24.0,32.0,72,0.0,5.6,1013.0,29,5,1,24,1,35.0,26.57,26.57
2026-01-25,S001,P006,Energy Drink,Beverages,High,28.6,26.0,31.0,77,0.0,6.1,1011.8,27,6,1,25,1,29.0,27.71,27.71
2026-01-26,S001,P006,Energy Drink,Beverages,High,28.9,25.0,32.0,77,0.0,7.4,1012.6,25,0,1,26,0,27.0,27.86,27.86
2026-01-27,S001,P006,Energy Drink,Beverages,High,29.1,26.0,32.0,76,0.0,5.5,1013.5,32,1,1,27,0,25.0,28.86,28.86
2026-01-28,S001,P006,Energy Drink,Beverages,High,28.8,26.0,32.0,69,0.0,3.3,1012.6,29,2,1,28,0,32.0,27.57,27.57
2026-01-29,S001,P006,Energy Drink,Beverages,High,28.3,25.0,32.7,68,0.0,2.9,1012.3,35,3,1,29,0,29.0,28.43,28.43
2026-01-30,S001,P006,Energy Drink,Beverages,High,27.2,23.1,32.3,70,0.0,2.4,1013.2,37,4,1,30,0,35.0,30.29,30.29
2026-01-31,S001,P006,Energy Drink,Beverages,High,27.0,22.5,32.0,70,0.0,2.4,1013.0,33,5,1,31,1,37.0,30.57,30.57
2026-02-01,S001,P006,Energy Drink,Beverages,High,27.4,23.0,32.2,71,0.0,2.5,1012.7,27,6,2,1,1,33.0,31.14,31.14
2026-02-02,S001,P006,Energy Drink,Beverages,High,27.8,24.1,32.3,74,0.0,2.1,1012.9,36,0,2,2,0,27.0,31.14,31.14
2026-02-03,S001,P006,Energy Drink,Beverages,High,27.9,24.4,32.3,74,0.0,2.1,1012.5,40,1,2,3,0,36.0,32.71,32.71
2026-02-04,S001,P006,Energy Drink,Beverages,High,27.9,24.2,32.4,72,0.0,2.2,1012.8,28,2,2,4,0,40.0,33.86,33.86
2026-02-05,S001,P006,Energy Drink,Beverages,High,28.1,24.2,32.7,71,0.0,2.5,1012.9,28,3,2,5,0,28.0,33.71,33.71
2026-02-06,S001,P006,Energy Drink,Beverages,High,27.9,24.0,32.5,71,0.0,2.3,1012.9,31,4,2,6,0,28.0,32.71,32.71
2026-02-07,S001,P006,Energy Drink,Beverages,High,27.8,23.9,32.5,70,0.0,2.4,1012.6,24,5,2,7,1,31.0,31.86,31.86
2026-01-01,S001,P007,Lemon Juice,Beverages,High,29.2,25.0,32.0,71,0.0,8.8,1010.2,30,3,1,1,0,18.0,32.29,32.29
2026-01-02,S001,P007,Lemon Juice,Beverages,High,28.2,26.0,31.0,71,0.0,5.3,1011.5,29,4,1,2,0,30.0,32.86,32.86
2026-01-03,S001,P007,Lemon Juice,Beverages,High,28.3,25.0,32.0,76,0.0,5.5,1011.3,45,5,1,3,1,29.0,32.43,32.43
2026-01-04,S001,P007,Lemon Juice,Beverages,High,28.5,25.0,33.0,67,0.0,6.2,1011.3,36,6,1,4,1,45.0,33.86,33.86
2026-01-05,S001,P007,Lemon Juice,Beverages,High,27.8,24.0,32.0,69,0.0,4.9,1011.4,32,0,1,5,0,36.0,33.57,33.57
2026-01-06,S001,P007,Lemon Juice,Beverages,High,28.4,25.0,32.0,70,0.0,5.8,1011.8,37,1,1,6,0,32.0,32.57,32.57
2026-01-07,S001,P007,Lemon Juice,Beverages,High,28.8,25.0,32.0,64,0.0,5.5,1012.0,23,2,1,7,0,37.0,32.43,32.43
2026-01-08,S001,P007,Lemon Juice,Beverages,High,27.9,25.0,31.0,57,0.0,6.4,1012.0,31,3,1,8,0,23.0,33.14,33.14
2026-01-09,S001,P007,Lemon Juice,Beverages,High,27.5,24.0,31.0,65,0.0,5.2,1011.5,26,4,1,9,0,31.0,33.29,33.29
2026-01-10,S001,P007,Lemon Juice,Beverages,High,27.8,24.0,31.0,73,0.0,5.4,1011.0,17,5,1,10,1,26.0,32.86,32.86
2026-01-11,S001,P007,Lemon Juice,Beverages,High,28.1,25.0,32.0,76,0.0,6.2,1012.2,30,6,1,11,1,17.0,28.86,28.86
2026-01-12,S001,P007,Lemon Juice,Beverages,High,28.5,25.0,32.0,75,0.0,4.4,1013.0,39,0,1,12,0,30.0,28.0,28.0
2026-01-13,S001,P007,Lemon Juice,Beverages,High,28.5,26.0,32.0,78,0.0,4.7,1013.6,31,1,1,13,0,39.0,29.0,29.0
2026-01-14,S001,P007,Lemon Juice,Beverages,High,28.5,25.0,32.0,78,0.0,4.8,1012.7,19,2,1,14,0,31.0,28.14,28.14
2026-01-15,S001,P007,Lemon Juice,Beverages,High,28.5,26.0,31.0,77,0.0,6.4,1011.2,38,3,1,15,0,19.0,27.57,27.57
2026-01-16,S001,P007,Lemon Juice,Beverages,High,28.2,25.0,31.0,75,0.0,6.0,1011.3,29,4,1,16,0,38.0,28.57,28.57
2026-01-17,S001,P007,Lemon Juice,Beverages,High,28.3,24.0,32.0,69,0.0,6.5,1010.4,23,5,1,17,1,29.0,29.0,29.0
2026-01-18,S001,P007,Lemon Juice,Beverages,High,27.8,25.0,31.0,71,0.0,8.4,1009.8,16,6,1,18,1,23.0,29.86,29.86
2026-01-19,S001,P007,Lemon Juice,Beverages,High,28.0,25.0,31.0,72,0.0,6.9,1011.0,27,0,1,19,0,16.0,27.86,27.86
2026-01-20,S001,P007,Lemon Juice,Beverages,High,28.1,25.0,32.0,73,0.0,6.2,1010.6,27,1,1,20,0,27.0,26.14,26.14
2026-01-21,S001,P007,Lemon Juice,Beverages,High,28.0,24.0,31.0,72,0.0,6.5,1011.1,25,2,1,21,0,27.0,25.57,25.57
2026-01-22,S001,P007,Lemon Juice,Beverages,High,28.1,25.0,32.0,65,0.0,6.3,1011.9,27,3,1,22,0,25.0,26.43,26.43
2026-01-23,S001,P007,Lemon Juice,Beverages,High,27.6,23.0,32.0,69,0.0,6.0,1012.8,28,4,1,23,0,27.0,24.86,24.86
2026-01-24,S001,P007,Lemon Juice,Beverages,High,27.8,24.0,32.0,72,0.0,5.6,1013.0,31,5,1,24,1,28.0,24.71,24.71
2026-01-25,S001,P007,Lemon Juice,Beverages,High,28.6,26.0,31.0,77,0.0,6.1,1011.8,43,6,1,25,1,31.0,25.86,25.86
2026-01-26,S001,P007,Lemon Juice,Beverages,High,28.9,25.0,32.0,77,0.0,7.4,1012.6,41,0,1,26,0,43.0,29.71,29.71
2026-01-27,S001,P007,Lemon Juice,Beverages,High,29.1,26.0,32.0,76,0.0,5.5,1013.5,22,1,1,27,0,41.0,31.71,31.71
2026-01-28,S001,P007,Lemon Juice,Beverages,High,28.8,26.0,32.0,69,0.0,3.3,1012.6,33,2,1,28,0,22.0,31.0,31.0
2026-01-29,S001,P007,Lemon Juice,Beverages,High,28.3,25.0,32.7,68,0.0,2.9,1012.3,28,3,1,29,0,33.0,32.14,32.14
2026-01-30,S001,P007,Lemon Juice,Beverages,High,27.2,23.1,32.3,70,0.0,2.4,1013.2,29,4,1,30,0,28.0,32.29,32.29
2026-01-31,S001,P007,Lemon Juice,Beverages,High,27.0,22.5,32.0,70,0.0,2.4,1013.0,30,5,1,31,1,29.0,32.43,32.43
2026-02-01,S001,P007,Lemon Juice,Beverages,High,27.4,23.0,32.2,71,0.0,2.5,1012.7,35,6,2,1,1,30.0,32.29,32.29
2026-02-02,S001,P007,Lemon Juice,Beverages,High,27.8,24.1,32.3,74,0.0,2.1,1012.9,33,0,2,2,0,35.0,31.14,31.14
2026-02-03,S001,P007,Lemon Juice,Beverages,High,27.9,24.4,32.3,74,0.0,2.1,1012.5,35,1,2,3,0,33.0,30.0,30.0
2026-02-04,S001,P007,Lemon Juice,Beverages,High,27.9,24.2,32.4,72,0.0,2.2,1012.8,22,2,2,4,0,35.0,31.86,31.86
2026-02-05,S001,P007,Lemon Juice,Beverages,High,28.1,24.2,32.7,71,0.0,2.5,1012.9,20,3,2,5,0,22.0,30.29,30.29
2026-02-06,S001,P007,Lemon Juice,Beverages,High,27.9,24.0,32.5,71,0.0,2.3,1012.9,32,4,2,6,0,20.0,29.14,29.14
2026-02-07,S001,P007,Lemon Juice,Beverages,High,27.8,23.9,32.5,70,0.0,2.4,1012.6,38,5,2,7,1,32.0,29.57,29.57
2026-01-01,S001,P008,Flavoured Milk,Beverages,Medium,29.2,25.0,32.0,71,0.0,8.8,1010.2,10,3,1,1,0,25.0,25.86,25.86
2026-01-02,S001,P008,Flavoured Milk,Beverages,Medium,28.2,26.0,31.0,71,0.0,5.3,1011.5,25,4,1,2,0,10.0,24.29,24.29
2026-01-03,S001,P008,Flavoured Milk,Beverages,Medium,28.3,25.0,32.0,76,0.0,5.5,1011.3,25,5,1,3,1,25.0,24.43,24.43
2026-01-04,S001,P008,Flavoured Milk,Beverages,Medium,28.5,25.0,33.0,67,0.0,6.2,1011.3,24,6,1,4,1,25.0,25.29,25.29
2026-01-05,S001,P008,Flavoured Milk,Beverages,Medium,27.8,24.0,32.0,69,0.0,4.9,1011.4,25,0,1,5,0,24.0,25.14,25.14
2026-01-06,S001,P008,Flavoured Milk,Beverages,Medium,28.4,25.0,32.0,70,0.0,5.8,1011.8,32,1,1,6,0,25.0,24.14,24.14
2026-01-07,S001,P008,Flavoured Milk,Beverages,Medium,28.8,25.0,32.0,64,0.0,5.5,1012.0,25,2,1,7,0,32.0,23.71,23.71
2026-01-08,S001,P008,Flavoured Milk,Beverages,Medium,27.9,25.0,31.0,57,0.0,6.4,1012.0,9,3,1,8,0,25.0,23.71,23.71
2026-01-09,S001,P008,Flavoured Milk,Beverages,Medium,27.5,24.0,31.0,65,0.0,5.2,1011.5,28,4,1,9,0,9.0,23.57,23.57
2026-01-10,S001,P008,Flavoured Milk,Beverages,Medium,27.8,24.0,31.0,73,0.0,5.4,1011.0,28,5,1,10,1,28.0,24.0,24.0
2026-01-11,S001,P008,Flavoured Milk,Beverages,Medium,28.1,25.0,32.0,76,0.0,6.2,1012.2,28,6,1,11,1,28.0,24.43,24.43
2026-01-12,S001,P008,Flavoured Milk,Beverages,Medium,28.5,25.0,32.0,75,0.0,4.4,1013.0,14,0,1,12,0,28.0,25.0,25.0
2026-01-13,S001,P008,Flavoured Milk,Beverages,Medium,28.5,26.0,32.0,78,0.0,4.7,1013.6,24,1,1,13,0,14.0,23.43,23.43
2026-01-14,S001,P008,Flavoured Milk,Beverages,Medium,28.5,25.0,32.0,78,0.0,4.8,1012.7,25,2,1,14,0,24.0,22.29,22.29
2026-01-15,S001,P008,Flavoured Milk,Beverages,Medium,28.5,26.0,31.0,77,0.0,6.4,1011.2,16,3,1,15,0,25.0,22.29,22.29
2026-01-16,S001,P008,Flavoured Milk,Beverages,Medium,28.2,25.0,31.0,75,0.0,6.0,1011.3,11,4,1,16,0,16.0,23.29,23.29
2026-01-17,S001,P008,Flavoured Milk,Beverages,Medium,28.3,24.0,32.0,69,0.0,6.5,1010.4,25,5,1,17,1,11.0,20.86,20.86
2026-01-18,S001,P008,Flavoured Milk,Beverages,Medium,27.8,25.0,31.0,71,0.0,8.4,1009.8,29,6,1,18,1,25.0,20.43,20.43
2026-01-19,S001,P008,Flavoured Milk,Beverages,Medium,28.0,25.0,31.0,72,0.0,6.9,1011.0,14,0,1,19,0,29.0,20.57,20.57
2026-01-20,S001,P008,Flavoured Milk,Beverages,Medium,28.1,25.0,32.0,73,0.0,6.2,1010.6,32,1,1,20,0,14.0,20.57,20.57
2026-01-21,S001,P008,Flavoured Milk,Beverages,Medium,28.0,24.0,31.0,72,0.0,6.5,1011.1,15,2,1,21,0,32.0,21.71,21.71
2026-01-22,S001,P008,Flavoured Milk,Beverages,Medium,28.1,25.0,32.0,65,0.0,6.3,1011.9,26,3,1,22,0,15.0,20.29,20.29
2026-01-23,S001,P008,Flavoured Milk,Beverages,Medium,27.6,23.0,32.0,69,0.0,6.0,1012.8,15,4,1,23,0,26.0,21.71,21.71
2026-01-24,S001,P008,Flavoured Milk,Beverages,Medium,27.8,24.0,32.0,72,0.0,5.6,1013.0,40,5,1,24,1,15.0,22.29,22.29
2026-01-25,S001,P008,Flavoured Milk,Beverages,Medium,28.6,26.0,31.0,77,0.0,6.1,1011.8,15,6,1,25,1,40.0,24.43,24.43
2026-01-26,S001,P008,Flavoured Milk,Beverages,Medium,28.9,25.0,32.0,77,0.0,7.4,1012.6,33,0,1,26,0,15.0,22.43,22.43
2026-01-27,S001,P008,Flavoured Milk,Beverages,Medium,29.1,26.0,32.0,76,0.0,5.5,1013.5,16,1,1,27,0,33.0,25.14,25.14
2026-01-28,S001,P008,Flavoured Milk,Beverages,Medium,28.8,26.0,32.0,69,0.0,3.3,1012.6,29,2,1,28,0,16.0,22.86,22.86
2026-01-29,S001,P008,Flavoured Milk,Beverages,Medium,28.3,25.0,32.7,68,0.0,2.9,1012.3,27,3,1,29,0,29.0,24.86,24.86
2026-01-30,S001,P008,Flavoured Milk,Beverages,Medium,27.2,23.1,32.3,70,0.0,2.4,1013.2,32,4,1,30,0,27.0,25.0,25.0
2026-01-31,S001,P008,Flavoured Milk,Beverages,Medium,27.0,22.5,32.0,70,0.0,2.4,1013.0,40,5,1,31,1,32.0,27.43,27.43
2026-02-01,S001,P008,Flavoured Milk,Beverages,Medium,27.4,23.0,32.2,71,0.0,2.5,1012.7,19,6,2,1,1,40.0,27.43,27.43
2026-02-02,S001,P008,Flavoured Milk,Beverages,Medium,27.8,24.1,32.3,74,0.0,2.1,1012.9,37,0,2,2,0,19.0,28.0,28.0
2026-02-03,S001,P008,Flavoured Milk,Beverages,Medium,27.9,24.4,32.3,74,0.0,2.1,1012.5,21,1,2,3,0,37.0,28.57,28.57
2026-02-04,S001,P008,Flavoured Milk,Beverages,Medium,27.9,24.2,32.4,72,0.0,2.2,1012.8,19,2,2,4,0,21.0,29.29,29.29
2026-02-05,S001,P008,Flavoured Milk,Beverages,Medium,28.1,24.2,32.7,71,0.0,2.5,1012.9,34,3,2,5,0,19.0,27.86,27.86
2026-02-06,S001,P008,Flavoured Milk,Beverages,Medium,27.9,24.0,32.5,71,0.0,2.3,1012.9,31,4,2,6,0,34.0,28.86,28.86
2026-02-07,S001,P008,Flavoured Milk,Beverages,Medium,27.8,23.9,32.5,70,0.0,2.4,1012.6,19,5,2,7,1,31.0,28.71,28.71
2026-01-01,S001,P009,Vanilla Ice Cream,Ice Cream & Frozen,Very High,29.2,25.0,32.0,71,0.0,8.8,1010.2,38,3,1,1,0,34.0,35.14,35.14
2026-01-02,S001,P009,Vanilla Ice Cream,Ice Cream & Frozen,Very High,28.2,26.0,31.0,71,0.0,5.3,1011.5,35,4,1,2,0,38.0,36.57,36.57
2026-01-03,S001,P009,Vanilla Ice Cream,Ice Cream & Frozen,Very High,28.3,25.0,32.0,76,0.0,5.5,1011.3,47,5,1,3,1,35.0,36.86,36.86
2026-01-04,S001,P009,Vanilla Ice Cream,Ice Cream & Frozen,Very High,28.5,25.0,33.0,67,0.0,6.2,1011.3,40,6,1,4,1,47.0,37.71,37.71
2026-01-05,S001,P009,Vanilla Ice Cream,Ice Cream & Frozen,Very High,27.8,24.0,32.0,69,0.0,4.9,1011.4,31,0,1,5,0,40.0,36.86,36.86
2026-01-06,S001,P009,Vanilla Ice Cream,Ice Cream & Frozen,Very High,28.4,25.0,32.0,70,0.0,5.8,1011.8,30,1,1,6,0,31.0,36.43,36.43
2026-01-07,S001,P009,Vanilla Ice Cream,Ice Cream & Frozen,Very High,28.8,25.0,32.0,64,0.0,5.5,1012.0,49,2,1,7,0,30.0,36.43,36.43
2026-01-08,S001,P009,Vanilla Ice Cream,Ice Cream & Frozen,Very High,27.9,25.0,31.0,57,0.0,6.4,1012.0,23,3,1,8,0,49.0,38.57,38.57
2026-01-09,S001,P009,Vanilla Ice Cream,Ice Cream & Frozen,Very High,27.5,24.0,31.0,65,0.0,5.2,1011.5,24,4,1,9,0,23.0,36.43,36.43
2026-01-10,S001,P009,Vanilla Ice Cream,Ice Cream & Frozen,Very High,27.8,24.0,31.0,73,0.0,5.4,1011.0,42,5,1,10,1,24.0,34.86,34.86
2026-01-11,S001,P009,Vanilla Ice Cream,Ice Cream & Frozen,Very High,28.1,25.0,32.0,76,0.0,6.2,1012.2,53,6,1,11,1,42.0,34.14,34.14
2026-01-12,S001,P009,Vanilla Ice Cream,Ice Cream & Frozen,Very High,28.5,25.0,32.0,75,0.0,4.4,1013.0,35,0,1,12,0,53.0,36.0,36.0
2026-01-13,S001,P009,Vanilla Ice Cream,Ice Cream & Frozen,Very High,28.5,26.0,32.0,78,0.0,4.7,1013.6,23,1,1,13,0,35.0,36.57,36.57
2026-01-14,S001,P009,Vanilla Ice Cream,Ice Cream & Frozen,Very High,28.5,25.0,32.0,78,0.0,4.8,1012.7,36,2,1,14,0,23.0,35.57,35.57
2026-01-15,S001,P009,Vanilla Ice Cream,Ice Cream & Frozen,Very High,28.5,26.0,31.0,77,0.0,6.4,1011.2,17,3,1,15,0,36.0,33.71,33.71
2026-01-16,S001,P009,Vanilla Ice Cream,Ice Cream & Frozen,Very High,28.2,25.0,31.0,75,0.0,6.0,1011.3,37,4,1,16,0,17.0,32.86,32.86
2026-01-17,S001,P009,Vanilla Ice Cream,Ice Cream & Frozen,Very High,28.3,24.0,32.0,69,0.0,6.5,1010.4,41,5,1,17,1,37.0,34.71,34.71
2026-01-18,S001,P009,Vanilla Ice Cream,Ice Cream & Frozen,Very High,27.8,25.0,31.0,71,0.0,8.4,1009.8,25,6,1,18,1,41.0,34.57,34.57
2026-01-19,S001,P009,Vanilla Ice Cream,Ice Cream & Frozen,Very High,28.0,25.0,31.0,72,0.0,6.9,1011.0,23,0,1,19,0,25.0,30.57,30.57
2026-01-20,S001,P009,Vanilla Ice Cream,Ice Cream & Frozen,Very High,28.1,25.0,32.0,73,0.0,6.2,1010.6,32,1,1,20,0,23.0,28.86,28.86
2026-01-21,S001,P009,Vanilla Ice Cream,Ice Cream & Frozen,Very High,28.0,24.0,31.0,72,0.0,6.5,1011.1,30,2,1,21,0,32.0,30.14,30.14
2026-01-22,S001,P009,Vanilla Ice Cream,Ice Cream & Frozen,Very High,28.1,25.0,32.0,65,0.0,6.3,1011.9,30,3,1,22,0,30.0,29.29,29.29
2026-01-23,S001,P009,Vanilla Ice Cream,Ice Cream & Frozen,Very High,27.6,23.0,32.0,69,0.0,6.0,1012.8,30,4,1,23,0,30.0,31.14,31.14
2026-01-24,S001,P009,Vanilla Ice Cream,Ice Cream & Frozen,Very High,27.8,24.0,32.0,72,0.0,5.6,1013.0,28,5,1,24,1,30.0,30.14,30.14
2026-01-25,S001,P009,Vanilla Ice Cream,Ice Cream & Frozen,Very High,28.6,26.0,31.0,77,0.0,6.1,1011.8,31,6,1,25,1,28.0,28.29,28.29
2026-01-26,S001,P009,Vanilla Ice Cream,Ice Cream & Frozen,Very High,28.9,25.0,32.0,77,0.0,7.4,1012.6,37,0,1,26,0,31.0,29.14,29.14
2026-01-27,S001,P009,Vanilla Ice Cream,Ice Cream & Frozen,Very High,29.1,26.0,32.0,76,0.0,5.5,1013.5,33,1,1,27,0,37.0,31.14,31.14
2026-01-28,S001,P009,Vanilla Ice Cream,Ice Cream & Frozen,Very High,28.8,26.0,32.0,69,0.0,3.3,1012.6,31,2,1,28,0,33.0,31.29,31.29
2026-01-29,S001,P009,Vanilla Ice Cream,Ice Cream & Frozen,Very High,28.3,25.0,32.7,68,0.0,2.9,1012.3,40,3,1,29,0,31.0,31.43,31.43
2026-01-30,S001,P009,Vanilla Ice Cream,Ice Cream & Frozen,Very High,27.2,23.1,32.3,70,0.0,2.4,1013.2,29,4,1,30,0,40.0,32.86,32.86
2026-01-31,S001,P009,Vanilla Ice Cream,Ice Cream & Frozen,Very High,27.0,22.5,32.0,70,0.0,2.4,1013.0,45,5,1,31,1,29.0,32.71,32.71
2026-02-01,S001,P009,Vanilla Ice Cream,Ice Cream & Frozen,Very High,27.4,23.0,32.2,71,0.0,2.5,1012.7,42,6,2,1,1,45.0,35.14,35.14
2026-02-02,S001,P009,Vanilla Ice Cream,Ice Cream & Frozen,Very High,27.8,24.1,32.3,74,0.0,2.1,1012.9,41,0,2,2,0,42.0,36.71,36.71
2026-02-03,S001,P009,Vanilla Ice Cream,Ice Cream & Frozen,Very High,27.9,24.4,32.3,74,0.0,2.1,1012.5,41,1,2,3,0,41.0,37.29,37.29
2026-02-04,S001,P009,Vanilla Ice Cream,Ice Cream & Frozen,Very High,27.9,24.2,32.4,72,0.0,2.2,1012.8,40,2,2,4,0,41.0,38.43,38.43
2026-02-05,S001,P009,Vanilla Ice Cream,Ice Cream & Frozen,Very High,28.1,24.2,32.7,71,0.0,2.5,1012.9,38,3,2,5,0,40.0,39.71,39.71
2026-02-06,S001,P009,Vanilla Ice Cream,Ice Cream & Frozen,Very High,27.9,24.0,32.5,71,0.0,2.3,1012.9,43,4,2,6,0,38.0,39.43,39.43
2026-02-07,S001,P009,Vanilla Ice Cream,Ice Cream & Frozen,Very High,27.8,23.9,32.5,70,0.0,2.4,1012.6,37,5,2,7,1,43.0,41.43,41.43
2026-01-01,S001,P010,Chocolate Ice Cream,Ice Cream & Frozen,Very High,29.2,25.0,32.0,71,0.0,8.8,1010.2,32,3,1,1,0,21.0,34.43,34.43
2026-01-02,S001,P010,Chocolate Ice Cream,Ice Cream & Frozen,Very High,28.2,26.0,31.0,71,0.0,5.3,1011.5,23,4,1,2,0,32.0,34.29,34.29
2026-01-03,S001,P010,Chocolate Ice Cream,Ice Cream & Frozen,Very High,28.3,25.0,32.0,76,0.0,5.5,1011.3,38,5,1,3,1,23.0,33.71,33.71
2026-01-04,S001,P010,Chocolate Ice Cream,Ice Cream & Frozen,Very High,28.5,25.0,33.0,67,0.0,6.2,1011.3,40,6,1,4,1,38.0,32.29,32.29
2026-01-05,S001,P010,Chocolate Ice Cream,Ice Cream & Frozen,Very High,27.8,24.0,32.0,69,0.0,4.9,1011.4,37,0,1,5,0,40.0,33.14,33.14
2026-01-06,S001,P010,Chocolate Ice Cream,Ice Cream & Frozen,Very High,28.4,25.0,32.0,70,0.0,5.8,1011.8,41,1,1,6,0,37.0,33.86,33.86
2026-01-07,S001,P010,Chocolate Ice Cream,Ice Cream & Frozen,Very High,28.8,25.0,32.0,64,0.0,5.5,1012.0,32,2,1,7,0,41.0,33.14,33.14
2026-01-08,S001,P010,Chocolate Ice Cream,Ice Cream & Frozen,Very High,27.9,25.0,31.0,57,0.0,6.4,1012.0,21,3,1,8,0,32.0,34.71,34.71
2026-01-09,S001,P010,Chocolate Ice Cream,Ice Cream & Frozen,Very High,27.5,24.0,31.0,65,0.0,5.2,1011.5,39,4,1,9,0,21.0,33.14,33.14
2026-01-10,S001,P010,Chocolate Ice Cream,Ice Cream & Frozen,Very High,27.8,24.0,31.0,73,0.0,5.4,1011.0,18,5,1,10,1,39.0,35.43,35.43
2026-01-11,S001,P010,Chocolate Ice Cream,Ice Cream & Frozen,Very High,28.1,25.0,32.0,76,0.0,6.2,1012.2,39,6,1,11,1,18.0,32.57,32.57
2026-01-12,S001,P010,Chocolate Ice Cream,Ice Cream & Frozen,Very High,28.5,25.0,32.0,75,0.0,4.4,1013.0,35,0,1,12,0,39.0,32.43,32.43
2026-01-13,S001,P010,Chocolate Ice Cream,Ice Cream & Frozen,Very High,28.5,26.0,32.0,78,0.0,4.7,1013.6,37,1,1,13,0,35.0,32.14,32.14
2026-01-14,S001,P010,Chocolate Ice Cream,Ice Cream & Frozen,Very High,28.5,25.0,32.0,78,0.0,4.8,1012.7,24,2,1,14,0,37.0,31.57,31.57
2026-01-15,S001,P010,Chocolate Ice Cream,Ice Cream & Frozen,Very High,28.5,26.0,31.0,77,0.0,6.4,1011.2,20,3,1,15,0,24.0,30.43,30.43
2026-01-16,S001,P010,Chocolate Ice Cream,Ice Cream & Frozen,Very High,28.2,25.0,31.0,75,0.0,6.0,1011.3,36,4,1,16,0,20.0,30.29,30.29
2026-01-17,S001,P010,Chocolate Ice Cream,Ice Cream & Frozen,Very High,28.3,24.0,32.0,69,0.0,6.5,1010.4,32,5,1,17,1,36.0,29.86,29.86
2026-01-18,S001,P010,Chocolate Ice Cream,Ice Cream & Frozen,Very High,27.8,25.0,31.0,71,0.0,8.4,1009.8,44,6,1,18,1,32.0,31.86,31.86
2026-01-19,S001,P010,Chocolate Ice Cream,Ice Cream & Frozen,Very High,28.0,25.0,31.0,72,0.0,6.9,1011.0,24,0,1,19,0,44.0,32.57,32.57
2026-01-20,S001,P010,Chocolate Ice Cream,Ice Cream & Frozen,Very High,28.1,25.0,32.0,73,0.0,6.2,1010.6,34,1,1,20,0,24.0,31.0,31.0
2026-01-21,S001,P010,Chocolate Ice Cream,Ice Cream & Frozen,Very High,28.0,24.0,31.0,72,0.0,6.5,1011.1,33,2,1,21,0,34.0,30.57,30.57
2026-01-22,S001,P010,Chocolate Ice Cream,Ice Cream & Frozen,Very High,28.1,25.0,32.0,65,0.0,6.3,1011.9,26,3,1,22,0,33.0,31.86,31.86
2026-01-23,S001,P010,Chocolate Ice Cream,Ice Cream & Frozen,Very High,27.6,23.0,32.0,69,0.0,6.0,1012.8,28,4,1,23,0,26.0,32.71,32.71
2026-01-24,S001,P010,Chocolate Ice Cream,Ice Cream & Frozen,Very High,27.8,24.0,32.0,72,0.0,5.6,1013.0,43,5,1,24,1,28.0,31.57,31.57
2026-01-25,S001,P010,Chocolate Ice Cream,Ice Cream & Frozen,Very High,28.6,26.0,31.0,77,0.0,6.1,1011.8,34,6,1,25,1,43.0,33.14,33.14
2026-01-26,S001,P010,Chocolate Ice Cream,Ice Cream & Frozen,Very High,28.9,25.0,32.0,77,0.0,7.4,1012.6,23,0,1,26,0,34.0,31.71,31.71
2026-01-27,S001,P010,Chocolate Ice Cream,Ice Cream & Frozen,Very High,29.1,26.0,32.0,76,0.0,5.5,1013.5,35,1,1,27,0,23.0,31.57,31.57
2026-01-28,S001,P010,Chocolate Ice Cream,Ice Cream & Frozen,Very High,28.8,26.0,32.0,69,0.0,3.3,1012.6,23,2,1,28,0,35.0,31.71,31.71
2026-01-29,S001,P010,Chocolate Ice Cream,Ice Cream & Frozen,Very High,28.3,25.0,32.7,68,0.0,2.9,1012.3,27,3,1,29,0,23.0,30.29,30.29
2026-01-30,S001,P010,Chocolate Ice Cream,Ice Cream & Frozen,Very High,27.2,23.1,32.3,70,0.0,2.4,1013.2,24,4,1,30,0,27.0,30.43,30.43
2026-01-31,S001,P010,Chocolate Ice Cream,Ice Cream & Frozen,Very High,27.0,22.5,32.0,70,0.0,2.4,1013.0,40,5,1,31,1,24.0,29.86,29.86
2026-02-01,S001,P010,Chocolate Ice Cream,Ice Cream & Frozen,Very High,27.4,23.0,32.2,71,0.0,2.5,1012.7,38,6,2,1,1,40.0,29.43,29.43
2026-02-02,S001,P010,Chocolate Ice Cream,Ice Cream & Frozen,Very High,27.8,24.1,32.3,74,0.0,2.1,1012.9,27,0,2,2,0,38.0,30.0,30.0
2026-02-03,S001,P010,Chocolate Ice Cream,Ice Cream & Frozen,Very High,27.9,24.4,32.3,74,0.0,2.1,1012.5,25,1,2,3,0,27.0,30.57,30.57
2026-02-04,S001,P010,Chocolate Ice Cream,Ice Cream & Frozen,Very High,27.9,24.2,32.4,72,0.0,2.2,1012.8,36,2,2,4,0,25.0,29.14,29.14
2026-02-05,S001,P010,Chocolate Ice Cream,Ice Cream & Frozen,Very High,28.1,24.2,32.7,71,0.0,2.5,1012.9,32,3,2,5,0,36.0,31.0,31.0
2026-02-06,S001,P010,Chocolate Ice Cream,Ice Cream & Frozen,Very High,27.9,24.0,32.5,71,0.0,2.3,1012.9,43,4,2,6,0,32.0,31.71,31.71
2026-02-07,S001,P010,Chocolate Ice Cream,Ice Cream & Frozen,Very High,27.8,23.9,32.5,70,0.0,2.4,1012.6,27,5,2,7,1,43.0,34.43,34.43
2026-01-01,S001,P011,Strawberry Ice Cream,Ice Cream & Frozen,Very High,29.2,25.0,32.0,71,0.0,8.8,1010.2,26,3,1,1,0,38.0,37.43,37.43
2026-01-02,S001,P011,Strawberry Ice Cream,Ice Cream & Frozen,Very High,28.2,26.0,31.0,71,0.0,5.3,1011.5,25,4,1,2,0,26.0,37.57,37.57
2026-01-03,S001,P011,Strawberry Ice Cream,Ice Cream & Frozen,Very High,28.3,25.0,32.0,76,0.0,5.5,1011.3,43,5,1,3,1,25.0,36.14,36.14
2026-01-04,S001,P011,Strawberry Ice Cream,Ice Cream & Frozen,Very High,28.5,25.0,33.0,67,0.0,6.2,1011.3,28,6,1,4,1,43.0,36.57,36.57
2026-01-05,S001,P011,Strawberry Ice Cream,Ice Cream & Frozen,Very High,27.8,24.0,32.0,69,0.0,4.9,1011.4,39,0,1,5,0,28.0,33.14,33.14
2026-01-06,S001,P011,Strawberry Ice Cream,Ice Cream & Frozen,Very High,28.4,25.0,32.0,70,0.0,5.8,1011.8,36,1,1,6,0,39.0,33.57,33.57
2026-01-07,S001,P011,Strawberry Ice Cream,Ice Cream & Frozen,Very High,28.8,25.0,32.0,64,0.0,5.5,1012.0,30,2,1,7,0,36.0,33.57,33.57
2026-01-08,S001,P011,Strawberry Ice Cream,Ice Cream & Frozen,Very High,27.9,25.0,31.0,57,0.0,6.4,1012.0,31,3,1,8,0,30.0,32.43,32.43
2026-01-09,S001,P011,Strawberry Ice Cream,Ice Cream & Frozen,Very High,27.5,24.0,31.0,65,0.0,5.2,1011.5,32,4,1,9,0,31.0,33.14,33.14
2026-01-10,S001,P011,Strawberry Ice Cream,Ice Cream & Frozen,Very High,27.8,24.0,31.0,73,0.0,5.4,1011.0,24,5,1,10,1,32.0,34.14,34.14
2026-01-11,S001,P011,Strawberry Ice Cream,Ice Cream & Frozen,Very High,28.1,25.0,32.0,76,0.0,6.2,1012.2,35,6,1,11,1,24.0,31.43,31.43
2026-01-12,S001,P011,Strawberry Ice Cream,Ice Cream & Frozen,Very High,28.5,25.0,32.0,75,0.0,4.4,1013.0,44,0,1,12,0,35.0,32.43,32.43
2026-01-13,S001,P011,Strawberry Ice Cream,Ice Cream & Frozen,Very High,28.5,26.0,32.0,78,0.0,4.7,1013.6,41,1,1,13,0,44.0,33.14,33.14
2026-01-14,S001,P011,Strawberry Ice Cream,Ice Cream & Frozen,Very High,28.5,25.0,32.0,78,0.0,4.8,1012.7,30,2,1,14,0,41.0,33.86,33.86
2026-01-15,S001,P011,Strawberry Ice Cream,Ice Cream & Frozen,Very High,28.5,26.0,31.0,77,0.0,6.4,1011.2,32,3,1,15,0,30.0,33.86,33.86
2026-01-16,S001,P011,Strawberry Ice Cream,Ice Cream & Frozen,Very High,28.2,25.0,31.0,75,0.0,6.0,1011.3,24,4,1,16,0,32.0,34.0,34.0
2026-01-17,S001,P011,Strawberry Ice Cream,Ice Cream & Frozen,Very High,28.3,24.0,32.0,69,0.0,6.5,1010.4,32,5,1,17,1,24.0,32.86,32.86
2026-01-18,S001,P011,Strawberry Ice Cream,Ice Cream & Frozen,Very High,27.8,25.0,31.0,71,0.0,8.4,1009.8,35,6,1,18,1,32.0,34.0,34.0
2026-01-19,S001,P011,Strawberry Ice Cream,Ice Cream & Frozen,Very High,28.0,25.0,31.0,72,0.0,6.9,1011.0,31,0,1,19,0,35.0,34.0,34.0
2026-01-20,S001,P011,Strawberry Ice Cream,Ice Cream & Frozen,Very High,28.1,25.0,32.0,73,0.0,6.2,1010.6,30,1,1,20,0,31.0,32.14,32.14
2026-01-21,S001,P011,Strawberry Ice Cream,Ice Cream & Frozen,Very High,28.0,24.0,31.0,72,0.0,6.5,1011.1,27,2,1,21,0,30.0,30.57,30.57
2026-01-22,S001,P011,Strawberry Ice Cream,Ice Cream & Frozen,Very High,28.1,25.0,32.0,65,0.0,6.3,1011.9,28,3,1,22,0,27.0,30.14,30.14
2026-01-23,S001,P011,Strawberry Ice Cream,Ice Cream & Frozen,Very High,27.6,23.0,32.0,69,0.0,6.0,1012.8,34,4,1,23,0,28.0,29.57,29.57
2026-01-24,S001,P011,Strawberry Ice Cream,Ice Cream & Frozen,Very High,27.8,24.0,32.0,72,0.0,5.6,1013.0,29,5,1,24,1,34.0,31.0,31.0
2026-01-25,S001,P011,Strawberry Ice Cream,Ice Cream & Frozen,Very High,28.6,26.0,31.0,77,0.0,6.1,1011.8,32,6,1,25,1,29.0,30.57,30.57
2026-01-26,S001,P011,Strawberry Ice Cream,Ice Cream & Frozen,Very High,28.9,25.0,32.0,77,0.0,7.4,1012.6,33,0,1,26,0,32.0,30.14,30.14
2026-01-27,S001,P011,Strawberry Ice Cream,Ice Cream & Frozen,Very High,29.1,26.0,32.0,76,0.0,5.5,1013.5,31,1,1,27,0,33.0,30.43,30.43
2026-01-28,S001,P011,Strawberry Ice Cream,Ice Cream & Frozen,Very High,28.8,26.0,32.0,69,0.0,3.3,1012.6,30,2,1,28,0,31.0,30.57,30.57
2026-01-29,S001,P011,Strawberry Ice Cream,Ice Cream & Frozen,Very High,28.3,25.0,32.7,68,0.0,2.9,1012.3,37,3,1,29,0,30.0,31.0,31.0
2026-01-30,S001,P011,Strawberry Ice Cream,Ice Cream & Frozen,Very High,27.2,23.1,32.3,70,0.0,2.4,1013.2,26,4,1,30,0,37.0,32.29,32.29
2026-01-31,S001,P011,Strawberry Ice Cream,Ice Cream & Frozen,Very High,27.0,22.5,32.0,70,0.0,2.4,1013.0,48,5,1,31,1,26.0,31.14,31.14
2026-02-01,S001,P011,Strawberry Ice Cream,Ice Cream & Frozen,Very High,27.4,23.0,32.2,71,0.0,2.5,1012.7,39,6,2,1,1,48.0,33.86,33.86
2026-02-02,S001,P011,Strawberry Ice Cream,Ice Cream & Frozen,Very High,27.8,24.1,32.3,74,0.0,2.1,1012.9,28,0,2,2,0,39.0,34.86,34.86
2026-02-03,S001,P011,Strawberry Ice Cream,Ice Cream & Frozen,Very High,27.9,24.4,32.3,74,0.0,2.1,1012.5,28,1,2,3,0,28.0,34.14,34.14
2026-02-04,S001,P011,Strawberry Ice Cream,Ice Cream & Frozen,Very High,27.9,24.2,32.4,72,0.0,2.2,1012.8,24,2,2,4,0,28.0,33.71,33.71
2026-02-05,S001,P011,Strawberry Ice Cream,Ice Cream & Frozen,Very High,28.1,24.2,32.7,71,0.0,2.5,1012.9,48,3,2,5,0,24.0,32.86,32.86
2026-02-06,S001,P011,Strawberry Ice Cream,Ice Cream & Frozen,Very High,27.9,24.0,32.5,71,0.0,2.3,1012.9,30,4,2,6,0,48.0,34.43,34.43
2026-02-07,S001,P011,Strawberry Ice Cream,Ice Cream & Frozen,Very High,27.8,23.9,32.5,70,0.0,2.4,1012.6,39,5,2,7,1,30.0,35.0,35.0
2026-01-01,S001,P012,Kulfi,Ice Cream & Frozen,Very High,29.2,25.0,32.0,71,0.0,8.8,1010.2,30,3,1,1,0,32.0,35.71,35.71
2026-01-02,S001,P012,Kulfi,Ice Cream & Frozen,Very High,28.2,26.0,31.0,71,0.0,5.3,1011.5,35,4,1,2,0,30.0,36.0,36.0
2026-01-03,S001,P012,Kulfi,Ice Cream & Frozen,Very High,28.3,25.0,32.0,76,0.0,5.5,1011.3,25,5,1,3,1,35.0,36.71,36.71
2026-01-04,S001,P012,Kulfi,Ice Cream & Frozen,Very High,28.5,25.0,33.0,67,0.0,6.2,1011.3,23,6,1,4,1,25.0,35.43,35.43
2026-01-05,S001,P012,Kulfi,Ice Cream & Frozen,Very High,27.8,24.0,32.0,69,0.0,4.9,1011.4,26,0,1,5,0,23.0,32.29,32.29
2026-01-06,S001,P012,Kulfi,Ice Cream & Frozen,Very High,28.4,25.0,32.0,70,0.0,5.8,1011.8,40,1,1,6,0,26.0,29.29,29.29
2026-01-07,S001,P012,Kulfi,Ice Cream & Frozen,Very High,28.8,25.0,32.0,64,0.0,5.5,1012.0,34,2,1,7,0,40.0,30.14,30.14
2026-01-08,S001,P012,Kulfi,Ice Cream & Frozen,Very High,27.9,25.0,31.0,57,0.0,6.4,1012.0,25,3,1,8,0,34.0,30.43,30.43
2026-01-09,S001,P012,Kulfi,Ice Cream & Frozen,Very High,27.5,24.0,31.0,65,0.0,5.2,1011.5,29,4,1,9,0,25.0,29.71,29.71
2026-01-10,S001,P012,Kulfi,Ice Cream & Frozen,Very High,27.8,24.0,31.0,73,0.0,5.4,1011.0,33,5,1,10,1,29.0,28.86,28.86
2026-01-11,S001,P012,Kulfi,Ice Cream & Frozen,Very High,28.1,25.0,32.0,76,0.0,6.2,1012.2,47,6,1,11,1,33.0,30.0,30.0
2026-01-12,S001,P012,Kulfi,Ice Cream & Frozen,Very High,28.5,25.0,32.0,75,0.0,4.4,1013.0,44,0,1,12,0,47.0,33.43,33.43
2026-01-13,S001,P012,Kulfi,Ice Cream & Frozen,Very High,28.5,26.0,32.0,78,0.0,4.7,1013.6,46,1,1,13,0,44.0,36.0,36.0
2026-01-14,S001,P012,Kulfi,Ice Cream & Frozen,Very High,28.5,25.0,32.0,78,0.0,4.8,1012.7,41,2,1,14,0,46.0,36.86,36.86
2026-01-15,S001,P012,Kulfi,Ice Cream & Frozen,Very High,28.5,26.0,31.0,77,0.0,6.4,1011.2,23,3,1,15,0,41.0,37.86,37.86
2026-01-16,S001,P012,Kulfi,Ice Cream & Frozen,Very High,28.2,25.0,31.0,75,0.0,6.0,1011.3,41,4,1,16,0,23.0,37.57,37.57
2026-01-17,S001,P012,Kulfi,Ice Cream & Frozen,Very High,28.3,24.0,32.0,69,0.0,6.5,1010.4,36,5,1,17,1,41.0,39.29,39.29
2026-01-18,S001,P012,Kulfi,Ice Cream & Frozen,Very High,27.8,25.0,31.0,71,0.0,8.4,1009.8,40,6,1,18,1,36.0,39.71,39.71
2026-01-19,S001,P012,Kulfi,Ice Cream & Frozen,Very High,28.0,25.0,31.0,72,0.0,6.9,1011.0,36,0,1,19,0,40.0,38.71,38.71
2026-01-20,S001,P012,Kulfi,Ice Cream & Frozen,Very High,28.1,25.0,32.0,73,0.0,6.2,1010.6,46,1,1,20,0,36.0,37.57,37.57
2026-01-21,S001,P012,Kulfi,Ice Cream & Frozen,Very High,28.0,24.0,31.0,72,0.0,6.5,1011.1,27,2,1,21,0,46.0,37.57,37.57
2026-01-22,S001,P012,Kulfi,Ice Cream & Frozen,Very High,28.1,25.0,32.0,65,0.0,6.3,1011.9,32,3,1,22,0,27.0,35.57,35.57
2026-01-23,S001,P012,Kulfi,Ice Cream & Frozen,Very High,27.6,23.0,32.0,69,0.0,6.0,1012.8,39,4,1,23,0,32.0,36.86,36.86
2026-01-24,S001,P012,Kulfi,Ice Cream & Frozen,Very High,27.8,24.0,32.0,72,0.0,5.6,1013.0,43,5,1,24,1,39.0,36.57,36.57
2026-01-25,S001,P012,Kulfi,Ice Cream & Frozen,Very High,28.6,26.0,31.0,77,0.0,6.1,1011.8,31,6,1,25,1,43.0,37.57,37.57
2026-01-26,S001,P012,Kulfi,Ice Cream & Frozen,Very High,28.9,25.0,32.0,77,0.0,7.4,1012.6,46,0,1,26,0,31.0,36.29,36.29
2026-01-27,S001,P012,Kulfi,Ice Cream & Frozen,Very High,29.1,26.0,32.0,76,0.0,5.5,1013.5,47,1,1,27,0,46.0,37.71,37.71
2026-01-28,S001,P012,Kulfi,Ice Cream & Frozen,Very High,28.8,26.0,32.0,69,0.0,3.3,1012.6,37,2,1,28,0,47.0,37.86,37.86
2026-01-29,S001,P012,Kulfi,Ice Cream & Frozen,Very High,28.3,25.0,32.7,68,0.0,2.9,1012.3,31,3,1,29,0,37.0,39.29,39.29
2026-01-30,S001,P012,Kulfi,Ice Cream & Frozen,Very High,27.2,23.1,32.3,70,0.0,2.4,1013.2,38,4,1,30,0,31.0,39.14,39.14
2026-01-31,S001,P012,Kulfi,Ice Cream & Frozen,Very High,27.0,22.5,32.0,70,0.0,2.4,1013.0,28,5,1,31,1,38.0,39.0,39.0
2026-02-01,S001,P012,Kulfi,Ice Cream & Frozen,Very High,27.4,23.0,32.2,71,0.0,2.5,1012.7,46,6,2,1,1,28.0,36.86,36.86
2026-02-02,S001,P012,Kulfi,Ice Cream & Frozen,Very High,27.8,24.1,32.3,74,0.0,2.1,1012.9,26,0,2,2,0,46.0,39.0,39.0
2026-02-03,S001,P012,Kulfi,Ice Cream & Frozen,Very High,27.9,24.4,32.3,74,0.0,2.1,1012.5,44,1,2,3,0,26.0,36.14,36.14
2026-02-04,S001,P012,Kulfi,Ice Cream & Frozen,Very High,27.9,24.2,32.4,72,0.0,2.2,1012.8,34,2,2,4,0,44.0,35.71,35.71
2026-02-05,S001,P012,Kulfi,Ice Cream & Frozen,Very High,28.1,24.2,32.7,71,0.0,2.5,1012.9,28,3,2,5,0,34.0,35.29,35.29
2026-02-06,S001,P012,Kulfi,Ice Cream & Frozen,Very High,27.9,24.0,32.5,71,0.0,2.3,1012.9,33,4,2,6,0,28.0,34.86,34.86
2026-02-07,S001,P012,Kulfi,Ice Cream & Frozen,Very High,27.8,23.9,32.5,70,0.0,2.4,1012.6,47,5,2,7,1,33.0,34.14,34.14
2026-01-01,S001,P013,Ice Cream Cone,Ice Cream & Frozen,Very High,29.2,25.0,32.0,71,0.0,8.8,1010.2,27,3,1,1,0,17.0,34.57,34.57
2026-01-02,S001,P013,Ice Cream Cone,Ice Cream & Frozen,Very High,28.2,26.0,31.0,71,0.0,5.3,1011.5,40,4,1,2,0,27.0,32.57,32.57
2026-01-03,S001,P013,Ice Cream Cone,Ice Cream & Frozen,Very High,28.3,25.0,32.0,76,0.0,5.5,1011.3,48,5,1,3,1,40.0,32.29,32.29
2026-01-04,S001,P013,Ice Cream Cone,Ice Cream & Frozen,Very High,28.5,25.0,33.0,67,0.0,6.2,1011.3,48,6,1,4,1,48.0,34.14,34.14
2026-01-05,S001,P013,Ice Cream Cone,Ice Cream & Frozen,Very High,27.8,24.0,32.0,69,0.0,4.9,1011.4,25,0,1,5,0,48.0,35.29,35.29
2026-01-06,S001,P013,Ice Cream Cone,Ice Cream & Frozen,Very High,28.4,25.0,32.0,70,0.0,5.8,1011.8,33,1,1,6,0,25.0,33.0,33.0
2026-01-07,S001,P013,Ice Cream Cone,Ice Cream & Frozen,Very High,28.8,25.0,32.0,64,0.0,5.5,1012.0,37,2,1,7,0,33.0,34.0,34.0
2026-01-08,S001,P013,Ice Cream Cone,Ice Cream & Frozen,Very High,27.9,25.0,31.0,57,0.0,6.4,1012.0,17,3,1,8,0,37.0,36.86,36.86
2026-01-09,S001,P013,Ice Cream Cone,Ice Cream & Frozen,Very High,27.5,24.0,31.0,65,0.0,5.2,1011.5,35,4,1,9,0,17.0,35.43,35.43
2026-01-10,S001,P013,Ice Cream Cone,Ice Cream & Frozen,Very High,27.8,24.0,31.0,73,0.0,5.4,1011.0,28,5,1,10,1,35.0,34.71,34.71
2026-01-11,S001,P013,Ice Cream Cone,Ice Cream & Frozen,Very High,28.1,25.0,32.0,76,0.0,6.2,1012.2,36,6,1,11,1,28.0,31.86,31.86
2026-01-12,S001,P013,Ice Cream Cone,Ice Cream & Frozen,Very High,28.5,25.0,32.0,75,0.0,4.4,1013.0,30,0,1,12,0,36.0,30.14,30.14
2026-01-13,S001,P013,Ice Cream Cone,Ice Cream & Frozen,Very High,28.5,26.0,32.0,78,0.0,4.7,1013.6,42,1,1,13,0,30.0,30.86,30.86
2026-01-14,S001,P013,Ice Cream Cone,Ice Cream & Frozen,Very High,28.5,25.0,32.0,78,0.0,4.8,1012.7,23,2,1,14,0,42.0,32.14,32.14
2026-01-15,S001,P013,Ice Cream Cone,Ice Cream & Frozen,Very High,28.5,26.0,31.0,77,0.0,6.4,1011.2,39,3,1,15,0,23.0,30.14,30.14
2026-01-16,S001,P013,Ice Cream Cone,Ice Cream & Frozen,Very High,28.2,25.0,31.0,75,0.0,6.0,1011.3,33,4,1,16,0,39.0,33.29,33.29
2026-01-17,S001,P013,Ice Cream Cone,Ice Cream & Frozen,Very High,28.3,24.0,32.0,69,0.0,6.5,1010.4,33,5,1,17,1,33.0,33.0,33.0
2026-01-18,S001,P013,Ice Cream Cone,Ice Cream & Frozen,Very High,27.8,25.0,31.0,71,0.0,8.4,1009.8,20,6,1,18,1,33.0,33.71,33.71
2026-01-19,S001,P013,Ice Cream Cone,Ice Cream & Frozen,Very High,28.0,25.0,31.0,72,0.0,6.9,1011.0,25,0,1,19,0,20.0,31.43,31.43
2026-01-20,S001,P013,Ice Cream Cone,Ice Cream & Frozen,Very High,28.1,25.0,32.0,73,0.0,6.2,1010.6,30,1,1,20,0,25.0,30.71,30.71
2026-01-21,S001,P013,Ice Cream Cone,Ice Cream & Frozen,Very High,28.0,24.0,31.0,72,0.0,6.5,1011.1,28,2,1,21,0,30.0,29.0,29.0
2026-01-22,S001,P013,Ice Cream Cone,Ice Cream & Frozen,Very High,28.1,25.0,32.0,65,0.0,6.3,1011.9,45,3,1,22,0,28.0,29.71,29.71
2026-01-23,S001,P013,Ice Cream Cone,Ice Cream & Frozen,Very High,27.6,23.0,32.0,69,0.0,6.0,1012.8,30,4,1,23,0,45.0,30.57,30.57
2026-01-24,S001,P013,Ice Cream Cone,Ice Cream & Frozen,Very High,27.8,24.0,32.0,72,0.0,5.6,1013.0,48,5,1,24,1,30.0,30.14,30.14
2026-01-25,S001,P013,Ice Cream Cone,Ice Cream & Frozen,Very High,28.6,26.0,31.0,77,0.0,6.1,1011.8,22,6,1,25,1,48.0,32.29,32.29
2026-01-26,S001,P013,Ice Cream Cone,Ice Cream & Frozen,Very High,28.9,25.0,32.0,77,0.0,7.4,1012.6,33,0,1,26,0,22.0,32.57,32.57
2026-01-27,S001,P013,Ice Cream Cone,Ice Cream & Frozen,Very High,29.1,26.0,32.0,76,0.0,5.5,1013.5,30,1,1,27,0,33.0,33.71,33.71
2026-01-28,S001,P013,Ice Cream Cone,Ice Cream & Frozen,Very High,28.8,26.0,32.0,69,0.0,3.3,1012.6,38,2,1,28,0,30.0,33.71,33.71
2026-01-29,S001,P013,Ice Cream Cone,Ice Cream & Frozen,Very High,28.3,25.0,32.7,68,0.0,2.9,1012.3,46,3,1,29,0,38.0,35.14,35.14
2026-01-30,S001,P013,Ice Cream Cone,Ice Cream & Frozen,Very High,27.2,23.1,32.3,70,0.0,2.4,1013.2,32,4,1,30,0,46.0,35.29,35.29
2026-01-31,S001,P013,Ice Cream Cone,Ice Cream & Frozen,Very High,27.0,22.5,32.0,70,0.0,2.4,1013.0,45,5,1,31,1,32.0,35.57,35.57
2026-02-01,S001,P013,Ice Cream Cone,Ice Cream & Frozen,Very High,27.4,23.0,32.2,71,0.0,2.5,1012.7,27,6,2,1,1,45.0,35.14,35.14
2026-02-02,S001,P013,Ice Cream Cone,Ice Cream & Frozen,Very High,27.8,24.1,32.3,74,0.0,2.1,1012.9,42,0,2,2,0,27.0,35.86,35.86
2026-02-03,S001,P013,Ice Cream Cone,Ice Cream & Frozen,Very High,27.9,24.4,32.3,74,0.0,2.1,1012.5,34,1,2,3,0,42.0,37.14,37.14
2026-02-04,S001,P013,Ice Cream Cone,Ice Cream & Frozen,Very High,27.9,24.2,32.4,72,0.0,2.2,1012.8,32,2,2,4,0,34.0,37.71,37.71
2026-02-05,S001,P013,Ice Cream Cone,Ice Cream & Frozen,Very High,28.1,24.2,32.7,71,0.0,2.5,1012.9,35,3,2,5,0,32.0,36.86,36.86
2026-02-06,S001,P013,Ice Cream Cone,Ice Cream & Frozen,Very High,27.9,24.0,32.5,71,0.0,2.3,1012.9,26,4,2,6,0,35.0,35.29,35.29
2026-02-07,S001,P013,Ice Cream Cone,Ice Cream & Frozen,Very High,27.8,23.9,32.5,70,0.0,2.4,1012.6,29,5,2,7,1,26.0,34.43,34.43
2026-01-01,S001,P014,Frozen Dessert,Ice Cream & Frozen,High,29.2,25.0,32.0,71,0.0,8.8,1010.2,34,3,1,1,0,27.0,28.86,28.86
2026-01-02,S001,P014,Frozen Dessert,Ice Cream & Frozen,High,28.2,26.0,31.0,71,0.0,5.3,1011.5,24,4,1,2,0,34.0,29.14,29.14
2026-01-03,S001,P014,Frozen Dessert,Ice Cream & Frozen,High,28.3,25.0,32.0,76,0.0,5.5,1011.3,32,5,1,3,1,24.0,27.86,27.86
2026-01-04,S001,P014,Frozen Dessert,Ice Cream & Frozen,High,28.5,25.0,33.0,67,0.0,6.2,1011.3,28,6,1,4,1,32.0,29.14,29.14
2026-01-05,S001,P014,Frozen Dessert,Ice Cream & Frozen,High,27.8,24.0,32.0,69,0.0,4.9,1011.4,32,0,1,5,0,28.0,28.29,28.29
2026-01-06,S001,P014,Frozen Dessert,Ice Cream & Frozen,High,28.4,25.0,32.0,70,0.0,5.8,1011.8,24,1,1,6,0,32.0,29.14,29.14
2026-01-07,S001,P014,Frozen Dessert,Ice Cream & Frozen,High,28.8,25.0,32.0,64,0.0,5.5,1012.0,26,2,1,7,0,24.0,28.71,28.71
2026-01-08,S001,P014,Frozen Dessert,Ice Cream & Frozen,High,27.9,25.0,31.0,57,0.0,6.4,1012.0,20,3,1,8,0,26.0,28.57,28.57
2026-01-09,S001,P014,Frozen Dessert,Ice Cream & Frozen,High,27.5,24.0,31.0,65,0.0,5.2,1011.5,20,4,1,9,0,20.0,26.57,26.57
2026-01-10,S001,P014,Frozen Dessert,Ice Cream & Frozen,High,27.8,24.0,31.0,73,0.0,5.4,1011.0,30,5,1,10,1,20.0,26.0,26.0
2026-01-11,S001,P014,Frozen Dessert,Ice Cream & Frozen,High,28.1,25.0,32.0,76,0.0,6.2,1012.2,41,6,1,11,1,30.0,25.71,25.71
2026-01-12,S001,P014,Frozen Dessert,Ice Cream & Frozen,High,28.5,25.0,32.0,75,0.0,4.4,1013.0,35,0,1,12,0,41.0,27.57,27.57
2026-01-13,S001,P014,Frozen Dessert,Ice Cream & Frozen,High,28.5,26.0,32.0,78,0.0,4.7,1013.6,25,1,1,13,0,35.0,28.0,28.0
2026-01-14,S001,P014,Frozen Dessert,Ice Cream & Frozen,High,28.5,25.0,32.0,78,0.0,4.8,1012.7,35,2,1,14,0,25.0,28.14,28.14
2026-01-15,S001,P014,Frozen Dessert,Ice Cream & Frozen,High,28.5,26.0,31.0,77,0.0,6.4,1011.2,21,3,1,15,0,35.0,29.43,29.43
2026-01-16,S001,P014,Frozen Dessert,Ice Cream & Frozen,High,28.2,25.0,31.0,75,0.0,6.0,1011.3,28,4,1,16,0,21.0,29.57,29.57
2026-01-17,S001,P014,Frozen Dessert,Ice Cream & Frozen,High,28.3,24.0,32.0,69,0.0,6.5,1010.4,26,5,1,17,1,28.0,30.71,30.71
2026-01-18,S001,P014,Frozen Dessert,Ice Cream & Frozen,High,27.8,25.0,31.0,71,0.0,8.4,1009.8,34,6,1,18,1,26.0,30.14,30.14
2026-01-19,S001,P014,Frozen Dessert,Ice Cream & Frozen,High,28.0,25.0,31.0,72,0.0,6.9,1011.0,36,0,1,19,0,34.0,29.14,29.14
2026-01-20,S001,P014,Frozen Dessert,Ice Cream & Frozen,High,28.1,25.0,32.0,73,0.0,6.2,1010.6,31,1,1,20,0,36.0,29.29,29.29
2026-01-21,S001,P014,Frozen Dessert,Ice Cream & Frozen,High,28.0,24.0,31.0,72,0.0,6.5,1011.1,25,2,1,21,0,31.0,30.14,30.14
2026-01-22,S001,P014,Frozen Dessert,Ice Cream & Frozen,High,28.1,25.0,32.0,65,0.0,6.3,1011.9,25,3,1,22,0,25.0,28.71,28.71
2026-01-23,S001,P014,Frozen Dessert,Ice Cream & Frozen,High,27.6,23.0,32.0,69,0.0,6.0,1012.8,38,4,1,23,0,25.0,29.29,29.29
2026-01-24,S001,P014,Frozen Dessert,Ice Cream & Frozen,High,27.8,24.0,32.0,72,0.0,5.6,1013.0,42,5,1,24,1,38.0,30.71,30.71
2026-01-25,S001,P014,Frozen Dessert,Ice Cream & Frozen,High,28.6,26.0,31.0,77,0.0,6.1,1011.8,15,6,1,25,1,42.0,33.0,33.0
2026-01-26,S001,P014,Frozen Dessert,Ice Cream & Frozen,High,28.9,25.0,32.0,77,0.0,7.4,1012.6,24,0,1,26,0,15.0,30.29,30.29
2026-01-27,S001,P014,Frozen Dessert,Ice Cream & Frozen,High,29.1,26.0,32.0,76,0.0,5.5,1013.5,25,1,1,27,0,24.0,28.57,28.57
2026-01-28,S001,P014,Frozen Dessert,Ice Cream & Frozen,High,28.8,26.0,32.0,69,0.0,3.3,1012.6,17,2,1,28,0,25.0,27.71,27.71
2026-01-29,S001,P014,Frozen Dessert,Ice Cream & Frozen,High,28.3,25.0,32.7,68,0.0,2.9,1012.3,21,3,1,29,0,17.0,26.57,26.57
2026-01-30,S001,P014,Frozen Dessert,Ice Cream & Frozen,High,27.2,23.1,32.3,70,0.0,2.4,1013.2,28,4,1,30,0,21.0,26.0,26.0
2026-01-31,S001,P014,Frozen Dessert,Ice Cream & Frozen,High,27.0,22.5,32.0,70,0.0,2.4,1013.0,43,5,1,31,1,28.0,24.57,24.57
2026-02-01,S001,P014,Frozen Dessert,Ice Cream & Frozen,High,27.4,23.0,32.2,71,0.0,2.5,1012.7,24,6,2,1,1,43.0,24.71,24.71
2026-02-02,S001,P014,Frozen Dessert,Ice Cream & Frozen,High,27.8,24.1,32.3,74,0.0,2.1,1012.9,32,0,2,2,0,24.0,26.0,26.0
2026-02-03,S001,P014,Frozen Dessert,Ice Cream & Frozen,High,27.9,24.4,32.3,74,0.0,2.1,1012.5,21,1,2,3,0,32.0,27.14,27.14
2026-02-04,S001,P014,Frozen Dessert,Ice Cream & Frozen,High,27.9,24.2,32.4,72,0.0,2.2,1012.8,31,2,2,4,0,21.0,26.57,26.57
2026-02-05,S001,P014,Frozen Dessert,Ice Cream & Frozen,High,28.1,24.2,32.7,71,0.0,2.5,1012.9,30,3,2,5,0,31.0,28.57,28.57
2026-02-06,S001,P014,Frozen Dessert,Ice Cream & Frozen,High,27.9,24.0,32.5,71,0.0,2.3,1012.9,26,4,2,6,0,30.0,29.86,29.86
2026-02-07,S001,P014,Frozen Dessert,Ice Cream & Frozen,High,27.8,23.9,32.5,70,0.0,2.4,1012.6,37,5,2,7,1,26.0,29.57,29.57
2026-01-01,S001,P015,Watermelon,Fruits,Very High,29.2,25.0,32.0,71,0.0,8.8,1010.2,23,3,1,1,0,34.0,31.57,31.57
2026-01-02,S001,P015,Watermelon,Fruits,Very High,28.2,26.0,31.0,71,0.0,5.3,1011.5,33,4,1,2,0,23.0,30.29,30.29
2026-01-03,S001,P015,Watermelon,Fruits,Very High,28.3,25.0,32.0,76,0.0,5.5,1011.3,32,5,1,3,1,33.0,31.57,31.57
2026-01-04,S001,P015,Watermelon,Fruits,Very High,28.5,25.0,33.0,67,0.0,6.2,1011.3,35,6,1,4,1,32.0,31.71,31.71
2026-01-05,S001,P015,Watermelon,Fruits,Very High,27.8,24.0,32.0,69,0.0,4.9,1011.4,39,0,1,5,0,35.0,31.86,31.86
2026-01-06,S001,P015,Watermelon,Fruits,Very High,28.4,25.0,32.0,70,0.0,5.8,1011.8,40,1,1,6,0,39.0,31.29,31.29
2026-01-07,S001,P015,Watermelon,Fruits,Very High,28.8,25.0,32.0,64,0.0,5.5,1012.0,39,2,1,7,0,40.0,33.71,33.71
2026-01-08,S001,P015,Watermelon,Fruits,Very High,27.9,25.0,31.0,57,0.0,6.4,1012.0,36,3,1,8,0,39.0,34.43,34.43
2026-01-09,S001,P015,Watermelon,Fruits,Very High,27.5,24.0,31.0,65,0.0,5.2,1011.5,20,4,1,9,0,36.0,36.29,36.29
2026-01-10,S001,P015,Watermelon,Fruits,Very High,27.8,24.0,31.0,73,0.0,5.4,1011.0,39,5,1,10,1,20.0,34.43,34.43
2026-01-11,S001,P015,Watermelon,Fruits,Very High,28.1,25.0,32.0,76,0.0,6.2,1012.2,37,6,1,11,1,39.0,35.43,35.43
2026-01-12,S001,P015,Watermelon,Fruits,Very High,28.5,25.0,32.0,75,0.0,4.4,1013.0,30,0,1,12,0,37.0,35.71,35.71
2026-01-13,S001,P015,Watermelon,Fruits,Very High,28.5,26.0,32.0,78,0.0,4.7,1013.6,28,1,1,13,0,30.0,34.43,34.43
2026-01-14,S001,P015,Watermelon,Fruits,Very High,28.5,25.0,32.0,78,0.0,4.8,1012.7,44,2,1,14,0,28.0,32.71,32.71
2026-01-15,S001,P015,Watermelon,Fruits,Very High,28.5,26.0,31.0,77,0.0,6.4,1011.2,38,3,1,15,0,44.0,33.43,33.43
2026-01-16,S001,P015,Watermelon,Fruits,Very High,28.2,25.0,31.0,75,0.0,6.0,1011.3,43,4,1,16,0,38.0,33.71,33.71
2026-01-17,S001,P015,Watermelon,Fruits,Very High,28.3,24.0,32.0,69,0.0,6.5,1010.4,37,5,1,17,1,43.0,37.0,37.0
2026-01-18,S001,P015,Watermelon,Fruits,Very High,27.8,25.0,31.0,71,0.0,8.4,1009.8,26,6,1,18,1,37.0,36.71,36.71
2026-01-19,S001,P015,Watermelon,Fruits,Very High,28.0,25.0,31.0,72,0.0,6.9,1011.0,42,0,1,19,0,26.0,35.14,35.14
2026-01-20,S001,P015,Watermelon,Fruits,Very High,28.1,25.0,32.0,73,0.0,6.2,1010.6,42,1,1,20,0,42.0,36.86,36.86
2026-01-21,S001,P015,Watermelon,Fruits,Very High,28.0,24.0,31.0,72,0.0,6.5,1011.1,31,2,1,21,0,42.0,38.86,38.86
2026-01-22,S001,P015,Watermelon,Fruits,Very High,28.1,25.0,32.0,65,0.0,6.3,1011.9,40,3,1,22,0,31.0,37.0,37.0
2026-01-23,S001,P015,Watermelon,Fruits,Very High,27.6,23.0,32.0,69,0.0,6.0,1012.8,30,4,1,23,0,40.0,37.29,37.29
2026-01-24,S001,P015,Watermelon,Fruits,Very High,27.8,24.0,32.0,72,0.0,5.6,1013.0,47,5,1,24,1,30.0,35.43,35.43
2026-01-25,S001,P015,Watermelon,Fruits,Very High,28.6,26.0,31.0,77,0.0,6.1,1011.8,24,6,1,25,1,47.0,36.86,36.86
2026-01-26,S001,P015,Watermelon,Fruits,Very High,28.9,25.0,32.0,77,0.0,7.4,1012.6,38,0,1,26,0,24.0,36.57,36.57
2026-01-27,S001,P015,Watermelon,Fruits,Very High,29.1,26.0,32.0,76,0.0,5.5,1013.5,31,1,1,27,0,38.0,36.0,36.0
2026-01-28,S001,P015,Watermelon,Fruits,Very High,28.8,26.0,32.0,69,0.0,3.3,1012.6,46,2,1,28,0,31.0,34.43,34.43
2026-01-29,S001,P015,Watermelon,Fruits,Very High,28.3,25.0,32.7,68,0.0,2.9,1012.3,27,3,1,29,0,46.0,36.57,36.57
2026-01-30,S001,P015,Watermelon,Fruits,Very High,27.2,23.1,32.3,70,0.0,2.4,1013.2,33,4,1,30,0,27.0,34.71,34.71
2026-01-31,S001,P015,Watermelon,Fruits,Very High,27.0,22.5,32.0,70,0.0,2.4,1013.0,38,5,1,31,1,33.0,35.14,35.14
2026-02-01,S001,P015,Watermelon,Fruits,Very High,27.4,23.0,32.2,71,0.0,2.5,1012.7,35,6,2,1,1,38.0,33.86,33.86
2026-02-02,S001,P015,Watermelon,Fruits,Very High,27.8,24.1,32.3,74,0.0,2.1,1012.9,43,0,2,2,0,35.0,35.43,35.43
2026-02-03,S001,P015,Watermelon,Fruits,Very High,27.9,24.4,32.3,74,0.0,2.1,1012.5,40,1,2,3,0,43.0,36.14,36.14
2026-02-04,S001,P015,Watermelon,Fruits,Very High,27.9,24.2,32.4,72,0.0,2.2,1012.8,26,2,2,4,0,40.0,37.43,37.43
2026-02-05,S001,P015,Watermelon,Fruits,Very High,28.1,24.2,32.7,71,0.0,2.5,1012.9,44,3,2,5,0,26.0,34.57,34.57
2026-02-06,S001,P015,Watermelon,Fruits,Very High,27.9,24.0,32.5,71,0.0,2.3,1012.9,38,4,2,6,0,44.0,37.0,37.0
2026-02-07,S001,P015,Watermelon,Fruits,Very High,27.8,23.9,32.5,70,0.0,2.4,1012.6,27,5,2,7,1,38.0,37.71,37.71
2026-01-01,S001,P016,Mango,Fruits,High,29.2,25.0,32.0,71,0.0,8.8,1010.2,26,3,1,1,0,20.0,28.14,28.14
2026-01-02,S001,P016,Mango,Fruits,High,28.2,26.0,31.0,71,0.0,5.3,1011.5,36,4,1,2,0,26.0,28.0,28.0
2026-01-03,S001,P016,Mango,Fruits,High,28.3,25.0,32.0,76,0.0,5.5,1011.3,23,5,1,3,1,36.0,29.71,29.71
2026-01-04,S001,P016,Mango,Fruits,High,28.5,25.0,33.0,67,0.0,6.2,1011.3,24,6,1,4,1,23.0,27.0,27.0
2026-01-05,S001,P016,Mango,Fruits,High,27.8,24.0,32.0,69,0.0,4.9,1011.4,16,0,1,5,0,24.0,25.43,25.43
2026-01-06,S001,P016,Mango,Fruits,High,28.4,25.0,32.0,70,0.0,5.8,1011.8,28,1,1,6,0,16.0,24.0,24.0
2026-01-07,S001,P016,Mango,Fruits,High,28.8,25.0,32.0,64,0.0,5.5,1012.0,32,2,1,7,0,28.0,24.71,24.71
2026-01-08,S001,P016,Mango,Fruits,High,27.9,25.0,31.0,57,0.0,6.4,1012.0,26,3,1,8,0,32.0,26.43,26.43
2026-01-09,S001,P016,Mango,Fruits,High,27.5,24.0,31.0,65,0.0,5.2,1011.5,29,4,1,9,0,26.0,26.43,26.43
2026-01-10,S001,P016,Mango,Fruits,High,27.8,24.0,31.0,73,0.0,5.4,1011.0,32,5,1,10,1,29.0,25.43,25.43
2026-01-11,S001,P016,Mango,Fruits,High,28.1,25.0,32.0,76,0.0,6.2,1012.2,33,6,1,11,1,32.0,26.71,26.71
2026-01-12,S001,P016,Mango,Fruits,High,28.5,25.0,32.0,75,0.0,4.4,1013.0,34,0,1,12,0,33.0,28.0,28.0
2026-01-13,S001,P016,Mango,Fruits,High,28.5,26.0,32.0,78,0.0,4.7,1013.6,27,1,1,13,0,34.0,30.57,30.57
2026-01-14,S001,P016,Mango,Fruits,High,28.5,25.0,32.0,78,0.0,4.8,1012.7,36,2,1,14,0,27.0,30.43,30.43
2026-01-15,S001,P016,Mango,Fruits,High,28.5,26.0,31.0,77,0.0,6.4,1011.2,22,3,1,15,0,36.0,31.0,31.0
2026-01-16,S001,P016,Mango,Fruits,High,28.2,25.0,31.0,75,0.0,6.0,1011.3,15,4,1,16,0,22.0,30.43,30.43
2026-01-17,S001,P016,Mango,Fruits,High,28.3,24.0,32.0,69,0.0,6.5,1010.4,34,5,1,17,1,15.0,28.43,28.43
2026-01-18,S001,P016,Mango,Fruits,High,27.8,25.0,31.0,71,0.0,8.4,1009.8,33,6,1,18,1,34.0,28.71,28.71
2026-01-19,S001,P016,Mango,Fruits,High,28.0,25.0,31.0,72,0.0,6.9,1011.0,20,0,1,19,0,33.0,28.71,28.71
2026-01-20,S001,P016,Mango,Fruits,High,28.1,25.0,32.0,73,0.0,6.2,1010.6,40,1,1,20,0,20.0,26.71,26.71
2026-01-21,S001,P016,Mango,Fruits,High,28.0,24.0,31.0,72,0.0,6.5,1011.1,27,2,1,21,0,40.0,28.57,28.57
2026-01-22,S001,P016,Mango,Fruits,High,28.1,25.0,32.0,65,0.0,6.3,1011.9,23,3,1,22,0,27.0,27.29,27.29
2026-01-23,S001,P016,Mango,Fruits,High,27.6,23.0,32.0,69,0.0,6.0,1012.8,32,4,1,23,0,23.0,27.43,27.43
2026-01-24,S001,P016,Mango,Fruits,High,27.8,24.0,32.0,72,0.0,5.6,1013.0,18,5,1,24,1,32.0,29.86,29.86
2026-01-25,S001,P016,Mango,Fruits,High,28.6,26.0,31.0,77,0.0,6.1,1011.8,20,6,1,25,1,18.0,27.57,27.57
2026-01-26,S001,P016,Mango,Fruits,High,28.9,25.0,32.0,77,0.0,7.4,1012.6,36,0,1,26,0,20.0,25.71,25.71
2026-01-27,S001,P016,Mango,Fruits,High,29.1,26.0,32.0,76,0.0,5.5,1013.5,32,1,1,27,0,36.0,28.0,28.0
2026-01-28,S001,P016,Mango,Fruits,High,28.8,26.0,32.0,69,0.0,3.3,1012.6,23,2,1,28,0,32.0,26.86,26.86
2026-01-29,S001,P016,Mango,Fruits,High,28.3,25.0,32.7,68,0.0,2.9,1012.3,21,3,1,29,0,23.0,26.29,26.29
2026-01-30,S001,P016,Mango,Fruits,High,27.2,23.1,32.3,70,0.0,2.4,1013.2,26,4,1,30,0,21.0,26.0,26.0
2026-01-31,S001,P016,Mango,Fruits,High,27.0,22.5,32.0,70,0.0,2.4,1013.0,30,5,1,31,1,26.0,25.14,25.14
2026-02-01,S001,P016,Mango,Fruits,High,27.4,23.0,32.2,71,0.0,2.5,1012.7,31,6,2,1,1,30.0,26.86,26.86
2026-02-02,S001,P016,Mango,Fruits,High,27.8,24.1,32.3,74,0.0,2.1,1012.9,19,0,2,2,0,31.0,28.43,28.43
2026-02-03,S001,P016,Mango,Fruits,High,27.9,24.4,32.3,74,0.0,2.1,1012.5,28,1,2,3,0,19.0,26.0,26.0
2026-02-04,S001,P016,Mango,Fruits,High,27.9,24.2,32.4,72,0.0,2.2,1012.8,33,2,2,4,0,28.0,25.43,25.43
2026-02-05,S001,P016,Mango,Fruits,High,28.1,24.2,32.7,71,0.0,2.5,1012.9,36,3,2,5,0,33.0,26.86,26.86
2026-02-06,S001,P016,Mango,Fruits,High,27.9,24.0,32.5,71,0.0,2.3,1012.9,40,4,2,6,0,36.0,29.0,29.0
2026-02-07,S001,P016,Mango,Fruits,High,27.8,23.9,32.5,70,0.0,2.4,1012.6,33,5,2,7,1,40.0,31.0,31.0
2026-01-01,S001,P017,Orange,Fruits,Medium,29.2,25.0,32.0,71,0.0,8.8,1010.2,16,3,1,1,0,13.0,23.29,23.29
2026-01-02,S001,P017,Orange,Fruits,Medium,28.2,26.0,31.0,71,0.0,5.3,1011.5,12,4,1,2,0,16.0,23.14,23.14
2026-01-03,S001,P017,Orange,Fruits,Medium,28.3,25.0,32.0,76,0.0,5.5,1011.3,23,5,1,3,1,12.0,21.14,21.14
2026-01-04,S001,P017,Orange,Fruits,Medium,28.5,25.0,33.0,67,0.0,6.2,1011.3,33,6,1,4,1,23.0,21.0,21.0
2026-01-05,S001,P017,Orange,Fruits,Medium,27.8,24.0,32.0,69,0.0,4.9,1011.4,17,0,1,5,0,33.0,21.86,21.86
2026-01-06,S001,P017,Orange,Fruits,Medium,28.4,25.0,32.0,70,0.0,5.8,1011.8,26,1,1,6,0,17.0,20.71,20.71
2026-01-07,S001,P017,Orange,Fruits,Medium,28.8,25.0,32.0,64,0.0,5.5,1012.0,15,2,1,7,0,26.0,20.0,20.0
2026-01-08,S001,P017,Orange,Fruits,Medium,27.9,25.0,31.0,57,0.0,6.4,1012.0,26,3,1,8,0,15.0,20.29,20.29
2026-01-09,S001,P017,Orange,Fruits,Medium,27.5,24.0,31.0,65,0.0,5.2,1011.5,11,4,1,9,0,26.0,21.71,21.71
2026-01-10,S001,P017,Orange,Fruits,Medium,27.8,24.0,31.0,73,0.0,5.4,1011.0,25,5,1,10,1,11.0,21.57,21.57
2026-01-11,S001,P017,Orange,Fruits,Medium,28.1,25.0,32.0,76,0.0,6.2,1012.2,24,6,1,11,1,25.0,21.86,21.86
2026-01-12,S001,P017,Orange,Fruits,Medium,28.5,25.0,32.0,75,0.0,4.4,1013.0,30,0,1,12,0,24.0,20.57,20.57
2026-01-13,S001,P017,Orange,Fruits,Medium,28.5,26.0,32.0,78,0.0,4.7,1013.6,35,1,1,13,0,30.0,22.43,22.43
2026-01-14,S001,P017,Orange,Fruits,Medium,28.5,25.0,32.0,78,0.0,4.8,1012.7,31,2,1,14,0,35.0,23.71,23.71
2026-01-15,S001,P017,Orange,Fruits,Medium,28.5,26.0,31.0,77,0.0,6.4,1011.2,28,3,1,15,0,31.0,26.0,26.0
2026-01-16,S001,P017,Orange,Fruits,Medium,28.2,25.0,31.0,75,0.0,6.0,1011.3,15,4,1,16,0,28.0,26.29,26.29
2026-01-17,S001,P017,Orange,Fruits,Medium,28.3,24.0,32.0,69,0.0,6.5,1010.4,34,5,1,17,1,15.0,26.86,26.86
2026-01-18,S001,P017,Orange,Fruits,Medium,27.8,25.0,31.0,71,0.0,8.4,1009.8,26,6,1,18,1,34.0,28.14,28.14
2026-01-19,S001,P017,Orange,Fruits,Medium,28.0,25.0,31.0,72,0.0,6.9,1011.0,27,0,1,19,0,26.0,28.43,28.43
2026-01-20,S001,P017,Orange,Fruits,Medium,28.1,25.0,32.0,73,0.0,6.2,1010.6,24,1,1,20,0,27.0,28.0,28.0
2026-01-21,S001,P017,Orange,Fruits,Medium,28.0,24.0,31.0,72,0.0,6.5,1011.1,23,2,1,21,0,24.0,26.43,26.43
2026-01-22,S001,P017,Orange,Fruits,Medium,28.1,25.0,32.0,65,0.0,6.3,1011.9,32,3,1,22,0,23.0,25.29,25.29
2026-01-23,S001,P017,Orange,Fruits,Medium,27.6,23.0,32.0,69,0.0,6.0,1012.8,23,4,1,23,0,32.0,25.86,25.86
2026-01-24,S001,P017,Orange,Fruits,Medium,27.8,24.0,32.0,72,0.0,5.6,1013.0,31,5,1,24,1,23.0,27.0,27.0
2026-01-25,S001,P017,Orange,Fruits,Medium,28.6,26.0,31.0,77,0.0,6.1,1011.8,25,6,1,25,1,31.0,26.57,26.57
2026-01-26,S001,P017,Orange,Fruits,Medium,28.9,25.0,32.0,77,0.0,7.4,1012.6,25,0,1,26,0,25.0,26.43,26.43
2026-01-27,S001,P017,Orange,Fruits,Medium,29.1,26.0,32.0,76,0.0,5.5,1013.5,17,1,1,27,0,25.0,26.14,26.14
2026-01-28,S001,P017,Orange,Fruits,Medium,28.8,26.0,32.0,69,0.0,3.3,1012.6,37,2,1,28,0,17.0,25.14,25.14
2026-01-29,S001,P017,Orange,Fruits,Medium,28.3,25.0,32.7,68,0.0,2.9,1012.3,23,3,1,29,0,37.0,27.14,27.14
2026-01-30,S001,P017,Orange,Fruits,Medium,27.2,23.1,32.3,70,0.0,2.4,1013.2,28,4,1,30,0,23.0,25.86,25.86
2026-01-31,S001,P017,Orange,Fruits,Medium,27.0,22.5,32.0,70,0.0,2.4,1013.0,18,5,1,31,1,28.0,26.57,26.57
2026-02-01,S001,P017,Orange,Fruits,Medium,27.4,23.0,32.2,71,0.0,2.5,1012.7,24,6,2,1,1,18.0,24.71,24.71
2026-02-02,S001,P017,Orange,Fruits,Medium,27.8,24.1,32.3,74,0.0,2.1,1012.9,29,0,2,2,0,24.0,24.57,24.57
2026-02-03,S001,P017,Orange,Fruits,Medium,27.9,24.4,32.3,74,0.0,2.1,1012.5,27,1,2,3,0,29.0,25.14,25.14
2026-02-04,S001,P017,Orange,Fruits,Medium,27.9,24.2,32.4,72,0.0,2.2,1012.8,21,2,2,4,0,27.0,26.57,26.57
2026-02-05,S001,P017,Orange,Fruits,Medium,28.1,24.2,32.7,71,0.0,2.5,1012.9,27,3,2,5,0,21.0,24.29,24.29
2026-02-06,S001,P017,Orange,Fruits,Medium,27.9,24.0,32.5,71,0.0,2.3,1012.9,26,4,2,6,0,27.0,24.86,24.86
2026-02-07,S001,P017,Orange,Fruits,Medium,27.8,23.9,32.5,70,0.0,2.4,1012.6,35,5,2,7,1,26.0,24.57,24.57
2026-01-01,S001,P018,Grapes,Fruits,Medium,29.2,25.0,32.0,71,0.0,8.8,1010.2,16,3,1,1,0,15.0,20.71,20.71
2026-01-02,S001,P018,Grapes,Fruits,Medium,28.2,26.0,31.0,71,0.0,5.3,1011.5,28,4,1,2,0,16.0,19.57,19.57
2026-01-03,S001,P018,Grapes,Fruits,Medium,28.3,25.0,32.0,76,0.0,5.5,1011.3,20,5,1,3,1,28.0,21.43,21.43
2026-01-04,S001,P018,Grapes,Fruits,Medium,28.5,25.0,33.0,67,0.0,6.2,1011.3,29,6,1,4,1,20.0,21.71,21.71
2026-01-05,S001,P018,Grapes,Fruits,Medium,27.8,24.0,32.0,69,0.0,4.9,1011.4,28,0,1,5,0,29.0,22.0,22.0
2026-01-06,S001,P018,Grapes,Fruits,Medium,28.4,25.0,32.0,70,0.0,5.8,1011.8,20,1,1,6,0,28.0,22.14,22.14
2026-01-07,S001,P018,Grapes,Fruits,Medium,28.8,25.0,32.0,64,0.0,5.5,1012.0,16,2,1,7,0,20.0,22.29,22.29
2026-01-08,S001,P018,Grapes,Fruits,Medium,27.9,25.0,31.0,57,0.0,6.4,1012.0,24,3,1,8,0,16.0,22.43,22.43
2026-01-09,S001,P018,Grapes,Fruits,Medium,27.5,24.0,31.0,65,0.0,5.2,1011.5,19,4,1,9,0,24.0,23.57,23.57
2026-01-10,S001,P018,Grapes,Fruits,Medium,27.8,24.0,31.0,73,0.0,5.4,1011.0,27,5,1,10,1,19.0,22.29,22.29
2026-01-11,S001,P018,Grapes,Fruits,Medium,28.1,25.0,32.0,76,0.0,6.2,1012.2,37,6,1,11,1,27.0,23.29,23.29
2026-01-12,S001,P018,Grapes,Fruits,Medium,28.5,25.0,32.0,75,0.0,4.4,1013.0,22,0,1,12,0,37.0,24.43,24.43
2026-01-13,S001,P018,Grapes,Fruits,Medium,28.5,26.0,32.0,78,0.0,4.7,1013.6,22,1,1,13,0,22.0,23.57,23.57
2026-01-14,S001,P018,Grapes,Fruits,Medium,28.5,25.0,32.0,78,0.0,4.8,1012.7,16,2,1,14,0,22.0,23.86,23.86
2026-01-15,S001,P018,Grapes,Fruits,Medium,28.5,26.0,31.0,77,0.0,6.4,1011.2,24,3,1,15,0,16.0,23.86,23.86
2026-01-16,S001,P018,Grapes,Fruits,Medium,28.2,25.0,31.0,75,0.0,6.0,1011.3,20,4,1,16,0,24.0,23.86,23.86
2026-01-17,S001,P018,Grapes,Fruits,Medium,28.3,24.0,32.0,69,0.0,6.5,1010.4,19,5,1,17,1,20.0,24.0,24.0
2026-01-18,S001,P018,Grapes,Fruits,Medium,27.8,25.0,31.0,71,0.0,8.4,1009.8,16,6,1,18,1,19.0,22.86,22.86
2026-01-19,S001,P018,Grapes,Fruits,Medium,28.0,25.0,31.0,72,0.0,6.9,1011.0,14,0,1,19,0,16.0,19.86,19.86
2026-01-20,S001,P018,Grapes,Fruits,Medium,28.1,25.0,32.0,73,0.0,6.2,1010.6,25,1,1,20,0,14.0,18.71,18.71
2026-01-21,S001,P018,Grapes,Fruits,Medium,28.0,24.0,31.0,72,0.0,6.5,1011.1,19,2,1,21,0,25.0,19.14,19.14
2026-01-22,S001,P018,Grapes,Fruits,Medium,28.1,25.0,32.0,65,0.0,6.3,1011.9,21,3,1,22,0,19.0,19.57,19.57
2026-01-23,S001,P018,Grapes,Fruits,Medium,27.6,23.0,32.0,69,0.0,6.0,1012.8,27,4,1,23,0,21.0,19.14,19.14
2026-01-24,S001,P018,Grapes,Fruits,Medium,27.8,24.0,32.0,72,0.0,5.6,1013.0,17,5,1,24,1,27.0,20.14,20.14
2026-01-25,S001,P018,Grapes,Fruits,Medium,28.6,26.0,31.0,77,0.0,6.1,1011.8,18,6,1,25,1,17.0,19.86,19.86
2026-01-26,S001,P018,Grapes,Fruits,Medium,28.9,25.0,32.0,77,0.0,7.4,1012.6,27,0,1,26,0,18.0,20.14,20.14
2026-01-27,S001,P018,Grapes,Fruits,Medium,29.1,26.0,32.0,76,0.0,5.5,1013.5,20,1,1,27,0,27.0,22.0,22.0
2026-01-28,S001,P018,Grapes,Fruits,Medium,28.8,26.0,32.0,69,0.0,3.3,1012.6,24,2,1,28,0,20.0,21.29,21.29
2026-01-29,S001,P018,Grapes,Fruits,Medium,28.3,25.0,32.7,68,0.0,2.9,1012.3,17,3,1,29,0,24.0,22.0,22.0
2026-01-30,S001,P018,Grapes,Fruits,Medium,27.2,23.1,32.3,70,0.0,2.4,1013.2,20,4,1,30,0,17.0,21.43,21.43
2026-01-31,S001,P018,Grapes,Fruits,Medium,27.0,22.5,32.0,70,0.0,2.4,1013.0,25,5,1,31,1,20.0,20.43,20.43
2026-02-01,S001,P018,Grapes,Fruits,Medium,27.4,23.0,32.2,71,0.0,2.5,1012.7,23,6,2,1,1,25.0,21.57,21.57
2026-02-02,S001,P018,Grapes,Fruits,Medium,27.8,24.1,32.3,74,0.0,2.1,1012.9,27,0,2,2,0,23.0,22.29,22.29
2026-02-03,S001,P018,Grapes,Fruits,Medium,27.9,24.4,32.3,74,0.0,2.1,1012.5,28,1,2,3,0,27.0,22.29,22.29
2026-02-04,S001,P018,Grapes,Fruits,Medium,27.9,24.2,32.4,72,0.0,2.2,1012.8,12,2,2,4,0,28.0,23.43,23.43
2026-02-05,S001,P018,Grapes,Fruits,Medium,28.1,24.2,32.7,71,0.0,2.5,1012.9,19,3,2,5,0,12.0,21.71,21.71
2026-02-06,S001,P018,Grapes,Fruits,Medium,27.9,24.0,32.5,71,0.0,2.3,1012.9,23,4,2,6,0,19.0,22.0,22.0
2026-02-07,S001,P018,Grapes,Fruits,Medium,27.8,23.9,32.5,70,0.0,2.4,1012.6,27,5,2,7,1,23.0,22.43,22.43
2026-01-01,S001,P019,Pineapple,Fruits,Medium,29.2,25.0,32.0,71,0.0,8.8,1010.2,32,3,1,1,0,29.0,27.43,27.43
2026-01-02,S001,P019,Pineapple,Fruits,Medium,28.2,26.0,31.0,71,0.0,5.3,1011.5,14,4,1,2,0,32.0,28.86,28.86
2026-01-03,S001,P019,Pineapple,Fruits,Medium,28.3,25.0,32.0,76,0.0,5.5,1011.3,33,5,1,3,1,14.0,29.29,29.29
2026-01-04,S001,P019,Pineapple,Fruits,Medium,28.5,25.0,33.0,67,0.0,6.2,1011.3,26,6,1,4,1,33.0,27.71,27.71
2026-01-05,S001,P019,Pineapple,Fruits,Medium,27.8,24.0,32.0,69,0.0,4.9,1011.4,25,0,1,5,0,26.0,27.86,27.86
2026-01-06,S001,P019,Pineapple,Fruits,Medium,28.4,25.0,32.0,70,0.0,5.8,1011.8,23,1,1,6,0,25.0,26.86,26.86
2026-01-07,S001,P019,Pineapple,Fruits,Medium,28.8,25.0,32.0,64,0.0,5.5,1012.0,20,2,1,7,0,23.0,26.0,26.0
2026-01-08,S001,P019,Pineapple,Fruits,Medium,27.9,25.0,31.0,57,0.0,6.4,1012.0,25,3,1,8,0,20.0,24.71,24.71
2026-01-09,S001,P019,Pineapple,Fruits,Medium,27.5,24.0,31.0,65,0.0,5.2,1011.5,17,4,1,9,0,25.0,23.71,23.71
2026-01-10,S001,P019,Pineapple,Fruits,Medium,27.8,24.0,31.0,73,0.0,5.4,1011.0,36,5,1,10,1,17.0,24.14,24.14
2026-01-11,S001,P019,Pineapple,Fruits,Medium,28.1,25.0,32.0,76,0.0,6.2,1012.2,22,6,1,11,1,36.0,24.57,24.57
2026-01-12,S001,P019,Pineapple,Fruits,Medium,28.5,25.0,32.0,75,0.0,4.4,1013.0,9,0,1,12,0,22.0,24.0,24.0
2026-01-13,S001,P019,Pineapple,Fruits,Medium,28.5,26.0,32.0,78,0.0,4.7,1013.6,25,1,1,13,0,9.0,21.71,21.71
2026-01-14,S001,P019,Pineapple,Fruits,Medium,28.5,25.0,32.0,78,0.0,4.8,1012.7,15,2,1,14,0,25.0,22.0,22.0
2026-01-15,S001,P019,Pineapple,Fruits,Medium,28.5,26.0,31.0,77,0.0,6.4,1011.2,23,3,1,15,0,15.0,21.29,21.29
2026-01-16,S001,P019,Pineapple,Fruits,Medium,28.2,25.0,31.0,75,0.0,6.0,1011.3,16,4,1,16,0,23.0,21.0,21.0
2026-01-17,S001,P019,Pineapple,Fruits,Medium,28.3,24.0,32.0,69,0.0,6.5,1010.4,31,5,1,17,1,16.0,20.86,20.86
2026-01-18,S001,P019,Pineapple,Fruits,Medium,27.8,25.0,31.0,71,0.0,8.4,1009.8,33,6,1,18,1,31.0,20.14,20.14
2026-01-19,S001,P019,Pineapple,Fruits,Medium,28.0,25.0,31.0,72,0.0,6.9,1011.0,17,0,1,19,0,33.0,21.71,21.71
2026-01-20,S001,P019,Pineapple,Fruits,Medium,28.1,25.0,32.0,73,0.0,6.2,1010.6,21,1,1,20,0,17.0,22.86,22.86
2026-01-21,S001,P019,Pineapple,Fruits,Medium,28.0,24.0,31.0,72,0.0,6.5,1011.1,11,2,1,21,0,21.0,22.29,22.29
2026-01-22,S001,P019,Pineapple,Fruits,Medium,28.1,25.0,32.0,65,0.0,6.3,1011.9,19,3,1,22,0,11.0,21.71,21.71
2026-01-23,S001,P019,Pineapple,Fruits,Medium,27.6,23.0,32.0,69,0.0,6.0,1012.8,24,4,1,23,0,19.0,21.14,21.14
2026-01-24,S001,P019,Pineapple,Fruits,Medium,27.8,24.0,32.0,72,0.0,5.6,1013.0,33,5,1,24,1,24.0,22.29,22.29
2026-01-25,S001,P019,Pineapple,Fruits,Medium,28.6,26.0,31.0,77,0.0,6.1,1011.8,36,6,1,25,1,33.0,22.57,22.57
2026-01-26,S001,P019,Pineapple,Fruits,Medium,28.9,25.0,32.0,77,0.0,7.4,1012.6,21,0,1,26,0,36.0,23.0,23.0
2026-01-27,S001,P019,Pineapple,Fruits,Medium,29.1,26.0,32.0,76,0.0,5.5,1013.5,33,1,1,27,0,21.0,23.57,23.57
2026-01-28,S001,P019,Pineapple,Fruits,Medium,28.8,26.0,32.0,69,0.0,3.3,1012.6,22,2,1,28,0,33.0,25.29,25.29
2026-01-29,S001,P019,Pineapple,Fruits,Medium,28.3,25.0,32.7,68,0.0,2.9,1012.3,16,3,1,29,0,22.0,26.86,26.86
2026-01-30,S001,P019,Pineapple,Fruits,Medium,27.2,23.1,32.3,70,0.0,2.4,1013.2,15,4,1,30,0,16.0,26.43,26.43
2026-01-31,S001,P019,Pineapple,Fruits,Medium,27.0,22.5,32.0,70,0.0,2.4,1013.0,30,5,1,31,1,15.0,25.14,25.14
2026-02-01,S001,P019,Pineapple,Fruits,Medium,27.4,23.0,32.2,71,0.0,2.5,1012.7,26,6,2,1,1,30.0,24.71,24.71
2026-02-02,S001,P019,Pineapple,Fruits,Medium,27.8,24.1,32.3,74,0.0,2.1,1012.9,36,0,2,2,0,26.0,23.29,23.29
2026-02-03,S001,P019,Pineapple,Fruits,Medium,27.9,24.4,32.3,74,0.0,2.1,1012.5,35,1,2,3,0,36.0,25.43,25.43
2026-02-04,S001,P019,Pineapple,Fruits,Medium,27.9,24.2,32.4,72,0.0,2.2,1012.8,20,2,2,4,0,35.0,25.71,25.71
2026-02-05,S001,P019,Pineapple,Fruits,Medium,28.1,24.2,32.7,71,0.0,2.5,1012.9,18,3,2,5,0,20.0,25.43,25.43
2026-02-06,S001,P019,Pineapple,Fruits,Medium,27.9,24.0,32.5,71,0.0,2.3,1012.9,27,4,2,6,0,18.0,25.71,25.71
2026-02-07,S001,P019,Pineapple,Fruits,Medium,27.8,23.9,32.5,70,0.0,2.4,1012.6,33,5,2,7,1,27.0,27.43,27.43
2026-01-01,S001,P020,Banana,Fruits,Low,29.2,25.0,32.0,71,0.0,8.8,1010.2,7,3,1,1,0,29.0,16.0,16.0
2026-01-02,S001,P020,Banana,Fruits,Low,28.2,26.0,31.0,71,0.0,5.3,1011.5,13,4,1,2,0,7.0,15.14,15.14
2026-01-03,S001,P020,Banana,Fruits,Low,28.3,25.0,32.0,76,0.0,5.5,1011.3,31,5,1,3,1,13.0,14.71,14.71
2026-01-04,S001,P020,Banana,Fruits,Low,28.5,25.0,33.0,67,0.0,6.2,1011.3,31,6,1,4,1,31.0,17.86,17.86
2026-01-05,S001,P020,Banana,Fruits,Low,27.8,24.0,32.0,69,0.0,4.9,1011.4,17,0,1,5,0,31.0,19.0,19.0
2026-01-06,S001,P020,Banana,Fruits,Low,28.4,25.0,32.0,70,0.0,5.8,1011.8,31,1,1,6,0,17.0,19.71,19.71
2026-01-07,S001,P020,Banana,Fruits,Low,28.8,25.0,32.0,64,0.0,5.5,1012.0,32,2,1,7,0,31.0,22.71,22.71
2026-01-08,S001,P020,Banana,Fruits,Low,27.9,25.0,31.0,57,0.0,6.4,1012.0,16,3,1,8,0,32.0,23.14,23.14
2026-01-09,S001,P020,Banana,Fruits,Low,27.5,24.0,31.0,65,0.0,5.2,1011.5,16,4,1,9,0,16.0,24.43,24.43
2026-01-10,S001,P020,Banana,Fruits,Low,27.8,24.0,31.0,73,0.0,5.4,1011.0,29,5,1,10,1,16.0,24.86,24.86
2026-01-11,S001,P020,Banana,Fruits,Low,28.1,25.0,32.0,76,0.0,6.2,1012.2,39,6,1,11,1,29.0,24.57,24.57
2026-01-12,S001,P020,Banana,Fruits,Low,28.5,25.0,32.0,75,0.0,4.4,1013.0,14,0,1,12,0,39.0,25.71,25.71
2026-01-13,S001,P020,Banana,Fruits,Low,28.5,26.0,32.0,78,0.0,4.7,1013.6,25,1,1,13,0,14.0,25.29,25.29
2026-01-14,S001,P020,Banana,Fruits,Low,28.5,25.0,32.0,78,0.0,4.8,1012.7,15,2,1,14,0,25.0,24.43,24.43
2026-01-15,S001,P020,Banana,Fruits,Low,28.5,26.0,31.0,77,0.0,6.4,1011.2,13,3,1,15,0,15.0,22.0,22.0
2026-01-16,S001,P020,Banana,Fruits,Low,28.2,25.0,31.0,75,0.0,6.0,1011.3,22,4,1,16,0,13.0,21.57,21.57
2026-01-17,S001,P020,Banana,Fruits,Low,28.3,24.0,32.0,69,0.0,6.5,1010.4,10,5,1,17,1,22.0,22.43,22.43
2026-01-18,S001,P020,Banana,Fruits,Low,27.8,25.0,31.0,71,0.0,8.4,1009.8,30,6,1,18,1,10.0,19.71,19.71
2026-01-19,S001,P020,Banana,Fruits,Low,28.0,25.0,31.0,72,0.0,6.9,1011.0,8,0,1,19,0,30.0,18.43,18.43
2026-01-20,S001,P020,Banana,Fruits,Low,28.1,25.0,32.0,73,0.0,6.2,1010.6,10,1,1,20,0,8.0,17.57,17.57
2026-01-21,S001,P020,Banana,Fruits,Low,28.0,24.0,31.0,72,0.0,6.5,1011.1,29,2,1,21,0,10.0,15.43,15.43
2026-01-22,S001,P020,Banana,Fruits,Low,28.1,25.0,32.0,65,0.0,6.3,1011.9,17,3,1,22,0,29.0,17.43,17.43
2026-01-23,S001,P020,Banana,Fruits,Low,27.6,23.0,32.0,69,0.0,6.0,1012.8,19,4,1,23,0,17.0,18.0,18.0
2026-01-24,S001,P020,Banana,Fruits,Low,27.8,24.0,32.0,72,0.0,5.6,1013.0,27,5,1,24,1,19.0,17.57,17.57
2026-01-25,S001,P020,Banana,Fruits,Low,28.6,26.0,31.0,77,0.0,6.1,1011.8,15,6,1,25,1,27.0,20.0,20.0
2026-01-26,S001,P020,Banana,Fruits,Low,28.9,25.0,32.0,77,0.0,7.4,1012.6,28,0,1,26,0,15.0,17.86,17.86
2026-01-27,S001,P020,Banana,Fruits,Low,29.1,26.0,32.0,76,0.0,5.5,1013.5,26,1,1,27,0,28.0,20.71,20.71
2026-01-28,S001,P020,Banana,Fruits,Low,28.8,26.0,32.0,69,0.0,3.3,1012.6,25,2,1,28,0,26.0,23.0,23.0
2026-01-29,S001,P020,Banana,Fruits,Low,28.3,25.0,32.7,68,0.0,2.9,1012.3,15,3,1,29,0,25.0,22.43,22.43
2026-01-30,S001,P020,Banana,Fruits,Low,27.2,23.1,32.3,70,0.0,2.4,1013.2,30,4,1,30,0,15.0,22.14,22.14
2026-01-31,S001,P020,Banana,Fruits,Low,27.0,22.5,32.0,70,0.0,2.4,1013.0,28,5,1,31,1,30.0,23.71,23.71
2026-02-01,S001,P020,Banana,Fruits,Low,27.4,23.0,32.2,71,0.0,2.5,1012.7,31,6,2,1,1,28.0,23.86,23.86
2026-02-02,S001,P020,Banana,Fruits,Low,27.8,24.1,32.3,74,0.0,2.1,1012.9,15,0,2,2,0,31.0,26.14,26.14
2026-02-03,S001,P020,Banana,Fruits,Low,27.9,24.4,32.3,74,0.0,2.1,1012.5,23,1,2,3,0,15.0,24.29,24.29
2026-02-04,S001,P020,Banana,Fruits,Low,27.9,24.2,32.4,72,0.0,2.2,1012.8,24,2,2,4,0,23.0,23.86,23.86
2026-02-05,S001,P020,Banana,Fruits,Low,28.1,24.2,32.7,71,0.0,2.5,1012.9,21,3,2,5,0,24.0,23.71,23.71
2026-02-06,S001,P020,Banana,Fruits,Low,27.9,24.0,32.5,71,0.0,2.3,1012.9,18,4,2,6,0,21.0,24.57,24.57
2026-02-07,S001,P020,Banana,Fruits,Low,27.8,23.9,32.5,70,0.0,2.4,1012.6,29,5,2,7,1,18.0,22.86,22.86
2026-01-01,S001,P021,Papaya,Fruits,Low,29.2,25.0,32.0,71,0.0,8.8,1010.2,19,3,1,1,0,15.0,17.14,17.14
2026-01-02,S001,P021,Papaya,Fruits,Low,28.2,26.0,31.0,71,0.0,5.3,1011.5,25,4,1,2,0,19.0,16.71,16.71
2026-01-03,S001,P021,Papaya,Fruits,Low,28.3,25.0,32.0,76,0.0,5.5,1011.3,27,5,1,3,1,25.0,18.29,18.29
2026-01-04,S001,P021,Papaya,Fruits,Low,28.5,25.0,33.0,67,0.0,6.2,1011.3,21,6,1,4,1,27.0,17.57,17.57
2026-01-05,S001,P021,Papaya,Fruits,Low,27.8,24.0,32.0,69,0.0,4.9,1011.4,17,0,1,5,0,21.0,18.86,18.86
2026-01-06,S001,P021,Papaya,Fruits,Low,28.4,25.0,32.0,70,0.0,5.8,1011.8,14,1,1,6,0,17.0,19.86,19.86
2026-01-07,S001,P021,Papaya,Fruits,Low,28.8,25.0,32.0,64,0.0,5.5,1012.0,21,2,1,7,0,14.0,19.71,19.71
2026-01-08,S001,P021,Papaya,Fruits,Low,27.9,25.0,31.0,57,0.0,6.4,1012.0,26,3,1,8,0,21.0,20.57,20.57
2026-01-09,S001,P021,Papaya,Fruits,Low,27.5,24.0,31.0,65,0.0,5.2,1011.5,19,4,1,9,0,26.0,21.57,21.57
2026-01-10,S001,P021,Papaya,Fruits,Low,27.8,24.0,31.0,73,0.0,5.4,1011.0,24,5,1,10,1,19.0,20.71,20.71
2026-01-11,S001,P021,Papaya,Fruits,Low,28.1,25.0,32.0,76,0.0,6.2,1012.2,11,6,1,11,1,24.0,20.29,20.29
2026-01-12,S001,P021,Papaya,Fruits,Low,28.5,25.0,32.0,75,0.0,4.4,1013.0,32,0,1,12,0,11.0,18.86,18.86
2026-01-13,S001,P021,Papaya,Fruits,Low,28.5,26.0,32.0,78,0.0,4.7,1013.6,15,1,1,13,0,32.0,21.0,21.0
2026-01-14,S001,P021,Papaya,Fruits,Low,28.5,25.0,32.0,78,0.0,4.8,1012.7,25,2,1,14,0,15.0,21.14,21.14
2026-01-15,S001,P021,Papaya,Fruits,Low,28.5,26.0,31.0,77,0.0,6.4,1011.2,28,3,1,15,0,25.0,21.71,21.71
2026-01-16,S001,P021,Papaya,Fruits,Low,28.2,25.0,31.0,75,0.0,6.0,1011.3,30,4,1,16,0,28.0,22.0,22.0
2026-01-17,S001,P021,Papaya,Fruits,Low,28.3,24.0,32.0,69,0.0,6.5,1010.4,12,5,1,17,1,30.0,23.57,23.57
2026-01-18,S001,P021,Papaya,Fruits,Low,27.8,25.0,31.0,71,0.0,8.4,1009.8,38,6,1,18,1,12.0,21.86,21.86
2026-01-19,S001,P021,Papaya,Fruits,Low,28.0,25.0,31.0,72,0.0,6.9,1011.0,25,0,1,19,0,38.0,25.71,25.71
2026-01-20,S001,P021,Papaya,Fruits,Low,28.1,25.0,32.0,73,0.0,6.2,1010.6,10,1,1,20,0,25.0,24.71,24.71
2026-01-21,S001,P021,Papaya,Fruits,Low,28.0,24.0,31.0,72,0.0,6.5,1011.1,29,2,1,21,0,10.0,24.0,24.0
2026-01-22,S001,P021,Papaya,Fruits,Low,28.1,25.0,32.0,65,0.0,6.3,1011.9,16,3,1,22,0,29.0,24.57,24.57
2026-01-23,S001,P021,Papaya,Fruits,Low,27.6,23.0,32.0,69,0.0,6.0,1012.8,28,4,1,23,0,16.0,22.86,22.86
2026-01-24,S001,P021,Papaya,Fruits,Low,27.8,24.0,32.0,72,0.0,5.6,1013.0,26,5,1,24,1,28.0,22.57,22.57
2026-01-25,S001,P021,Papaya,Fruits,Low,28.6,26.0,31.0,77,0.0,6.1,1011.8,25,6,1,25,1,26.0,24.57,24.57
2026-01-26,S001,P021,Papaya,Fruits,Low,28.9,25.0,32.0,77,0.0,7.4,1012.6,23,0,1,26,0,25.0,22.71,22.71
2026-01-27,S001,P021,Papaya,Fruits,Low,29.1,26.0,32.0,76,0.0,5.5,1013.5,15,1,1,27,0,23.0,22.43,22.43
2026-01-28,S001,P021,Papaya,Fruits,Low,28.8,26.0,32.0,69,0.0,3.3,1012.6,19,2,1,28,0,15.0,23.14,23.14
2026-01-29,S001,P021,Papaya,Fruits,Low,28.3,25.0,32.7,68,0.0,2.9,1012.3,26,3,1,29,0,19.0,21.71,21.71
2026-01-30,S001,P021,Papaya,Fruits,Low,27.2,23.1,32.3,70,0.0,2.4,1013.2,23,4,1,30,0,26.0,23.14,23.14
2026-01-31,S001,P021,Papaya,Fruits,Low,27.0,22.5,32.0,70,0.0,2.4,1013.0,32,5,1,31,1,23.0,22.43,22.43
2026-02-01,S001,P021,Papaya,Fruits,Low,27.4,23.0,32.2,71,0.0,2.5,1012.7,17,6,2,1,1,32.0,23.29,23.29
2026-02-02,S001,P021,Papaya,Fruits,Low,27.8,24.1,32.3,74,0.0,2.1,1012.9,16,0,2,2,0,17.0,22.14,22.14
2026-02-03,S001,P021,Papaya,Fruits,Low,27.9,24.4,32.3,74,0.0,2.1,1012.5,18,1,2,3,0,16.0,21.14,21.14
2026-02-04,S001,P021,Papaya,Fruits,Low,27.9,24.2,32.4,72,0.0,2.2,1012.8,29,2,2,4,0,18.0,21.57,21.57
2026-02-05,S001,P021,Papaya,Fruits,Low,28.1,24.2,32.7,71,0.0,2.5,1012.9,22,3,2,5,0,29.0,23.0,23.0
2026-02-06,S001,P021,Papaya,Fruits,Low,27.9,24.0,32.5,71,0.0,2.3,1012.9,32,4,2,6,0,22.0,22.43,22.43
2026-02-07,S001,P021,Papaya,Fruits,Low,27.8,23.9,32.5,70,0.0,2.4,1012.6,31,5,2,7,1,32.0,23.71,23.71
2026-01-01,S001,P022,Apple,Fruits,Low,29.2,25.0,32.0,71,0.0,8.8,1010.2,8,3,1,1,0,26.0,24.29,24.29
2026-01-02,S001,P022,Apple,Fruits,Low,28.2,26.0,31.0,71,0.0,5.3,1011.5,9,4,1,2,0,8.0,21.57,21.57
2026-01-03,S001,P022,Apple,Fruits,Low,28.3,25.0,32.0,76,0.0,5.5,1011.3,23,5,1,3,1,9.0,18.86,18.86
2026-01-04,S001,P022,Apple,Fruits,Low,28.5,25.0,33.0,67,0.0,6.2,1011.3,23,6,1,4,1,23.0,18.86,18.86
2026-01-05,S001,P022,Apple,Fruits,Low,27.8,24.0,32.0,69,0.0,4.9,1011.4,22,0,1,5,0,23.0,17.14,17.14
2026-01-06,S001,P022,Apple,Fruits,Low,28.4,25.0,32.0,70,0.0,5.8,1011.8,28,1,1,6,0,22.0,19.43,19.43
2026-01-07,S001,P022,Apple,Fruits,Low,28.8,25.0,32.0,64,0.0,5.5,1012.0,22,2,1,7,0,28.0,19.86,19.86
2026-01-08,S001,P022,Apple,Fruits,Low,27.9,25.0,31.0,57,0.0,6.4,1012.0,19,3,1,8,0,22.0,19.29,19.29
2026-01-09,S001,P022,Apple,Fruits,Low,27.5,24.0,31.0,65,0.0,5.2,1011.5,30,4,1,9,0,19.0,20.86,20.86
2026-01-10,S001,P022,Apple,Fruits,Low,27.8,24.0,31.0,73,0.0,5.4,1011.0,24,5,1,10,1,30.0,23.86,23.86
2026-01-11,S001,P022,Apple,Fruits,Low,28.1,25.0,32.0,76,0.0,6.2,1012.2,21,6,1,11,1,24.0,24.0,24.0
2026-01-12,S001,P022,Apple,Fruits,Low,28.5,25.0,32.0,75,0.0,4.4,1013.0,28,0,1,12,0,21.0,23.71,23.71
2026-01-13,S001,P022,Apple,Fruits,Low,28.5,26.0,32.0,78,0.0,4.7,1013.6,31,1,1,13,0,28.0,24.57,24.57
2026-01-14,S001,P022,Apple,Fruits,Low,28.5,25.0,32.0,78,0.0,4.8,1012.7,25,2,1,14,0,31.0,25.0,25.0
2026-01-15,S001,P022,Apple,Fruits,Low,28.5,26.0,31.0,77,0.0,6.4,1011.2,11,3,1,15,0,25.0,25.43,25.43
2026-01-16,S001,P022,Apple,Fruits,Low,28.2,25.0,31.0,75,0.0,6.0,1011.3,12,4,1,16,0,11.0,24.29,24.29
2026-01-17,S001,P022,Apple,Fruits,Low,28.3,24.0,32.0,69,0.0,6.5,1010.4,28,5,1,17,1,12.0,21.71,21.71
2026-01-18,S001,P022,Apple,Fruits,Low,27.8,25.0,31.0,71,0.0,8.4,1009.8,26,6,1,18,1,28.0,22.29,22.29
2026-01-19,S001,P022,Apple,Fruits,Low,28.0,25.0,31.0,72,0.0,6.9,1011.0,20,0,1,19,0,26.0,23.0,23.0
2026-01-20,S001,P022,Apple,Fruits,Low,28.1,25.0,32.0,73,0.0,6.2,1010.6,12,1,1,20,0,20.0,21.86,21.86
2026-01-21,S001,P022,Apple,Fruits,Low,28.0,24.0,31.0,72,0.0,6.5,1011.1,29,2,1,21,0,12.0,19.14,19.14
2026-01-22,S001,P022,Apple,Fruits,Low,28.1,25.0,32.0,65,0.0,6.3,1011.9,27,3,1,22,0,29.0,19.71,19.71
2026-01-23,S001,P022,Apple,Fruits,Low,27.6,23.0,32.0,69,0.0,6.0,1012.8,9,4,1,23,0,27.0,22.0,22.0
2026-01-24,S001,P022,Apple,Fruits,Low,27.8,24.0,32.0,72,0.0,5.6,1013.0,23,5,1,24,1,9.0,21.57,21.57
2026-01-25,S001,P022,Apple,Fruits,Low,28.6,26.0,31.0,77,0.0,6.1,1011.8,34,6,1,25,1,23.0,20.86,20.86
2026-01-26,S001,P022,Apple,Fruits,Low,28.9,25.0,32.0,77,0.0,7.4,1012.6,15,0,1,26,0,34.0,22.0,22.0
2026-01-27,S001,P022,Apple,Fruits,Low,29.1,26.0,32.0,76,0.0,5.5,1013.5,19,1,1,27,0,15.0,21.29,21.29
2026-01-28,S001,P022,Apple,Fruits,Low,28.8,26.0,32.0,69,0.0,3.3,1012.6,22,2,1,28,0,19.0,22.29,22.29
2026-01-29,S001,P022,Apple,Fruits,Low,28.3,25.0,32.7,68,0.0,2.9,1012.3,22,3,1,29,0,22.0,21.29,21.29
2026-01-30,S001,P022,Apple,Fruits,Low,27.2,23.1,32.3,70,0.0,2.4,1013.2,31,4,1,30,0,22.0,20.57,20.57
2026-01-31,S001,P022,Apple,Fruits,Low,27.0,22.5,32.0,70,0.0,2.4,1013.0,34,5,1,31,1,31.0,23.71,23.71
2026-02-01,S001,P022,Apple,Fruits,Low,27.4,23.0,32.2,71,0.0,2.5,1012.7,17,6,2,1,1,34.0,25.29,25.29
2026-02-02,S001,P022,Apple,Fruits,Low,27.8,24.1,32.3,74,0.0,2.1,1012.9,26,0,2,2,0,17.0,22.86,22.86
2026-02-03,S001,P022,Apple,Fruits,Low,27.9,24.4,32.3,74,0.0,2.1,1012.5,10,1,2,3,0,26.0,24.43,24.43
2026-02-04,S001,P022,Apple,Fruits,Low,27.9,24.2,32.4,72,0.0,2.2,1012.8,7,2,2,4,0,10.0,23.14,23.14
2026-02-05,S001,P022,Apple,Fruits,Low,28.1,24.2,32.7,71,0.0,2.5,1012.9,24,3,2,5,0,7.0,21.0,21.0
2026-02-06,S001,P022,Apple,Fruits,Low,27.9,24.0,32.5,71,0.0,2.3,1012.9,11,4,2,6,0,24.0,21.29,21.29
2026-02-07,S001,P022,Apple,Fruits,Low,27.8,23.9,32.5,70,0.0,2.4,1012.6,17,5,2,7,1,11.0,18.43,18.43
2026-01-01,S001,P023,Tomato,Vegetables,Medium,29.2,25.0,32.0,71,0.0,8.8,1010.2,21,3,1,1,0,34.0,25.86,25.86
2026-01-02,S001,P023,Tomato,Vegetables,Medium,28.2,26.0,31.0,71,0.0,5.3,1011.5,18,4,1,2,0,21.0,26.71,26.71
2026-01-03,S001,P023,Tomato,Vegetables,Medium,28.3,25.0,32.0,76,0.0,5.5,1011.3,31,5,1,3,1,18.0,25.14,25.14
2026-01-04,S001,P023,Tomato,Vegetables,Medium,28.5,25.0,33.0,67,0.0,6.2,1011.3,20,6,1,4,1,31.0,26.43,26.43
2026-01-05,S001,P023,Tomato,Vegetables,Medium,27.8,24.0,32.0,69,0.0,4.9,1011.4,25,0,1,5,0,20.0,25.29,25.29
2026-01-06,S001,P023,Tomato,Vegetables,Medium,28.4,25.0,32.0,70,0.0,5.8,1011.8,33,1,1,6,0,25.0,25.71,25.71
2026-01-07,S001,P023,Tomato,Vegetables,Medium,28.8,25.0,32.0,64,0.0,5.5,1012.0,17,2,1,7,0,33.0,26.0,26.0
2026-01-08,S001,P023,Tomato,Vegetables,Medium,27.9,25.0,31.0,57,0.0,6.4,1012.0,24,3,1,8,0,17.0,23.57,23.57
2026-01-09,S001,P023,Tomato,Vegetables,Medium,27.5,24.0,31.0,65,0.0,5.2,1011.5,11,4,1,9,0,24.0,24.0,24.0
2026-01-10,S001,P023,Tomato,Vegetables,Medium,27.8,24.0,31.0,73,0.0,5.4,1011.0,17,5,1,10,1,11.0,23.0,23.0
2026-01-11,S001,P023,Tomato,Vegetables,Medium,28.1,25.0,32.0,76,0.0,6.2,1012.2,39,6,1,11,1,17.0,21.0,21.0
2026-01-12,S001,P023,Tomato,Vegetables,Medium,28.5,25.0,32.0,75,0.0,4.4,1013.0,26,0,1,12,0,39.0,23.71,23.71
2026-01-13,S001,P023,Tomato,Vegetables,Medium,28.5,26.0,32.0,78,0.0,4.7,1013.6,15,1,1,13,0,26.0,23.86,23.86
2026-01-14,S001,P023,Tomato,Vegetables,Medium,28.5,25.0,32.0,78,0.0,4.8,1012.7,34,2,1,14,0,15.0,21.29,21.29
2026-01-15,S001,P023,Tomato,Vegetables,Medium,28.5,26.0,31.0,77,0.0,6.4,1011.2,16,3,1,15,0,34.0,23.71,23.71
2026-01-16,S001,P023,Tomato,Vegetables,Medium,28.2,25.0,31.0,75,0.0,6.0,1011.3,27,4,1,16,0,16.0,22.57,22.57
2026-01-17,S001,P023,Tomato,Vegetables,Medium,28.3,24.0,32.0,69,0.0,6.5,1010.4,23,5,1,17,1,27.0,24.86,24.86
2026-01-18,S001,P023,Tomato,Vegetables,Medium,27.8,25.0,31.0,71,0.0,8.4,1009.8,29,6,1,18,1,23.0,25.71,25.71
2026-01-19,S001,P023,Tomato,Vegetables,Medium,28.0,25.0,31.0,72,0.0,6.9,1011.0,28,0,1,19,0,29.0,24.29,24.29
2026-01-20,S001,P023,Tomato,Vegetables,Medium,28.1,25.0,32.0,73,0.0,6.2,1010.6,25,1,1,20,0,28.0,24.57,24.57
2026-01-21,S001,P023,Tomato,Vegetables,Medium,28.0,24.0,31.0,72,0.0,6.5,1011.1,22,2,1,21,0,25.0,26.0,26.0
2026-01-22,S001,P023,Tomato,Vegetables,Medium,28.1,25.0,32.0,65,0.0,6.3,1011.9,27,3,1,22,0,22.0,24.29,24.29
2026-01-23,S001,P023,Tomato,Vegetables,Medium,27.6,23.0,32.0,69,0.0,6.0,1012.8,28,4,1,23,0,27.0,25.86,25.86
2026-01-24,S001,P023,Tomato,Vegetables,Medium,27.8,24.0,32.0,72,0.0,5.6,1013.0,16,5,1,24,1,28.0,26.0,26.0
2026-01-25,S001,P023,Tomato,Vegetables,Medium,28.6,26.0,31.0,77,0.0,6.1,1011.8,23,6,1,25,1,16.0,25.0,25.0
2026-01-26,S001,P023,Tomato,Vegetables,Medium,28.9,25.0,32.0,77,0.0,7.4,1012.6,30,0,1,26,0,23.0,24.14,24.14
2026-01-27,S001,P023,Tomato,Vegetables,Medium,29.1,26.0,32.0,76,0.0,5.5,1013.5,33,1,1,27,0,30.0,24.43,24.43
2026-01-28,S001,P023,Tomato,Vegetables,Medium,28.8,26.0,32.0,69,0.0,3.3,1012.6,17,2,1,28,0,33.0,25.57,25.57
2026-01-29,S001,P023,Tomato,Vegetables,Medium,28.3,25.0,32.7,68,0.0,2.9,1012.3,19,3,1,29,0,17.0,24.86,24.86
2026-01-30,S001,P023,Tomato,Vegetables,Medium,27.2,23.1,32.3,70,0.0,2.4,1013.2,29,4,1,30,0,19.0,23.71,23.71
2026-01-31,S001,P023,Tomato,Vegetables,Medium,27.0,22.5,32.0,70,0.0,2.4,1013.0,36,5,1,31,1,29.0,23.86,23.86
2026-02-01,S001,P023,Tomato,Vegetables,Medium,27.4,23.0,32.2,71,0.0,2.5,1012.7,25,6,2,1,1,36.0,26.71,26.71
2026-02-02,S001,P023,Tomato,Vegetables,Medium,27.8,24.1,32.3,74,0.0,2.1,1012.9,23,0,2,2,0,25.0,27.0,27.0
2026-02-03,S001,P023,Tomato,Vegetables,Medium,27.9,24.4,32.3,74,0.0,2.1,1012.5,31,1,2,3,0,23.0,26.0,26.0
2026-02-04,S001,P023,Tomato,Vegetables,Medium,27.9,24.2,32.4,72,0.0,2.2,1012.8,13,2,2,4,0,31.0,25.71,25.71
2026-02-05,S001,P023,Tomato,Vegetables,Medium,28.1,24.2,32.7,71,0.0,2.5,1012.9,20,3,2,5,0,13.0,25.14,25.14
2026-02-06,S001,P023,Tomato,Vegetables,Medium,27.9,24.0,32.5,71,0.0,2.3,1012.9,12,4,2,6,0,20.0,25.29,25.29
2026-02-07,S001,P023,Tomato,Vegetables,Medium,27.8,23.9,32.5,70,0.0,2.4,1012.6,26,5,2,7,1,12.0,22.86,22.86
2026-01-01,S001,P024,Cucumber,Vegetables,High,29.2,25.0,32.0,71,0.0,8.8,1010.2,35,3,1,1,0,23.0,30.0,30.0
2026-01-02,S001,P024,Cucumber,Vegetables,High,28.2,26.0,31.0,71,0.0,5.3,1011.5,27,4,1,2,0,35.0,31.0,31.0
2026-01-03,S001,P024,Cucumber,Vegetables,High,28.3,25.0,32.0,76,0.0,5.5,1011.3,27,5,1,3,1,27.0,29.71,29.71
2026-01-04,S001,P024,Cucumber,Vegetables,High,28.5,25.0,33.0,67,0.0,6.2,1011.3,35,6,1,4,1,27.0,28.0,28.0
2026-01-05,S001,P024,Cucumber,Vegetables,High,27.8,24.0,32.0,69,0.0,4.9,1011.4,39,0,1,5,0,35.0,29.43,29.43
2026-01-06,S001,P024,Cucumber,Vegetables,High,28.4,25.0,32.0,70,0.0,5.8,1011.8,27,1,1,6,0,39.0,29.71,29.71
2026-01-07,S001,P024,Cucumber,Vegetables,High,28.8,25.0,32.0,64,0.0,5.5,1012.0,30,2,1,7,0,27.0,30.43,30.43
2026-01-08,S001,P024,Cucumber,Vegetables,High,27.9,25.0,31.0,57,0.0,6.4,1012.0,23,3,1,8,0,30.0,31.43,31.43
2026-01-09,S001,P024,Cucumber,Vegetables,High,27.5,24.0,31.0,65,0.0,5.2,1011.5,23,4,1,9,0,23.0,29.71,29.71
2026-01-10,S001,P024,Cucumber,Vegetables,High,27.8,24.0,31.0,73,0.0,5.4,1011.0,37,5,1,10,1,23.0,29.14,29.14
2026-01-11,S001,P024,Cucumber,Vegetables,High,28.1,25.0,32.0,76,0.0,6.2,1012.2,37,6,1,11,1,37.0,30.57,30.57
2026-01-12,S001,P024,Cucumber,Vegetables,High,28.5,25.0,32.0,75,0.0,4.4,1013.0,36,0,1,12,0,37.0,30.86,30.86
2026-01-13,S001,P024,Cucumber,Vegetables,High,28.5,26.0,32.0,78,0.0,4.7,1013.6,38,1,1,13,0,36.0,30.43,30.43
2026-01-14,S001,P024,Cucumber,Vegetables,High,28.5,25.0,32.0,78,0.0,4.8,1012.7,23,2,1,14,0,38.0,32.0,32.0
2026-01-15,S001,P024,Cucumber,Vegetables,High,28.5,26.0,31.0,77,0.0,6.4,1011.2,16,3,1,15,0,23.0,31.0,31.0
2026-01-16,S001,P024,Cucumber,Vegetables,High,28.2,25.0,31.0,75,0.0,6.0,1011.3,20,4,1,16,0,16.0,30.0,30.0
2026-01-17,S001,P024,Cucumber,Vegetables,High,28.3,24.0,32.0,69,0.0,6.5,1010.4,33,5,1,17,1,20.0,29.57,29.57
2026-01-18,S001,P024,Cucumber,Vegetables,High,27.8,25.0,31.0,71,0.0,8.4,1009.8,29,6,1,18,1,33.0,29.0,29.0
2026-01-19,S001,P024,Cucumber,Vegetables,High,28.0,25.0,31.0,72,0.0,6.9,1011.0,34,0,1,19,0,29.0,27.86,27.86
2026-01-20,S001,P024,Cucumber,Vegetables,High,28.1,25.0,32.0,73,0.0,6.2,1010.6,30,1,1,20,0,34.0,27.57,27.57
2026-01-21,S001,P024,Cucumber,Vegetables,High,28.0,24.0,31.0,72,0.0,6.5,1011.1,32,2,1,21,0,30.0,26.43,26.43
2026-01-22,S001,P024,Cucumber,Vegetables,High,28.1,25.0,32.0,65,0.0,6.3,1011.9,23,3,1,22,0,32.0,27.71,27.71
2026-01-23,S001,P024,Cucumber,Vegetables,High,27.6,23.0,32.0,69,0.0,6.0,1012.8,32,4,1,23,0,23.0,28.71,28.71
2026-01-24,S001,P024,Cucumber,Vegetables,High,27.8,24.0,32.0,72,0.0,5.6,1013.0,39,5,1,24,1,32.0,30.43,30.43
2026-01-25,S001,P024,Cucumber,Vegetables,High,28.6,26.0,31.0,77,0.0,6.1,1011.8,18,6,1,25,1,39.0,31.29,31.29
2026-01-26,S001,P024,Cucumber,Vegetables,High,28.9,25.0,32.0,77,0.0,7.4,1012.6,33,0,1,26,0,18.0,29.71,29.71
2026-01-27,S001,P024,Cucumber,Vegetables,High,29.1,26.0,32.0,76,0.0,5.5,1013.5,26,1,1,27,0,33.0,29.57,29.57
2026-01-28,S001,P024,Cucumber,Vegetables,High,28.8,26.0,32.0,69,0.0,3.3,1012.6,22,2,1,28,0,26.0,29.0,29.0
2026-01-29,S001,P024,Cucumber,Vegetables,High,28.3,25.0,32.7,68,0.0,2.9,1012.3,36,3,1,29,0,22.0,27.57,27.57
2026-01-30,S001,P024,Cucumber,Vegetables,High,27.2,23.1,32.3,70,0.0,2.4,1013.2,16,4,1,30,0,36.0,29.43,29.43
2026-01-31,S001,P024,Cucumber,Vegetables,High,27.0,22.5,32.0,70,0.0,2.4,1013.0,26,5,1,31,1,16.0,27.14,27.14
2026-02-01,S001,P024,Cucumber,Vegetables,High,27.4,23.0,32.2,71,0.0,2.5,1012.7,30,6,2,1,1,26.0,25.29,25.29
2026-02-02,S001,P024,Cucumber,Vegetables,High,27.8,24.1,32.3,74,0.0,2.1,1012.9,30,0,2,2,0,30.0,27.0,27.0
2026-02-03,S001,P024,Cucumber,Vegetables,High,27.9,24.4,32.3,74,0.0,2.1,1012.5,16,1,2,3,0,30.0,26.57,26.57
2026-02-04,S001,P024,Cucumber,Vegetables,High,27.9,24.2,32.4,72,0.0,2.2,1012.8,31,2,2,4,0,16.0,25.14,25.14
2026-02-05,S001,P024,Cucumber,Vegetables,High,28.1,24.2,32.7,71,0.0,2.5,1012.9,26,3,2,5,0,31.0,26.43,26.43
2026-02-06,S001,P024,Cucumber,Vegetables,High,27.9,24.0,32.5,71,0.0,2.3,1012.9,31,4,2,6,0,26.0,25.0,25.0
2026-02-07,S001,P024,Cucumber,Vegetables,High,27.8,23.9,32.5,70,0.0,2.4,1012.6,31,5,2,7,1,31.0,27.14,27.14
2026-01-01,S001,P025,Carrot,Vegetables,Low,29.2,25.0,32.0,71,0.0,8.8,1010.2,19,3,1,1,0,13.0,18.0,18.0
2026-01-02,S001,P025,Carrot,Vegetables,Low,28.2,26.0,31.0,71,0.0,5.3,1011.5,23,4,1,2,0,19.0,17.86,17.86
2026-01-03,S001,P025,Carrot,Vegetables,Low,28.3,25.0,32.0,76,0.0,5.5,1011.3,23,5,1,3,1,23.0,19.71,19.71
2026-01-04,S001,P025,Carrot,Vegetables,Low,28.5,25.0,33.0,67,0.0,6.2,1011.3,20,6,1,4,1,23.0,20.43,20.43
2026-01-05,S001,P025,Carrot,Vegetables,Low,27.8,24.0,32.0,69,0.0,4.9,1011.4,21,0,1,5,0,20.0,19.57,19.57
2026-01-06,S001,P025,Carrot,Vegetables,Low,28.4,25.0,32.0,70,0.0,5.8,1011.8,24,1,1,6,0,21.0,18.71,18.71
2026-01-07,S001,P025,Carrot,Vegetables,Low,28.8,25.0,32.0,64,0.0,5.5,1012.0,24,2,1,7,0,24.0,20.43,20.43
2026-01-08,S001,P025,Carrot,Vegetables,Low,27.9,25.0,31.0,57,0.0,6.4,1012.0,31,3,1,8,0,24.0,22.0,22.0
2026-01-09,S001,P025,Carrot,Vegetables,Low,27.5,24.0,31.0,65,0.0,5.2,1011.5,26,4,1,9,0,31.0,23.71,23.71
2026-01-10,S001,P025,Carrot,Vegetables,Low,27.8,24.0,31.0,73,0.0,5.4,1011.0,18,5,1,10,1,26.0,24.14,24.14
2026-01-11,S001,P025,Carrot,Vegetables,Low,28.1,25.0,32.0,76,0.0,6.2,1012.2,14,6,1,11,1,18.0,23.43,23.43
2026-01-12,S001,P025,Carrot,Vegetables,Low,28.5,25.0,32.0,75,0.0,4.4,1013.0,22,0,1,12,0,14.0,22.57,22.57
2026-01-13,S001,P025,Carrot,Vegetables,Low,28.5,26.0,32.0,78,0.0,4.7,1013.6,22,1,1,13,0,22.0,22.71,22.71
2026-01-14,S001,P025,Carrot,Vegetables,Low,28.5,25.0,32.0,78,0.0,4.8,1012.7,23,2,1,14,0,22.0,22.43,22.43
2026-01-15,S001,P025,Carrot,Vegetables,Low,28.5,26.0,31.0,77,0.0,6.4,1011.2,17,3,1,15,0,23.0,22.29,22.29
2026-01-16,S001,P025,Carrot,Vegetables,Low,28.2,25.0,31.0,75,0.0,6.0,1011.3,12,4,1,16,0,17.0,20.29,20.29
2026-01-17,S001,P025,Carrot,Vegetables,Low,28.3,24.0,32.0,69,0.0,6.5,1010.4,16,5,1,17,1,12.0,18.29,18.29
2026-01-18,S001,P025,Carrot,Vegetables,Low,27.8,25.0,31.0,71,0.0,8.4,1009.8,36,6,1,18,1,16.0,18.0,18.0
2026-01-19,S001,P025,Carrot,Vegetables,Low,28.0,25.0,31.0,72,0.0,6.9,1011.0,24,0,1,19,0,36.0,21.14,21.14
2026-01-20,S001,P025,Carrot,Vegetables,Low,28.1,25.0,32.0,73,0.0,6.2,1010.6,13,1,1,20,0,24.0,21.43,21.43
2026-01-21,S001,P025,Carrot,Vegetables,Low,28.0,24.0,31.0,72,0.0,6.5,1011.1,13,2,1,21,0,13.0,20.14,20.14
2026-01-22,S001,P025,Carrot,Vegetables,Low,28.1,25.0,32.0,65,0.0,6.3,1011.9,19,3,1,22,0,13.0,18.71,18.71
2026-01-23,S001,P025,Carrot,Vegetables,Low,27.6,23.0,32.0,69,0.0,6.0,1012.8,13,4,1,23,0,19.0,19.0,19.0
2026-01-24,S001,P025,Carrot,Vegetables,Low,27.8,24.0,32.0,72,0.0,5.6,1013.0,16,5,1,24,1,13.0,19.14,19.14
2026-01-25,S001,P025,Carrot,Vegetables,Low,28.6,26.0,31.0,77,0.0,6.1,1011.8,14,6,1,25,1,16.0,19.14,19.14
2026-01-26,S001,P025,Carrot,Vegetables,Low,28.9,25.0,32.0,77,0.0,7.4,1012.6,25,0,1,26,0,14.0,16.0,16.0
2026-01-27,S001,P025,Carrot,Vegetables,Low,29.1,26.0,32.0,76,0.0,5.5,1013.5,21,1,1,27,0,25.0,16.14,16.14
2026-01-28,S001,P025,Carrot,Vegetables,Low,28.8,26.0,32.0,69,0.0,3.3,1012.6,26,2,1,28,0,21.0,17.29,17.29
2026-01-29,S001,P025,Carrot,Vegetables,Low,28.3,25.0,32.7,68,0.0,2.9,1012.3,23,3,1,29,0,26.0,19.14,19.14
2026-01-30,S001,P025,Carrot,Vegetables,Low,27.2,23.1,32.3,70,0.0,2.4,1013.2,26,4,1,30,0,23.0,19.71,19.71
2026-01-31,S001,P025,Carrot,Vegetables,Low,27.0,22.5,32.0,70,0.0,2.4,1013.0,33,5,1,31,1,26.0,21.57,21.57
2026-02-01,S001,P025,Carrot,Vegetables,Low,27.4,23.0,32.2,71,0.0,2.5,1012.7,23,6,2,1,1,33.0,24.0,24.0
2026-02-02,S001,P025,Carrot,Vegetables,Low,27.8,24.1,32.3,74,0.0,2.1,1012.9,26,0,2,2,0,23.0,25.29,25.29
2026-02-03,S001,P025,Carrot,Vegetables,Low,27.9,24.4,32.3,74,0.0,2.1,1012.5,20,1,2,3,0,26.0,25.43,25.43
2026-02-04,S001,P025,Carrot,Vegetables,Low,27.9,24.2,32.4,72,0.0,2.2,1012.8,31,2,2,4,0,20.0,25.29,25.29
2026-02-05,S001,P025,Carrot,Vegetables,Low,28.1,24.2,32.7,71,0.0,2.5,1012.9,25,3,2,5,0,31.0,26.0,26.0
2026-02-06,S001,P025,Carrot,Vegetables,Low,27.9,24.0,32.5,71,0.0,2.3,1012.9,29,4,2,6,0,25.0,26.29,26.29
2026-02-07,S001,P025,Carrot,Vegetables,Low,27.8,23.9,32.5,70,0.0,2.4,1012.6,22,5,2,7,1,29.0,26.71,26.71
2026-01-01,S001,P026,Potato,Vegetables,Very Low,29.2,25.0,32.0,71,0.0,8.8,1010.2,18,3,1,1,0,16.0,24.14,24.14
2026-01-02,S001,P026,Potato,Vegetables,Very Low,28.2,26.0,31.0,71,0.0,5.3,1011.5,23,4,1,2,0,18.0,22.86,22.86
2026-01-03,S001,P026,Potato,Vegetables,Very Low,28.3,25.0,32.0,76,0.0,5.5,1011.3,23,5,1,3,1,23.0,22.14,22.14
2026-01-04,S001,P026,Potato,Vegetables,Very Low,28.5,25.0,33.0,67,0.0,6.2,1011.3,17,6,1,4,1,23.0,21.29,21.29
2026-01-05,S001,P026,Potato,Vegetables,Very Low,27.8,24.0,32.0,69,0.0,4.9,1011.4,24,0,1,5,0,17.0,20.86,20.86
2026-01-06,S001,P026,Potato,Vegetables,Very Low,28.4,25.0,32.0,70,0.0,5.8,1011.8,23,1,1,6,0,24.0,20.57,20.57
2026-01-07,S001,P026,Potato,Vegetables,Very Low,28.8,25.0,32.0,64,0.0,5.5,1012.0,11,2,1,7,0,23.0,20.57,20.57
2026-01-08,S001,P026,Potato,Vegetables,Very Low,27.9,25.0,31.0,57,0.0,6.4,1012.0,19,3,1,8,0,11.0,19.86,19.86
2026-01-09,S001,P026,Potato,Vegetables,Very Low,27.5,24.0,31.0,65,0.0,5.2,1011.5,24,4,1,9,0,19.0,20.0,20.0
2026-01-10,S001,P026,Potato,Vegetables,Very Low,27.8,24.0,31.0,73,0.0,5.4,1011.0,28,5,1,10,1,24.0,20.14,20.14
2026-01-11,S001,P026,Potato,Vegetables,Very Low,28.1,25.0,32.0,76,0.0,6.2,1012.2,22,6,1,11,1,28.0,20.86,20.86
2026-01-12,S001,P026,Potato,Vegetables,Very Low,28.5,25.0,32.0,75,0.0,4.4,1013.0,10,0,1,12,0,22.0,21.57,21.57
2026-01-13,S001,P026,Potato,Vegetables,Very Low,28.5,26.0,32.0,78,0.0,4.7,1013.6,15,1,1,13,0,10.0,19.57,19.57
2026-01-14,S001,P026,Potato,Vegetables,Very Low,28.5,25.0,32.0,78,0.0,4.8,1012.7,26,2,1,14,0,15.0,18.43,18.43
2026-01-15,S001,P026,Potato,Vegetables,Very Low,28.5,26.0,31.0,77,0.0,6.4,1011.2,27,3,1,15,0,26.0,20.57,20.57
2026-01-16,S001,P026,Potato,Vegetables,Very Low,28.2,25.0,31.0,75,0.0,6.0,1011.3,17,4,1,16,0,27.0,21.71,21.71
2026-01-17,S001,P026,Potato,Vegetables,Very Low,28.3,24.0,32.0,69,0.0,6.5,1010.4,11,5,1,17,1,17.0,20.71,20.71
2026-01-18,S001,P026,Potato,Vegetables,Very Low,27.8,25.0,31.0,71,0.0,8.4,1009.8,27,6,1,18,1,11.0,18.29,18.29
2026-01-19,S001,P026,Potato,Vegetables,Very Low,28.0,25.0,31.0,72,0.0,6.9,1011.0,23,0,1,19,0,27.0,19.0,19.0
2026-01-20,S001,P026,Potato,Vegetables,Very Low,28.1,25.0,32.0,73,0.0,6.2,1010.6,24,1,1,20,0,23.0,20.86,20.86
2026-01-21,S001,P026,Potato,Vegetables,Very Low,28.0,24.0,31.0,72,0.0,6.5,1011.1,13,2,1,21,0,24.0,22.14,22.14
2026-01-22,S001,P026,Potato,Vegetables,Very Low,28.1,25.0,32.0,65,0.0,6.3,1011.9,11,3,1,22,0,13.0,20.29,20.29
2026-01-23,S001,P026,Potato,Vegetables,Very Low,27.6,23.0,32.0,69,0.0,6.0,1012.8,21,4,1,23,0,11.0,18.0,18.0
2026-01-24,S001,P026,Potato,Vegetables,Very Low,27.8,24.0,32.0,72,0.0,5.6,1013.0,12,5,1,24,1,21.0,18.57,18.57
2026-01-25,S001,P026,Potato,Vegetables,Very Low,28.6,26.0,31.0,77,0.0,6.1,1011.8,20,6,1,25,1,12.0,18.71,18.71
2026-01-26,S001,P026,Potato,Vegetables,Very Low,28.9,25.0,32.0,77,0.0,7.4,1012.6,17,0,1,26,0,20.0,17.71,17.71
2026-01-27,S001,P026,Potato,Vegetables,Very Low,29.1,26.0,32.0,76,0.0,5.5,1013.5,32,1,1,27,0,17.0,16.86,16.86
2026-01-28,S001,P026,Potato,Vegetables,Very Low,28.8,26.0,32.0,69,0.0,3.3,1012.6,19,2,1,28,0,32.0,18.0,18.0
2026-01-29,S001,P026,Potato,Vegetables,Very Low,28.3,25.0,32.7,68,0.0,2.9,1012.3,22,3,1,29,0,19.0,18.86,18.86
2026-01-30,S001,P026,Potato,Vegetables,Very Low,27.2,23.1,32.3,70,0.0,2.4,1013.2,14,4,1,30,0,22.0,20.43,20.43
2026-01-31,S001,P026,Potato,Vegetables,Very Low,27.0,22.5,32.0,70,0.0,2.4,1013.0,30,5,1,31,1,14.0,19.43,19.43
2026-02-01,S001,P026,Potato,Vegetables,Very Low,27.4,23.0,32.2,71,0.0,2.5,1012.7,16,6,2,1,1,30.0,22.0,22.0
2026-02-02,S001,P026,Potato,Vegetables,Very Low,27.8,24.1,32.3,74,0.0,2.1,1012.9,20,0,2,2,0,16.0,21.43,21.43
2026-02-03,S001,P026,Potato,Vegetables,Very Low,27.9,24.4,32.3,74,0.0,2.1,1012.5,19,1,2,3,0,20.0,21.86,21.86
2026-02-04,S001,P026,Potato,Vegetables,Very Low,27.9,24.2,32.4,72,0.0,2.2,1012.8,31,2,2,4,0,19.0,20.0,20.0
2026-02-05,S001,P026,Potato,Vegetables,Very Low,28.1,24.2,32.7,71,0.0,2.5,1012.9,20,3,2,5,0,31.0,21.71,21.71
2026-02-06,S001,P026,Potato,Vegetables,Very Low,27.9,24.0,32.5,71,0.0,2.3,1012.9,26,4,2,6,0,20.0,21.43,21.43
2026-02-07,S001,P026,Potato,Vegetables,Very Low,27.8,23.9,32.5,70,0.0,2.4,1012.6,34,5,2,7,1,26.0,23.14,23.14
2026-01-01,S001,P027,Onion,Vegetables,Very Low,29.2,25.0,32.0,71,0.0,8.8,1010.2,21,3,1,1,0,13.0,23.29,23.29
2026-01-02,S001,P027,Onion,Vegetables,Very Low,28.2,26.0,31.0,71,0.0,5.3,1011.5,25,4,1,2,0,21.0,23.0,23.0
2026-01-03,S001,P027,Onion,Vegetables,Very Low,28.3,25.0,32.0,76,0.0,5.5,1011.3,33,5,1,3,1,25.0,24.71,24.71
2026-01-04,S001,P027,Onion,Vegetables,Very Low,28.5,25.0,33.0,67,0.0,6.2,1011.3,21,6,1,4,1,33.0,25.0,25.0
2026-01-05,S001,P027,Onion,Vegetables,Very Low,27.8,24.0,32.0,69,0.0,4.9,1011.4,24,0,1,5,0,21.0,22.71,22.71
2026-01-06,S001,P027,Onion,Vegetables,Very Low,28.4,25.0,32.0,70,0.0,5.8,1011.8,34,1,1,6,0,24.0,23.0,23.0
2026-01-07,S001,P027,Onion,Vegetables,Very Low,28.8,25.0,32.0,64,0.0,5.5,1012.0,21,2,1,7,0,34.0,24.43,24.43
2026-01-08,S001,P027,Onion,Vegetables,Very Low,27.9,25.0,31.0,57,0.0,6.4,1012.0,35,3,1,8,0,21.0,25.57,25.57
2026-01-09,S001,P027,Onion,Vegetables,Very Low,27.5,24.0,31.0,65,0.0,5.2,1011.5,8,4,1,9,0,35.0,27.57,27.57
2026-01-10,S001,P027,Onion,Vegetables,Very Low,27.8,24.0,31.0,73,0.0,5.4,1011.0,24,5,1,10,1,8.0,25.14,25.14
2026-01-11,S001,P027,Onion,Vegetables,Very Low,28.1,25.0,32.0,76,0.0,6.2,1012.2,23,6,1,11,1,24.0,23.86,23.86
2026-01-12,S001,P027,Onion,Vegetables,Very Low,28.5,25.0,32.0,75,0.0,4.4,1013.0,19,0,1,12,0,23.0,24.14,24.14
2026-01-13,S001,P027,Onion,Vegetables,Very Low,28.5,26.0,32.0,78,0.0,4.7,1013.6,15,1,1,13,0,19.0,23.43,23.43
2026-01-14,S001,P027,Onion,Vegetables,Very Low,28.5,25.0,32.0,78,0.0,4.8,1012.7,14,2,1,14,0,15.0,20.71,20.71
2026-01-15,S001,P027,Onion,Vegetables,Very Low,28.5,26.0,31.0,77,0.0,6.4,1011.2,14,3,1,15,0,14.0,19.71,19.71
2026-01-16,S001,P027,Onion,Vegetables,Very Low,28.2,25.0,31.0,75,0.0,6.0,1011.3,27,4,1,16,0,14.0,16.71,16.71
2026-01-17,S001,P027,Onion,Vegetables,Very Low,28.3,24.0,32.0,69,0.0,6.5,1010.4,20,5,1,17,1,27.0,19.43,19.43
2026-01-18,S001,P027,Onion,Vegetables,Very Low,27.8,25.0,31.0,71,0.0,8.4,1009.8,25,6,1,18,1,20.0,18.86,18.86
2026-01-19,S001,P027,Onion,Vegetables,Very Low,28.0,25.0,31.0,72,0.0,6.9,1011.0,11,0,1,19,0,25.0,19.14,19.14
2026-01-20,S001,P027,Onion,Vegetables,Very Low,28.1,25.0,32.0,73,0.0,6.2,1010.6,19,1,1,20,0,11.0,18.0,18.0
2026-01-21,S001,P027,Onion,Vegetables,Very Low,28.0,24.0,31.0,72,0.0,6.5,1011.1,10,2,1,21,0,19.0,18.57,18.57
2026-01-22,S001,P027,Onion,Vegetables,Very Low,28.1,25.0,32.0,65,0.0,6.3,1011.9,23,3,1,22,0,10.0,18.0,18.0
2026-01-23,S001,P027,Onion,Vegetables,Very Low,27.6,23.0,32.0,69,0.0,6.0,1012.8,19,4,1,23,0,23.0,19.29,19.29
2026-01-24,S001,P027,Onion,Vegetables,Very Low,27.8,24.0,32.0,72,0.0,5.6,1013.0,32,5,1,24,1,19.0,18.14,18.14
2026-01-25,S001,P027,Onion,Vegetables,Very Low,28.6,26.0,31.0,77,0.0,6.1,1011.8,15,6,1,25,1,32.0,19.86,19.86
2026-01-26,S001,P027,Onion,Vegetables,Very Low,28.9,25.0,32.0,77,0.0,7.4,1012.6,13,0,1,26,0,15.0,18.43,18.43
2026-01-27,S001,P027,Onion,Vegetables,Very Low,29.1,26.0,32.0,76,0.0,5.5,1013.5,6,1,1,27,0,13.0,18.71,18.71
2026-01-28,S001,P027,Onion,Vegetables,Very Low,28.8,26.0,32.0,69,0.0,3.3,1012.6,16,2,1,28,0,6.0,16.86,16.86
2026-01-29,S001,P027,Onion,Vegetables,Very Low,28.3,25.0,32.7,68,0.0,2.9,1012.3,15,3,1,29,0,16.0,17.71,17.71
2026-01-30,S001,P027,Onion,Vegetables,Very Low,27.2,23.1,32.3,70,0.0,2.4,1013.2,29,4,1,30,0,15.0,16.57,16.57
2026-01-31,S001,P027,Onion,Vegetables,Very Low,27.0,22.5,32.0,70,0.0,2.4,1013.0,14,5,1,31,1,29.0,18.0,18.0
2026-02-01,S001,P027,Onion,Vegetables,Very Low,27.4,23.0,32.2,71,0.0,2.5,1012.7,22,6,2,1,1,14.0,15.43,15.43
2026-02-02,S001,P027,Onion,Vegetables,Very Low,27.8,24.1,32.3,74,0.0,2.1,1012.9,25,0,2,2,0,22.0,16.43,16.43
2026-02-03,S001,P027,Onion,Vegetables,Very Low,27.9,24.4,32.3,74,0.0,2.1,1012.5,21,1,2,3,0,25.0,18.14,18.14
2026-02-04,S001,P027,Onion,Vegetables,Very Low,27.9,24.2,32.4,72,0.0,2.2,1012.8,12,2,2,4,0,21.0,20.29,20.29
2026-02-05,S001,P027,Onion,Vegetables,Very Low,28.1,24.2,32.7,71,0.0,2.5,1012.9,26,3,2,5,0,12.0,19.71,19.71
2026-02-06,S001,P027,Onion,Vegetables,Very Low,27.9,24.0,32.5,71,0.0,2.3,1012.9,23,4,2,6,0,26.0,21.29,21.29
2026-02-07,S001,P027,Onion,Vegetables,Very Low,27.8,23.9,32.5,70,0.0,2.4,1012.6,30,5,2,7,1,23.0,20.43,20.43
2026-01-01,S001,P028,Green Chilli,Vegetables,Low,29.2,25.0,32.0,71,0.0,8.8,1010.2,9,3,1,1,0,11.0,19.14,19.14
2026-01-02,S001,P028,Green Chilli,Vegetables,Low,28.2,26.0,31.0,71,0.0,5.3,1011.5,20,4,1,2,0,9.0,17.71,17.71
2026-01-03,S001,P028,Green Chilli,Vegetables,Low,28.3,25.0,32.0,76,0.0,5.5,1011.3,28,5,1,3,1,20.0,17.71,17.71
2026-01-04,S001,P028,Green Chilli,Vegetables,Low,28.5,25.0,33.0,67,0.0,6.2,1011.3,12,6,1,4,1,28.0,18.14,18.14
2026-01-05,S001,P028,Green Chilli,Vegetables,Low,27.8,24.0,32.0,69,0.0,4.9,1011.4,35,0,1,5,0,12.0,16.14,16.14
2026-01-06,S001,P028,Green Chilli,Vegetables,Low,28.4,25.0,32.0,70,0.0,5.8,1011.8,31,1,1,6,0,35.0,17.86,17.86
2026-01-07,S001,P028,Green Chilli,Vegetables,Low,28.8,25.0,32.0,64,0.0,5.5,1012.0,15,2,1,7,0,31.0,20.86,20.86
2026-01-08,S001,P028,Green Chilli,Vegetables,Low,27.9,25.0,31.0,57,0.0,6.4,1012.0,22,3,1,8,0,15.0,21.43,21.43
2026-01-09,S001,P028,Green Chilli,Vegetables,Low,27.5,24.0,31.0,65,0.0,5.2,1011.5,29,4,1,9,0,22.0,23.29,23.29
2026-01-10,S001,P028,Green Chilli,Vegetables,Low,27.8,24.0,31.0,73,0.0,5.4,1011.0,16,5,1,10,1,29.0,24.57,24.57
2026-01-11,S001,P028,Green Chilli,Vegetables,Low,28.1,25.0,32.0,76,0.0,6.2,1012.2,31,6,1,11,1,16.0,22.86,22.86
2026-01-12,S001,P028,Green Chilli,Vegetables,Low,28.5,25.0,32.0,75,0.0,4.4,1013.0,11,0,1,12,0,31.0,25.57,25.57
2026-01-13,S001,P028,Green Chilli,Vegetables,Low,28.5,26.0,32.0,78,0.0,4.7,1013.6,14,1,1,13,0,11.0,22.14,22.14
2026-01-14,S001,P028,Green Chilli,Vegetables,Low,28.5,25.0,32.0,78,0.0,4.8,1012.7,22,2,1,14,0,14.0,19.71,19.71
2026-01-15,S001,P028,Green Chilli,Vegetables,Low,28.5,26.0,31.0,77,0.0,6.4,1011.2,11,3,1,15,0,22.0,20.71,20.71
2026-01-16,S001,P028,Green Chilli,Vegetables,Low,28.2,25.0,31.0,75,0.0,6.0,1011.3,26,4,1,16,0,11.0,19.14,19.14
2026-01-17,S001,P028,Green Chilli,Vegetables,Low,28.3,24.0,32.0,69,0.0,6.5,1010.4,31,5,1,17,1,26.0,18.71,18.71
2026-01-18,S001,P028,Green Chilli,Vegetables,Low,27.8,25.0,31.0,71,0.0,8.4,1009.8,16,6,1,18,1,31.0,20.86,20.86
2026-01-19,S001,P028,Green Chilli,Vegetables,Low,28.0,25.0,31.0,72,0.0,6.9,1011.0,19,0,1,19,0,16.0,18.71,18.71
2026-01-20,S001,P028,Green Chilli,Vegetables,Low,28.1,25.0,32.0,73,0.0,6.2,1010.6,32,1,1,20,0,19.0,19.86,19.86
2026-01-21,S001,P028,Green Chilli,Vegetables,Low,28.0,24.0,31.0,72,0.0,6.5,1011.1,21,2,1,21,0,32.0,22.43,22.43
2026-01-22,S001,P028,Green Chilli,Vegetables,Low,28.1,25.0,32.0,65,0.0,6.3,1011.9,25,3,1,22,0,21.0,22.29,22.29
2026-01-23,S001,P028,Green Chilli,Vegetables,Low,27.6,23.0,32.0,69,0.0,6.0,1012.8,17,4,1,23,0,25.0,24.29,24.29
2026-01-24,S001,P028,Green Chilli,Vegetables,Low,27.8,24.0,32.0,72,0.0,5.6,1013.0,37,5,1,24,1,17.0,23.0,23.0
2026-01-25,S001,P028,Green Chilli,Vegetables,Low,28.6,26.0,31.0,77,0.0,6.1,1011.8,22,6,1,25,1,37.0,23.86,23.86
2026-01-26,S001,P028,Green Chilli,Vegetables,Low,28.9,25.0,32.0,77,0.0,7.4,1012.6,23,0,1,26,0,22.0,24.71,24.71
2026-01-27,S001,P028,Green Chilli,Vegetables,Low,29.1,26.0,32.0,76,0.0,5.5,1013.5,12,1,1,27,0,23.0,25.29,25.29
2026-01-28,S001,P028,Green Chilli,Vegetables,Low,28.8,26.0,32.0,69,0.0,3.3,1012.6,27,2,1,28,0,12.0,22.43,22.43
2026-01-29,S001,P028,Green Chilli,Vegetables,Low,28.3,25.0,32.7,68,0.0,2.9,1012.3,11,3,1,29,0,27.0,23.29,23.29
2026-01-30,S001,P028,Green Chilli,Vegetables,Low,27.2,23.1,32.3,70,0.0,2.4,1013.2,21,4,1,30,0,11.0,21.29,21.29
2026-01-31,S001,P028,Green Chilli,Vegetables,Low,27.0,22.5,32.0,70,0.0,2.4,1013.0,24,5,1,31,1,21.0,21.86,21.86
2026-02-01,S001,P028,Green Chilli,Vegetables,Low,27.4,23.0,32.2,71,0.0,2.5,1012.7,22,6,2,1,1,24.0,20.0,20.0
2026-02-02,S001,P028,Green Chilli,Vegetables,Low,27.8,24.1,32.3,74,0.0,2.1,1012.9,25,0,2,2,0,22.0,20.0,20.0
2026-02-03,S001,P028,Green Chilli,Vegetables,Low,27.9,24.4,32.3,74,0.0,2.1,1012.5,16,1,2,3,0,25.0,20.29,20.29
2026-02-04,S001,P028,Green Chilli,Vegetables,Low,27.9,24.2,32.4,72,0.0,2.2,1012.8,12,2,2,4,0,16.0,20.86,20.86
2026-02-05,S001,P028,Green Chilli,Vegetables,Low,28.1,24.2,32.7,71,0.0,2.5,1012.9,21,3,2,5,0,12.0,18.71,18.71
2026-02-06,S001,P028,Green Chilli,Vegetables,Low,27.9,24.0,32.5,71,0.0,2.3,1012.9,9,4,2,6,0,21.0,20.14,20.14
2026-02-07,S001,P028,Green Chilli,Vegetables,Low,27.8,23.9,32.5,70,0.0,2.4,1012.6,11,5,2,7,1,9.0,18.43,18.43
2026-01-01,S001,P029,Spinach,Vegetables,Medium,29.2,25.0,32.0,71,0.0,8.8,1010.2,22,3,1,1,0,27.0,25.0,25.0
2026-01-02,S001,P029,Spinach,Vegetables,Medium,28.2,26.0,31.0,71,0.0,5.3,1011.5,28,4,1,2,0,22.0,26.57,26.57
2026-01-03,S001,P029,Spinach,Vegetables,Medium,28.3,25.0,32.0,76,0.0,5.5,1011.3,27,5,1,3,1,28.0,26.29,26.29
2026-01-04,S001,P029,Spinach,Vegetables,Medium,28.5,25.0,33.0,67,0.0,6.2,1011.3,35,6,1,4,1,27.0,26.43,26.43
2026-01-05,S001,P029,Spinach,Vegetables,Medium,27.8,24.0,32.0,69,0.0,4.9,1011.4,28,0,1,5,0,35.0,26.57,26.57
2026-01-06,S001,P029,Spinach,Vegetables,Medium,28.4,25.0,32.0,70,0.0,5.8,1011.8,19,1,1,6,0,28.0,28.71,28.71
2026-01-07,S001,P029,Spinach,Vegetables,Medium,28.8,25.0,32.0,64,0.0,5.5,1012.0,20,2,1,7,0,19.0,26.57,26.57
2026-01-08,S001,P029,Spinach,Vegetables,Medium,27.9,25.0,31.0,57,0.0,6.4,1012.0,23,3,1,8,0,20.0,25.57,25.57
2026-01-09,S001,P029,Spinach,Vegetables,Medium,27.5,24.0,31.0,65,0.0,5.2,1011.5,16,4,1,9,0,23.0,25.71,25.71
2026-01-10,S001,P029,Spinach,Vegetables,Medium,27.8,24.0,31.0,73,0.0,5.4,1011.0,24,5,1,10,1,16.0,24.0,24.0
2026-01-11,S001,P029,Spinach,Vegetables,Medium,28.1,25.0,32.0,76,0.0,6.2,1012.2,30,6,1,11,1,24.0,23.57,23.57
2026-01-12,S001,P029,Spinach,Vegetables,Medium,28.5,25.0,32.0,75,0.0,4.4,1013.0,25,0,1,12,0,30.0,22.86,22.86
2026-01-13,S001,P029,Spinach,Vegetables,Medium,28.5,26.0,32.0,78,0.0,4.7,1013.6,23,1,1,13,0,25.0,22.43,22.43
2026-01-14,S001,P029,Spinach,Vegetables,Medium,28.5,25.0,32.0,78,0.0,4.8,1012.7,29,2,1,14,0,23.0,23.0,23.0
2026-01-15,S001,P029,Spinach,Vegetables,Medium,28.5,26.0,31.0,77,0.0,6.4,1011.2,31,3,1,15,0,29.0,24.29,24.29
2026-01-16,S001,P029,Spinach,Vegetables,Medium,28.2,25.0,31.0,75,0.0,6.0,1011.3,24,4,1,16,0,31.0,25.43,25.43
2026-01-17,S001,P029,Spinach,Vegetables,Medium,28.3,24.0,32.0,69,0.0,6.5,1010.4,23,5,1,17,1,24.0,26.57,26.57
2026-01-18,S001,P029,Spinach,Vegetables,Medium,27.8,25.0,31.0,71,0.0,8.4,1009.8,25,6,1,18,1,23.0,26.43,26.43
2026-01-19,S001,P029,Spinach,Vegetables,Medium,28.0,25.0,31.0,72,0.0,6.9,1011.0,19,0,1,19,0,25.0,25.71,25.71
2026-01-20,S001,P029,Spinach,Vegetables,Medium,28.1,25.0,32.0,73,0.0,6.2,1010.6,31,1,1,20,0,19.0,24.86,24.86
2026-01-21,S001,P029,Spinach,Vegetables,Medium,28.0,24.0,31.0,72,0.0,6.5,1011.1,14,2,1,21,0,31.0,26.0,26.0
2026-01-22,S001,P029,Spinach,Vegetables,Medium,28.1,25.0,32.0,65,0.0,6.3,1011.9,26,3,1,22,0,14.0,23.86,23.86
2026-01-23,S001,P029,Spinach,Vegetables,Medium,27.6,23.0,32.0,69,0.0,6.0,1012.8,19,4,1,23,0,26.0,23.14,23.14
2026-01-24,S001,P029,Spinach,Vegetables,Medium,27.8,24.0,32.0,72,0.0,5.6,1013.0,17,5,1,24,1,19.0,22.43,22.43
2026-01-25,S001,P029,Spinach,Vegetables,Medium,28.6,26.0,31.0,77,0.0,6.1,1011.8,22,6,1,25,1,17.0,21.57,21.57
2026-01-26,S001,P029,Spinach,Vegetables,Medium,28.9,25.0,32.0,77,0.0,7.4,1012.6,35,0,1,26,0,22.0,21.14,21.14
2026-01-27,S001,P029,Spinach,Vegetables,Medium,29.1,26.0,32.0,76,0.0,5.5,1013.5,20,1,1,27,0,35.0,23.43,23.43
2026-01-28,S001,P029,Spinach,Vegetables,Medium,28.8,26.0,32.0,69,0.0,3.3,1012.6,21,2,1,28,0,20.0,21.86,21.86
2026-01-29,S001,P029,Spinach,Vegetables,Medium,28.3,25.0,32.7,68,0.0,2.9,1012.3,26,3,1,29,0,21.0,22.86,22.86
2026-01-30,S001,P029,Spinach,Vegetables,Medium,27.2,23.1,32.3,70,0.0,2.4,1013.2,36,4,1,30,0,26.0,22.86,22.86
2026-01-31,S001,P029,Spinach,Vegetables,Medium,27.0,22.5,32.0,70,0.0,2.4,1013.0,20,5,1,31,1,36.0,25.29,25.29
2026-02-01,S001,P029,Spinach,Vegetables,Medium,27.4,23.0,32.2,71,0.0,2.5,1012.7,18,6,2,1,1,20.0,25.71,25.71
2026-02-02,S001,P029,Spinach,Vegetables,Medium,27.8,24.1,32.3,74,0.0,2.1,1012.9,18,0,2,2,0,18.0,25.14,25.14
2026-02-03,S001,P029,Spinach,Vegetables,Medium,27.9,24.4,32.3,74,0.0,2.1,1012.5,28,1,2,3,0,18.0,22.71,22.71
2026-02-04,S001,P029,Spinach,Vegetables,Medium,27.9,24.2,32.4,72,0.0,2.2,1012.8,14,2,2,4,0,28.0,23.86,23.86
2026-02-05,S001,P029,Spinach,Vegetables,Medium,28.1,24.2,32.7,71,0.0,2.5,1012.9,23,3,2,5,0,14.0,22.86,22.86
2026-02-06,S001,P029,Spinach,Vegetables,Medium,27.9,24.0,32.5,71,0.0,2.3,1012.9,30,4,2,6,0,23.0,22.43,22.43
2026-02-07,S001,P029,Spinach,Vegetables,Medium,27.8,23.9,32.5,70,0.0,2.4,1012.6,29,5,2,7,1,30.0,21.57,21.57
2026-01-01,S001,P030,Capsicum,Vegetables,Low,29.2,25.0,32.0,71,0.0,8.8,1010.2,27,3,1,1,0,28.0,25.43,25.43
2026-01-02,S001,P030,Capsicum,Vegetables,Low,28.2,26.0,31.0,71,0.0,5.3,1011.5,6,4,1,2,0,27.0,25.71,25.71
2026-01-03,S001,P030,Capsicum,Vegetables,Low,28.3,25.0,32.0,76,0.0,5.5,1011.3,16,5,1,3,1,6.0,23.14,23.14
2026-01-04,S001,P030,Capsicum,Vegetables,Low,28.5,25.0,33.0,67,0.0,6.2,1011.3,38,6,1,4,1,16.0,21.57,21.57
2026-01-05,S001,P030,Capsicum,Vegetables,Low,27.8,24.0,32.0,69,0.0,4.9,1011.4,20,0,1,5,0,38.0,22.29,22.29
2026-01-06,S001,P030,Capsicum,Vegetables,Low,28.4,25.0,32.0,70,0.0,5.8,1011.8,11,1,1,6,0,20.0,22.14,22.14
2026-01-07,S001,P030,Capsicum,Vegetables,Low,28.8,25.0,32.0,64,0.0,5.5,1012.0,27,2,1,7,0,11.0,20.86,20.86
2026-01-08,S001,P030,Capsicum,Vegetables,Low,27.9,25.0,31.0,57,0.0,6.4,1012.0,10,3,1,8,0,27.0,20.71,20.71
2026-01-09,S001,P030,Capsicum,Vegetables,Low,27.5,24.0,31.0,65,0.0,5.2,1011.5,20,4,1,9,0,10.0,18.29,18.29
2026-01-10,S001,P030,Capsicum,Vegetables,Low,27.8,24.0,31.0,73,0.0,5.4,1011.0,29,5,1,10,1,20.0,20.29,20.29
2026-01-11,S001,P030,Capsicum,Vegetables,Low,28.1,25.0,32.0,76,0.0,6.2,1012.2,38,6,1,11,1,29.0,22.14,22.14
2026-01-12,S001,P030,Capsicum,Vegetables,Low,28.5,25.0,32.0,75,0.0,4.4,1013.0,23,0,1,12,0,38.0,22.14,22.14
2026-01-13,S001,P030,Capsicum,Vegetables,Low,28.5,26.0,32.0,78,0.0,4.7,1013.6,26,1,1,13,0,23.0,22.57,22.57
2026-01-14,S001,P030,Capsicum,Vegetables,Low,28.5,25.0,32.0,78,0.0,4.8,1012.7,22,2,1,14,0,26.0,24.71,24.71
2026-01-15,S001,P030,Capsicum,Vegetables,Low,28.5,26.0,31.0,77,0.0,6.4,1011.2,34,3,1,15,0,22.0,24.0,24.0
2026-01-16,S001,P030,Capsicum,Vegetables,Low,28.2,25.0,31.0,75,0.0,6.0,1011.3,26,4,1,16,0,34.0,27.43,27.43
2026-01-17,S001,P030,Capsicum,Vegetables,Low,28.3,24.0,32.0,69,0.0,6.5,1010.4,35,5,1,17,1,26.0,28.29,28.29
2026-01-18,S001,P030,Capsicum,Vegetables,Low,27.8,25.0,31.0,71,0.0,8.4,1009.8,22,6,1,18,1,35.0,29.14,29.14
2026-01-19,S001,P030,Capsicum,Vegetables,Low,28.0,25.0,31.0,72,0.0,6.9,1011.0,28,0,1,19,0,22.0,26.86,26.86
2026-01-20,S001,P030,Capsicum,Vegetables,Low,28.1,25.0,32.0,73,0.0,6.2,1010.6,30,1,1,20,0,28.0,27.57,27.57
2026-01-21,S001,P030,Capsicum,Vegetables,Low,28.0,24.0,31.0,72,0.0,6.5,1011.1,8,2,1,21,0,30.0,28.14,28.14
2026-01-22,S001,P030,Capsicum,Vegetables,Low,28.1,25.0,32.0,65,0.0,6.3,1011.9,6,3,1,22,0,8.0,26.14,26.14
2026-01-23,S001,P030,Capsicum,Vegetables,Low,27.6,23.0,32.0,69,0.0,6.0,1012.8,10,4,1,23,0,6.0,22.14,22.14
2026-01-24,S001,P030,Capsicum,Vegetables,Low,27.8,24.0,32.0,72,0.0,5.6,1013.0,18,5,1,24,1,10.0,19.86,19.86
2026-01-25,S001,P030,Capsicum,Vegetables,Low,28.6,26.0,31.0,77,0.0,6.1,1011.8,27,6,1,25,1,18.0,17.43,17.43
2026-01-26,S001,P030,Capsicum,Vegetables,Low,28.9,25.0,32.0,77,0.0,7.4,1012.6,16,0,1,26,0,27.0,18.14,18.14
2026-01-27,S001,P030,Capsicum,Vegetables,Low,29.1,26.0,32.0,76,0.0,5.5,1013.5,13,1,1,27,0,16.0,16.43,16.43
2026-01-28,S001,P030,Capsicum,Vegetables,Low,28.8,26.0,32.0,69,0.0,3.3,1012.6,15,2,1,28,0,13.0,14.0,14.0
2026-01-29,S001,P030,Capsicum,Vegetables,Low,28.3,25.0,32.7,68,0.0,2.9,1012.3,15,3,1,29,0,15.0,15.0,15.0
2026-01-30,S001,P030,Capsicum,Vegetables,Low,27.2,23.1,32.3,70,0.0,2.4,1013.2,14,4,1,30,0,15.0,16.29,16.29
2026-01-31,S001,P030,Capsicum,Vegetables,Low,27.0,22.5,32.0,70,0.0,2.4,1013.0,38,5,1,31,1,14.0,16.86,16.86
2026-02-01,S001,P030,Capsicum,Vegetables,Low,27.4,23.0,32.2,71,0.0,2.5,1012.7,25,6,2,1,1,38.0,19.71,19.71
2026-02-02,S001,P030,Capsicum,Vegetables,Low,27.8,24.1,32.3,74,0.0,2.1,1012.9,13,0,2,2,0,25.0,19.43,19.43
2026-02-03,S001,P030,Capsicum,Vegetables,Low,27.9,24.4,32.3,74,0.0,2.1,1012.5,22,1,2,3,0,13.0,19.0,19.0
2026-02-04,S001,P030,Capsicum,Vegetables,Low,27.9,24.2,32.4,72,0.0,2.2,1012.8,13,2,2,4,0,22.0,20.29,20.29
2026-02-05,S001,P030,Capsicum,Vegetables,Low,28.1,24.2,32.7,71,0.0,2.5,1012.9,13,3,2,5,0,13.0,20.0,20.0
2026-02-06,S001,P030,Capsicum,Vegetables,Low,27.9,24.0,32.5,71,0.0,2.3,1012.9,15,4,2,6,0,13.0,19.71,19.71
2026-02-07,S001,P030,Capsicum,Vegetables,Low,27.8,23.9,32.5,70,0.0,2.4,1012.6,22,5,2,7,1,15.0,19.86,19.86
2026-01-01,S001,P031,Milk,Dairy,Low,29.2,25.0,32.0,71,0.0,8.8,1010.2,28,3,1,1,0,27.0,20.86,20.86
2026-01-02,S001,P031,Milk,Dairy,Low,28.2,26.0,31.0,71,0.0,5.3,1011.5,18,4,1,2,0,28.0,22.71,22.71
2026-01-03,S001,P031,Milk,Dairy,Low,28.3,25.0,32.0,76,0.0,5.5,1011.3,22,5,1,3,1,18.0,23.14,23.14
2026-01-04,S001,P031,Milk,Dairy,Low,28.5,25.0,33.0,67,0.0,6.2,1011.3,22,6,1,4,1,22.0,22.14,22.14
2026-01-05,S001,P031,Milk,Dairy,Low,27.8,24.0,32.0,69,0.0,4.9,1011.4,20,0,1,5,0,22.0,21.29,21.29
2026-01-06,S001,P031,Milk,Dairy,Low,28.4,25.0,32.0,70,0.0,5.8,1011.8,31,1,1,6,0,20.0,22.0,22.0
2026-01-07,S001,P031,Milk,Dairy,Low,28.8,25.0,32.0,64,0.0,5.5,1012.0,19,2,1,7,0,31.0,24.0,24.0
2026-01-08,S001,P031,Milk,Dairy,Low,27.9,25.0,31.0,57,0.0,6.4,1012.0,13,3,1,8,0,19.0,22.86,22.86
2026-01-09,S001,P031,Milk,Dairy,Low,27.5,24.0,31.0,65,0.0,5.2,1011.5,21,4,1,9,0,13.0,20.71,20.71
2026-01-10,S001,P031,Milk,Dairy,Low,27.8,24.0,31.0,73,0.0,5.4,1011.0,32,5,1,10,1,21.0,21.14,21.14
2026-01-11,S001,P031,Milk,Dairy,Low,28.1,25.0,32.0,76,0.0,6.2,1012.2,17,6,1,11,1,32.0,22.57,22.57
2026-01-12,S001,P031,Milk,Dairy,Low,28.5,25.0,32.0,75,0.0,4.4,1013.0,12,0,1,12,0,17.0,21.86,21.86
2026-01-13,S001,P031,Milk,Dairy,Low,28.5,26.0,32.0,78,0.0,4.7,1013.6,18,1,1,13,0,12.0,20.71,20.71
2026-01-14,S001,P031,Milk,Dairy,Low,28.5,25.0,32.0,78,0.0,4.8,1012.7,29,2,1,14,0,18.0,18.86,18.86
2026-01-15,S001,P031,Milk,Dairy,Low,28.5,26.0,31.0,77,0.0,6.4,1011.2,7,3,1,15,0,29.0,20.29,20.29
2026-01-16,S001,P031,Milk,Dairy,Low,28.2,25.0,31.0,75,0.0,6.0,1011.3,20,4,1,16,0,7.0,19.43,19.43
2026-01-17,S001,P031,Milk,Dairy,Low,28.3,24.0,32.0,69,0.0,6.5,1010.4,21,5,1,17,1,20.0,19.29,19.29
2026-01-18,S001,P031,Milk,Dairy,Low,27.8,25.0,31.0,71,0.0,8.4,1009.8,29,6,1,18,1,21.0,17.71,17.71
2026-01-19,S001,P031,Milk,Dairy,Low,28.0,25.0,31.0,72,0.0,6.9,1011.0,34,0,1,19,0,29.0,19.43,19.43
2026-01-20,S001,P031,Milk,Dairy,Low,28.1,25.0,32.0,73,0.0,6.2,1010.6,25,1,1,20,0,34.0,22.57,22.57
2026-01-21,S001,P031,Milk,Dairy,Low,28.0,24.0,31.0,72,0.0,6.5,1011.1,22,2,1,21,0,25.0,23.57,23.57
2026-01-22,S001,P031,Milk,Dairy,Low,28.1,25.0,32.0,65,0.0,6.3,1011.9,25,3,1,22,0,22.0,22.57,22.57
2026-01-23,S001,P031,Milk,Dairy,Low,27.6,23.0,32.0,69,0.0,6.0,1012.8,13,4,1,23,0,25.0,25.14,25.14
2026-01-24,S001,P031,Milk,Dairy,Low,27.8,24.0,32.0,72,0.0,5.6,1013.0,20,5,1,24,1,13.0,24.14,24.14
2026-01-25,S001,P031,Milk,Dairy,Low,28.6,26.0,31.0,77,0.0,6.1,1011.8,22,6,1,25,1,20.0,24.0,24.0
2026-01-26,S001,P031,Milk,Dairy,Low,28.9,25.0,32.0,77,0.0,7.4,1012.6,24,0,1,26,0,22.0,23.0,23.0
2026-01-27,S001,P031,Milk,Dairy,Low,29.1,26.0,32.0,76,0.0,5.5,1013.5,21,1,1,27,0,24.0,21.57,21.57
2026-01-28,S001,P031,Milk,Dairy,Low,28.8,26.0,32.0,69,0.0,3.3,1012.6,15,2,1,28,0,21.0,21.0,21.0
2026-01-29,S001,P031,Milk,Dairy,Low,28.3,25.0,32.7,68,0.0,2.9,1012.3,5,3,1,29,0,15.0,20.0,20.0
2026-01-30,S001,P031,Milk,Dairy,Low,27.2,23.1,32.3,70,0.0,2.4,1013.2,28,4,1,30,0,5.0,17.14,17.14
2026-01-31,S001,P031,Milk,Dairy,Low,27.0,22.5,32.0,70,0.0,2.4,1013.0,29,5,1,31,1,28.0,19.29,19.29
2026-02-01,S001,P031,Milk,Dairy,Low,27.4,23.0,32.2,71,0.0,2.5,1012.7,15,6,2,1,1,29.0,20.57,20.57
2026-02-02,S001,P031,Milk,Dairy,Low,27.8,24.1,32.3,74,0.0,2.1,1012.9,27,0,2,2,0,15.0,19.57,19.57
2026-02-03,S001,P031,Milk,Dairy,Low,27.9,24.4,32.3,74,0.0,2.1,1012.5,13,1,2,3,0,27.0,20.0,20.0
2026-02-04,S001,P031,Milk,Dairy,Low,27.9,24.2,32.4,72,0.0,2.2,1012.8,26,2,2,4,0,13.0,18.86,18.86
2026-02-05,S001,P031,Milk,Dairy,Low,28.1,24.2,32.7,71,0.0,2.5,1012.9,35,3,2,5,0,26.0,20.43,20.43
2026-02-06,S001,P031,Milk,Dairy,Low,27.9,24.0,32.5,71,0.0,2.3,1012.9,17,4,2,6,0,35.0,24.71,24.71
2026-02-07,S001,P031,Milk,Dairy,Low,27.8,23.9,32.5,70,0.0,2.4,1012.6,28,5,2,7,1,17.0,23.14,23.14
2026-01-01,S001,P032,Curd,Dairy,Medium,29.2,25.0,32.0,71,0.0,8.8,1010.2,27,3,1,1,0,23.0,24.43,24.43
2026-01-02,S001,P032,Curd,Dairy,Medium,28.2,26.0,31.0,71,0.0,5.3,1011.5,18,4,1,2,0,27.0,25.57,25.57
2026-01-03,S001,P032,Curd,Dairy,Medium,28.3,25.0,32.0,76,0.0,5.5,1011.3,23,5,1,3,1,18.0,26.0,26.0
2026-01-04,S001,P032,Curd,Dairy,Medium,28.5,25.0,33.0,67,0.0,6.2,1011.3,16,6,1,4,1,23.0,24.57,24.57
2026-01-05,S001,P032,Curd,Dairy,Medium,27.8,24.0,32.0,69,0.0,4.9,1011.4,25,0,1,5,0,16.0,21.71,21.71
2026-01-06,S001,P032,Curd,Dairy,Medium,28.4,25.0,32.0,70,0.0,5.8,1011.8,28,1,1,6,0,25.0,22.57,22.57
2026-01-07,S001,P032,Curd,Dairy,Medium,28.8,25.0,32.0,64,0.0,5.5,1012.0,33,2,1,7,0,28.0,22.86,22.86
2026-01-08,S001,P032,Curd,Dairy,Medium,27.9,25.0,31.0,57,0.0,6.4,1012.0,30,3,1,8,0,33.0,24.29,24.29
2026-01-09,S001,P032,Curd,Dairy,Medium,27.5,24.0,31.0,65,0.0,5.2,1011.5,19,4,1,9,0,30.0,24.71,24.71
2026-01-10,S001,P032,Curd,Dairy,Medium,27.8,24.0,31.0,73,0.0,5.4,1011.0,34,5,1,10,1,19.0,24.86,24.86
2026-01-11,S001,P032,Curd,Dairy,Medium,28.1,25.0,32.0,76,0.0,6.2,1012.2,22,6,1,11,1,34.0,26.43,26.43
2026-01-12,S001,P032,Curd,Dairy,Medium,28.5,25.0,32.0,75,0.0,4.4,1013.0,35,0,1,12,0,22.0,27.29,27.29
2026-01-13,S001,P032,Curd,Dairy,Medium,28.5,26.0,32.0,78,0.0,4.7,1013.6,22,1,1,13,0,35.0,28.71,28.71
2026-01-14,S001,P032,Curd,Dairy,Medium,28.5,25.0,32.0,78,0.0,4.8,1012.7,18,2,1,14,0,22.0,27.86,27.86
2026-01-15,S001,P032,Curd,Dairy,Medium,28.5,26.0,31.0,77,0.0,6.4,1011.2,12,3,1,15,0,18.0,25.71,25.71
2026-01-16,S001,P032,Curd,Dairy,Medium,28.2,25.0,31.0,75,0.0,6.0,1011.3,25,4,1,16,0,12.0,23.14,23.14
2026-01-17,S001,P032,Curd,Dairy,Medium,28.3,24.0,32.0,69,0.0,6.5,1010.4,22,5,1,17,1,25.0,24.0,24.0
2026-01-18,S001,P032,Curd,Dairy,Medium,27.8,25.0,31.0,71,0.0,8.4,1009.8,18,6,1,18,1,22.0,22.29,22.29
2026-01-19,S001,P032,Curd,Dairy,Medium,28.0,25.0,31.0,72,0.0,6.9,1011.0,24,0,1,19,0,18.0,21.71,21.71
2026-01-20,S001,P032,Curd,Dairy,Medium,28.1,25.0,32.0,73,0.0,6.2,1010.6,16,1,1,20,0,24.0,20.14,20.14
2026-01-21,S001,P032,Curd,Dairy,Medium,28.0,24.0,31.0,72,0.0,6.5,1011.1,19,2,1,21,0,16.0,19.29,19.29
2026-01-22,S001,P032,Curd,Dairy,Medium,28.1,25.0,32.0,65,0.0,6.3,1011.9,13,3,1,22,0,19.0,19.43,19.43
2026-01-23,S001,P032,Curd,Dairy,Medium,27.6,23.0,32.0,69,0.0,6.0,1012.8,25,4,1,23,0,13.0,19.57,19.57
2026-01-24,S001,P032,Curd,Dairy,Medium,27.8,24.0,32.0,72,0.0,5.6,1013.0,27,5,1,24,1,25.0,19.57,19.57
2026-01-25,S001,P032,Curd,Dairy,Medium,28.6,26.0,31.0,77,0.0,6.1,1011.8,25,6,1,25,1,27.0,20.29,20.29
2026-01-26,S001,P032,Curd,Dairy,Medium,28.9,25.0,32.0,77,0.0,7.4,1012.6,26,0,1,26,0,25.0,21.29,21.29
2026-01-27,S001,P032,Curd,Dairy,Medium,29.1,26.0,32.0,76,0.0,5.5,1013.5,23,1,1,27,0,26.0,21.57,21.57
2026-01-28,S001,P032,Curd,Dairy,Medium,28.8,26.0,32.0,69,0.0,3.3,1012.6,10,2,1,28,0,23.0,22.57,22.57
2026-01-29,S001,P032,Curd,Dairy,Medium,28.3,25.0,32.7,68,0.0,2.9,1012.3,31,3,1,29,0,10.0,21.29,21.29
2026-01-30,S001,P032,Curd,Dairy,Medium,27.2,23.1,32.3,70,0.0,2.4,1013.2,17,4,1,30,0,31.0,23.86,23.86
2026-01-31,S001,P032,Curd,Dairy,Medium,27.0,22.5,32.0,70,0.0,2.4,1013.0,29,5,1,31,1,17.0,22.71,22.71
2026-02-01,S001,P032,Curd,Dairy,Medium,27.4,23.0,32.2,71,0.0,2.5,1012.7,34,6,2,1,1,29.0,23.0,23.0
2026-02-02,S001,P032,Curd,Dairy,Medium,27.8,24.1,32.3,74,0.0,2.1,1012.9,37,0,2,2,0,34.0,24.29,24.29
2026-02-03,S001,P032,Curd,Dairy,Medium,27.9,24.4,32.3,74,0.0,2.1,1012.5,12,1,2,3,0,37.0,25.86,25.86
2026-02-04,S001,P032,Curd,Dairy,Medium,27.9,24.2,32.4,72,0.0,2.2,1012.8,28,2,2,4,0,12.0,24.29,24.29
2026-02-05,S001,P032,Curd,Dairy,Medium,28.1,24.2,32.7,71,0.0,2.5,1012.9,21,3,2,5,0,28.0,26.86,26.86
2026-02-06,S001,P032,Curd,Dairy,Medium,27.9,24.0,32.5,71,0.0,2.3,1012.9,16,4,2,6,0,21.0,25.43,25.43
2026-02-07,S001,P032,Curd,Dairy,Medium,27.8,23.9,32.5,70,0.0,2.4,1012.6,27,5,2,7,1,16.0,25.29,25.29
2026-01-01,S001,P033,Butter,Dairy,Low,29.2,25.0,32.0,71,0.0,8.8,1010.2,13,3,1,1,0,18.0,20.0,20.0
2026-01-02,S001,P033,Butter,Dairy,Low,28.2,26.0,31.0,71,0.0,5.3,1011.5,20,4,1,2,0,13.0,18.0,18.0
2026-01-03,S001,P033,Butter,Dairy,Low,28.3,25.0,32.0,76,0.0,5.5,1011.3,22,5,1,3,1,20.0,18.29,18.29
2026-01-04,S001,P033,Butter,Dairy,Low,28.5,25.0,33.0,67,0.0,6.2,1011.3,17,6,1,4,1,22.0,19.29,19.29
2026-01-05,S001,P033,Butter,Dairy,Low,27.8,24.0,32.0,69,0.0,4.9,1011.4,23,0,1,5,0,17.0,17.43,17.43
2026-01-06,S001,P033,Butter,Dairy,Low,28.4,25.0,32.0,70,0.0,5.8,1011.8,19,1,1,6,0,23.0,19.0,19.0
2026-01-07,S001,P033,Butter,Dairy,Low,28.8,25.0,32.0,64,0.0,5.5,1012.0,27,2,1,7,0,19.0,18.86,18.86
2026-01-08,S001,P033,Butter,Dairy,Low,27.9,25.0,31.0,57,0.0,6.4,1012.0,24,3,1,8,0,27.0,20.14,20.14
2026-01-09,S001,P033,Butter,Dairy,Low,27.5,24.0,31.0,65,0.0,5.2,1011.5,28,4,1,9,0,24.0,21.71,21.71
2026-01-10,S001,P033,Butter,Dairy,Low,27.8,24.0,31.0,73,0.0,5.4,1011.0,19,5,1,10,1,28.0,22.86,22.86
2026-01-11,S001,P033,Butter,Dairy,Low,28.1,25.0,32.0,76,0.0,6.2,1012.2,30,6,1,11,1,19.0,22.43,22.43
2026-01-12,S001,P033,Butter,Dairy,Low,28.5,25.0,32.0,75,0.0,4.4,1013.0,22,0,1,12,0,30.0,24.29,24.29
2026-01-13,S001,P033,Butter,Dairy,Low,28.5,26.0,32.0,78,0.0,4.7,1013.6,18,1,1,13,0,22.0,24.14,24.14
2026-01-14,S001,P033,Butter,Dairy,Low,28.5,25.0,32.0,78,0.0,4.8,1012.7,23,2,1,14,0,18.0,24.0,24.0
2026-01-15,S001,P033,Butter,Dairy,Low,28.5,26.0,31.0,77,0.0,6.4,1011.2,26,3,1,15,0,23.0,23.43,23.43
2026-01-16,S001,P033,Butter,Dairy,Low,28.2,25.0,31.0,75,0.0,6.0,1011.3,26,4,1,16,0,26.0,23.71,23.71
2026-01-17,S001,P033,Butter,Dairy,Low,28.3,24.0,32.0,69,0.0,6.5,1010.4,15,5,1,17,1,26.0,23.43,23.43
2026-01-18,S001,P033,Butter,Dairy,Low,27.8,25.0,31.0,71,0.0,8.4,1009.8,27,6,1,18,1,15.0,22.86,22.86
2026-01-19,S001,P033,Butter,Dairy,Low,28.0,25.0,31.0,72,0.0,6.9,1011.0,29,0,1,19,0,27.0,22.43,22.43
2026-01-20,S001,P033,Butter,Dairy,Low,28.1,25.0,32.0,73,0.0,6.2,1010.6,19,1,1,20,0,29.0,23.43,23.43
2026-01-21,S001,P033,Butter,Dairy,Low,28.0,24.0,31.0,72,0.0,6.5,1011.1,12,2,1,21,0,19.0,23.57,23.57
2026-01-22,S001,P033,Butter,Dairy,Low,28.1,25.0,32.0,65,0.0,6.3,1011.9,25,3,1,22,0,12.0,22.0,22.0
2026-01-23,S001,P033,Butter,Dairy,Low,27.6,23.0,32.0,69,0.0,6.0,1012.8,17,4,1,23,0,25.0,21.86,21.86
2026-01-24,S001,P033,Butter,Dairy,Low,27.8,24.0,32.0,72,0.0,5.6,1013.0,29,5,1,24,1,17.0,20.57,20.57
2026-01-25,S001,P033,Butter,Dairy,Low,28.6,26.0,31.0,77,0.0,6.1,1011.8,35,6,1,25,1,29.0,22.57,22.57
2026-01-26,S001,P033,Butter,Dairy,Low,28.9,25.0,32.0,77,0.0,7.4,1012.6,10,0,1,26,0,35.0,23.71,23.71
2026-01-27,S001,P033,Butter,Dairy,Low,29.1,26.0,32.0,76,0.0,5.5,1013.5,26,1,1,27,0,10.0,21.0,21.0
2026-01-28,S001,P033,Butter,Dairy,Low,28.8,26.0,32.0,69,0.0,3.3,1012.6,14,2,1,28,0,26.0,22.0,22.0
2026-01-29,S001,P033,Butter,Dairy,Low,28.3,25.0,32.7,68,0.0,2.9,1012.3,32,3,1,29,0,14.0,22.29,22.29
2026-01-30,S001,P033,Butter,Dairy,Low,27.2,23.1,32.3,70,0.0,2.4,1013.2,32,4,1,30,0,32.0,23.29,23.29
2026-01-31,S001,P033,Butter,Dairy,Low,27.0,22.5,32.0,70,0.0,2.4,1013.0,32,5,1,31,1,32.0,25.43,25.43
2026-02-01,S001,P033,Butter,Dairy,Low,27.4,23.0,32.2,71,0.0,2.5,1012.7,19,6,2,1,1,32.0,25.86,25.86
2026-02-02,S001,P033,Butter,Dairy,Low,27.8,24.1,32.3,74,0.0,2.1,1012.9,26,0,2,2,0,19.0,23.57,23.57
2026-02-03,S001,P033,Butter,Dairy,Low,27.9,24.4,32.3,74,0.0,2.1,1012.5,12,1,2,3,0,26.0,25.86,25.86
2026-02-04,S001,P033,Butter,Dairy,Low,27.9,24.2,32.4,72,0.0,2.2,1012.8,26,2,2,4,0,12.0,23.86,23.86
2026-02-05,S001,P033,Butter,Dairy,Low,28.1,24.2,32.7,71,0.0,2.5,1012.9,8,3,2,5,0,26.0,25.57,25.57
2026-02-06,S001,P033,Butter,Dairy,Low,27.9,24.0,32.5,71,0.0,2.3,1012.9,28,4,2,6,0,8.0,22.14,22.14
2026-02-07,S001,P033,Butter,Dairy,Low,27.8,23.9,32.5,70,0.0,2.4,1012.6,17,5,2,7,1,28.0,21.57,21.57
2026-01-01,S001,P034,Cheese,Dairy,Low,29.2,25.0,32.0,71,0.0,8.8,1010.2,21,3,1,1,0,23.0,23.57,23.57
2026-01-02,S001,P034,Cheese,Dairy,Low,28.2,26.0,31.0,71,0.0,5.3,1011.5,21,4,1,2,0,21.0,22.29,22.29
2026-01-03,S001,P034,Cheese,Dairy,Low,28.3,25.0,32.0,76,0.0,5.5,1011.3,22,5,1,3,1,21.0,21.86,21.86
2026-01-04,S001,P034,Cheese,Dairy,Low,28.5,25.0,33.0,67,0.0,6.2,1011.3,13,6,1,4,1,22.0,22.86,22.86
2026-01-05,S001,P034,Cheese,Dairy,Low,27.8,24.0,32.0,69,0.0,4.9,1011.4,19,0,1,5,0,13.0,20.43,20.43
2026-01-06,S001,P034,Cheese,Dairy,Low,28.4,25.0,32.0,70,0.0,5.8,1011.8,15,1,1,6,0,19.0,21.29,21.29
2026-01-07,S001,P034,Cheese,Dairy,Low,28.8,25.0,32.0,64,0.0,5.5,1012.0,13,2,1,7,0,15.0,19.14,19.14
2026-01-08,S001,P034,Cheese,Dairy,Low,27.9,25.0,31.0,57,0.0,6.4,1012.0,10,3,1,8,0,13.0,17.71,17.71
2026-01-09,S001,P034,Cheese,Dairy,Low,27.5,24.0,31.0,65,0.0,5.2,1011.5,18,4,1,9,0,10.0,16.14,16.14
2026-01-10,S001,P034,Cheese,Dairy,Low,27.8,24.0,31.0,73,0.0,5.4,1011.0,21,5,1,10,1,18.0,15.71,15.71
2026-01-11,S001,P034,Cheese,Dairy,Low,28.1,25.0,32.0,76,0.0,6.2,1012.2,14,6,1,11,1,21.0,15.57,15.57
2026-01-12,S001,P034,Cheese,Dairy,Low,28.5,25.0,32.0,75,0.0,4.4,1013.0,27,0,1,12,0,14.0,15.71,15.71
2026-01-13,S001,P034,Cheese,Dairy,Low,28.5,26.0,32.0,78,0.0,4.7,1013.6,12,1,1,13,0,27.0,16.86,16.86
2026-01-14,S001,P034,Cheese,Dairy,Low,28.5,25.0,32.0,78,0.0,4.8,1012.7,31,2,1,14,0,12.0,16.43,16.43
2026-01-15,S001,P034,Cheese,Dairy,Low,28.5,26.0,31.0,77,0.0,6.4,1011.2,17,3,1,15,0,31.0,19.0,19.0
2026-01-16,S001,P034,Cheese,Dairy,Low,28.2,25.0,31.0,75,0.0,6.0,1011.3,19,4,1,16,0,17.0,20.0,20.0
2026-01-17,S001,P034,Cheese,Dairy,Low,28.3,24.0,32.0,69,0.0,6.5,1010.4,26,5,1,17,1,19.0,20.14,20.14
2026-01-18,S001,P034,Cheese,Dairy,Low,27.8,25.0,31.0,71,0.0,8.4,1009.8,24,6,1,18,1,26.0,20.86,20.86
2026-01-19,S001,P034,Cheese,Dairy,Low,28.0,25.0,31.0,72,0.0,6.9,1011.0,21,0,1,19,0,24.0,22.29,22.29
2026-01-20,S001,P034,Cheese,Dairy,Low,28.1,25.0,32.0,73,0.0,6.2,1010.6,22,1,1,20,0,21.0,21.43,21.43
2026-01-21,S001,P034,Cheese,Dairy,Low,28.0,24.0,31.0,72,0.0,6.5,1011.1,13,2,1,21,0,22.0,22.86,22.86
2026-01-22,S001,P034,Cheese,Dairy,Low,28.1,25.0,32.0,65,0.0,6.3,1011.9,29,3,1,22,0,13.0,20.29,20.29
2026-01-23,S001,P034,Cheese,Dairy,Low,27.6,23.0,32.0,69,0.0,6.0,1012.8,18,4,1,23,0,29.0,22.0,22.0
2026-01-24,S001,P034,Cheese,Dairy,Low,27.8,24.0,32.0,72,0.0,5.6,1013.0,21,5,1,24,1,18.0,21.86,21.86
2026-01-25,S001,P034,Cheese,Dairy,Low,28.6,26.0,31.0,77,0.0,6.1,1011.8,22,6,1,25,1,21.0,21.14,21.14
2026-01-26,S001,P034,Cheese,Dairy,Low,28.9,25.0,32.0,77,0.0,7.4,1012.6,28,0,1,26,0,22.0,20.86,20.86
2026-01-27,S001,P034,Cheese,Dairy,Low,29.1,26.0,32.0,76,0.0,5.5,1013.5,24,1,1,27,0,28.0,21.86,21.86
2026-01-28,S001,P034,Cheese,Dairy,Low,28.8,26.0,32.0,69,0.0,3.3,1012.6,6,2,1,28,0,24.0,22.14,22.14
2026-01-29,S001,P034,Cheese,Dairy,Low,28.3,25.0,32.7,68,0.0,2.9,1012.3,24,3,1,29,0,6.0,21.14,21.14
2026-01-30,S001,P034,Cheese,Dairy,Low,27.2,23.1,32.3,70,0.0,2.4,1013.2,27,4,1,30,0,24.0,20.43,20.43
2026-01-31,S001,P034,Cheese,Dairy,Low,27.0,22.5,32.0,70,0.0,2.4,1013.0,25,5,1,31,1,27.0,21.71,21.71
2026-02-01,S001,P034,Cheese,Dairy,Low,27.4,23.0,32.2,71,0.0,2.5,1012.7,13,6,2,1,1,25.0,22.29,22.29
2026-02-02,S001,P034,Cheese,Dairy,Low,27.8,24.1,32.3,74,0.0,2.1,1012.9,15,0,2,2,0,13.0,21.0,21.0
2026-02-03,S001,P034,Cheese,Dairy,Low,27.9,24.4,32.3,74,0.0,2.1,1012.5,23,1,2,3,0,15.0,19.14,19.14
2026-02-04,S001,P034,Cheese,Dairy,Low,27.9,24.2,32.4,72,0.0,2.2,1012.8,29,2,2,4,0,23.0,19.0,19.0
2026-02-05,S001,P034,Cheese,Dairy,Low,28.1,24.2,32.7,71,0.0,2.5,1012.9,18,3,2,5,0,29.0,22.29,22.29
2026-02-06,S001,P034,Cheese,Dairy,Low,27.9,24.0,32.5,71,0.0,2.3,1012.9,25,4,2,6,0,18.0,21.43,21.43
2026-02-07,S001,P034,Cheese,Dairy,Low,27.8,23.9,32.5,70,0.0,2.4,1012.6,18,5,2,7,1,25.0,21.14,21.14
2026-01-01,S001,P035,Paneer,Dairy,Low,29.2,25.0,32.0,71,0.0,8.8,1010.2,25,3,1,1,0,13.0,19.71,19.71
2026-01-02,S001,P035,Paneer,Dairy,Low,28.2,26.0,31.0,71,0.0,5.3,1011.5,14,4,1,2,0,25.0,21.43,21.43
2026-01-03,S001,P035,Paneer,Dairy,Low,28.3,25.0,32.0,76,0.0,5.5,1011.3,30,5,1,3,1,14.0,19.43,19.43
2026-01-04,S001,P035,Paneer,Dairy,Low,28.5,25.0,33.0,67,0.0,6.2,1011.3,29,6,1,4,1,30.0,20.14,20.14
2026-01-05,S001,P035,Paneer,Dairy,Low,27.8,24.0,32.0,69,0.0,4.9,1011.4,15,0,1,5,0,29.0,20.29,20.29
2026-01-06,S001,P035,Paneer,Dairy,Low,28.4,25.0,32.0,70,0.0,5.8,1011.8,27,1,1,6,0,15.0,19.71,19.71
2026-01-07,S001,P035,Paneer,Dairy,Low,28.8,25.0,32.0,64,0.0,5.5,1012.0,15,2,1,7,0,27.0,21.86,21.86
2026-01-08,S001,P035,Paneer,Dairy,Low,27.9,25.0,31.0,57,0.0,6.4,1012.0,18,3,1,8,0,15.0,22.14,22.14
2026-01-09,S001,P035,Paneer,Dairy,Low,27.5,24.0,31.0,65,0.0,5.2,1011.5,26,4,1,9,0,18.0,21.14,21.14
2026-01-10,S001,P035,Paneer,Dairy,Low,27.8,24.0,31.0,73,0.0,5.4,1011.0,22,5,1,10,1,26.0,22.86,22.86
2026-01-11,S001,P035,Paneer,Dairy,Low,28.1,25.0,32.0,76,0.0,6.2,1012.2,25,6,1,11,1,22.0,21.71,21.71
2026-01-12,S001,P035,Paneer,Dairy,Low,28.5,25.0,32.0,75,0.0,4.4,1013.0,17,0,1,12,0,25.0,21.14,21.14
2026-01-13,S001,P035,Paneer,Dairy,Low,28.5,26.0,32.0,78,0.0,4.7,1013.6,10,1,1,13,0,17.0,21.43,21.43
2026-01-14,S001,P035,Paneer,Dairy,Low,28.5,25.0,32.0,78,0.0,4.8,1012.7,29,2,1,14,0,10.0,19.0,19.0
2026-01-15,S001,P035,Paneer,Dairy,Low,28.5,26.0,31.0,77,0.0,6.4,1011.2,25,3,1,15,0,29.0,21.0,21.0
2026-01-16,S001,P035,Paneer,Dairy,Low,28.2,25.0,31.0,75,0.0,6.0,1011.3,11,4,1,16,0,25.0,22.0,22.0
2026-01-17,S001,P035,Paneer,Dairy,Low,28.3,24.0,32.0,69,0.0,6.5,1010.4,18,5,1,17,1,11.0,19.86,19.86
2026-01-18,S001,P035,Paneer,Dairy,Low,27.8,25.0,31.0,71,0.0,8.4,1009.8,14,6,1,18,1,18.0,19.29,19.29
2026-01-19,S001,P035,Paneer,Dairy,Low,28.0,25.0,31.0,72,0.0,6.9,1011.0,22,0,1,19,0,14.0,17.71,17.71
2026-01-20,S001,P035,Paneer,Dairy,Low,28.1,25.0,32.0,73,0.0,6.2,1010.6,31,1,1,20,0,22.0,18.43,18.43
2026-01-21,S001,P035,Paneer,Dairy,Low,28.0,24.0,31.0,72,0.0,6.5,1011.1,12,2,1,21,0,31.0,21.43,21.43
2026-01-22,S001,P035,Paneer,Dairy,Low,28.1,25.0,32.0,65,0.0,6.3,1011.9,28,3,1,22,0,12.0,19.0,19.0
2026-01-23,S001,P035,Paneer,Dairy,Low,27.6,23.0,32.0,69,0.0,6.0,1012.8,23,4,1,23,0,28.0,19.43,19.43
2026-01-24,S001,P035,Paneer,Dairy,Low,27.8,24.0,32.0,72,0.0,5.6,1013.0,27,5,1,24,1,23.0,21.14,21.14
2026-01-25,S001,P035,Paneer,Dairy,Low,28.6,26.0,31.0,77,0.0,6.1,1011.8,26,6,1,25,1,27.0,22.43,22.43
2026-01-26,S001,P035,Paneer,Dairy,Low,28.9,25.0,32.0,77,0.0,7.4,1012.6,14,0,1,26,0,26.0,24.14,24.14
2026-01-27,S001,P035,Paneer,Dairy,Low,29.1,26.0,32.0,76,0.0,5.5,1013.5,12,1,1,27,0,14.0,23.0,23.0
2026-01-28,S001,P035,Paneer,Dairy,Low,28.8,26.0,32.0,69,0.0,3.3,1012.6,14,2,1,28,0,12.0,20.29,20.29
2026-01-29,S001,P035,Paneer,Dairy,Low,28.3,25.0,32.7,68,0.0,2.9,1012.3,31,3,1,29,0,14.0,20.57,20.57
2026-01-30,S001,P035,Paneer,Dairy,Low,27.2,23.1,32.3,70,0.0,2.4,1013.2,13,4,1,30,0,31.0,21.0,21.0
2026-01-31,S001,P035,Paneer,Dairy,Low,27.0,22.5,32.0,70,0.0,2.4,1013.0,21,5,1,31,1,13.0,19.57,19.57
2026-02-01,S001,P035,Paneer,Dairy,Low,27.4,23.0,32.2,71,0.0,2.5,1012.7,10,6,2,1,1,21.0,18.71,18.71
2026-02-02,S001,P035,Paneer,Dairy,Low,27.8,24.1,32.3,74,0.0,2.1,1012.9,28,0,2,2,0,10.0,16.43,16.43
2026-02-03,S001,P035,Paneer,Dairy,Low,27.9,24.4,32.3,74,0.0,2.1,1012.5,15,1,2,3,0,28.0,18.43,18.43
2026-02-04,S001,P035,Paneer,Dairy,Low,27.9,24.2,32.4,72,0.0,2.2,1012.8,28,2,2,4,0,15.0,18.86,18.86
2026-02-05,S001,P035,Paneer,Dairy,Low,28.1,24.2,32.7,71,0.0,2.5,1012.9,22,3,2,5,0,28.0,20.86,20.86
2026-02-06,S001,P035,Paneer,Dairy,Low,27.9,24.0,32.5,71,0.0,2.3,1012.9,13,4,2,6,0,22.0,19.57,19.57
2026-02-07,S001,P035,Paneer,Dairy,Low,27.8,23.9,32.5,70,0.0,2.4,1012.6,14,5,2,7,1,13.0,19.57,19.57
2026-01-01,S001,P036,Buttermilk,Dairy,High,29.2,25.0,32.0,71,0.0,8.8,1010.2,20,3,1,1,0,30.0,31.29,31.29
2026-01-02,S001,P036,Buttermilk,Dairy,High,28.2,26.0,31.0,71,0.0,5.3,1011.5,31,4,1,2,0,20.0,30.29,30.29
2026-01-03,S001,P036,Buttermilk,Dairy,High,28.3,25.0,32.0,76,0.0,5.5,1011.3,25,5,1,3,1,31.0,31.57,31.57
2026-01-04,S001,P036,Buttermilk,Dairy,High,28.5,25.0,33.0,67,0.0,6.2,1011.3,33,6,1,4,1,25.0,30.29,30.29
2026-01-05,S001,P036,Buttermilk,Dairy,High,27.8,24.0,32.0,69,0.0,4.9,1011.4,22,0,1,5,0,33.0,29.71,29.71
2026-01-06,S001,P036,Buttermilk,Dairy,High,28.4,25.0,32.0,70,0.0,5.8,1011.8,32,1,1,6,0,22.0,28.0,28.0
2026-01-07,S001,P036,Buttermilk,Dairy,High,28.8,25.0,32.0,64,0.0,5.5,1012.0,17,2,1,7,0,32.0,27.57,27.57
2026-01-08,S001,P036,Buttermilk,Dairy,High,27.9,25.0,31.0,57,0.0,6.4,1012.0,26,3,1,8,0,17.0,25.71,25.71
2026-01-09,S001,P036,Buttermilk,Dairy,High,27.5,24.0,31.0,65,0.0,5.2,1011.5,32,4,1,9,0,26.0,26.57,26.57
2026-01-10,S001,P036,Buttermilk,Dairy,High,27.8,24.0,31.0,73,0.0,5.4,1011.0,33,5,1,10,1,32.0,26.71,26.71
2026-01-11,S001,P036,Buttermilk,Dairy,High,28.1,25.0,32.0,76,0.0,6.2,1012.2,20,6,1,11,1,33.0,27.86,27.86
2026-01-12,S001,P036,Buttermilk,Dairy,High,28.5,25.0,32.0,75,0.0,4.4,1013.0,37,0,1,12,0,20.0,26.0,26.0
2026-01-13,S001,P036,Buttermilk,Dairy,High,28.5,26.0,32.0,78,0.0,4.7,1013.6,40,1,1,13,0,37.0,28.14,28.14
2026-01-14,S001,P036,Buttermilk,Dairy,High,28.5,25.0,32.0,78,0.0,4.8,1012.7,28,2,1,14,0,40.0,29.29,29.29
2026-01-15,S001,P036,Buttermilk,Dairy,High,28.5,26.0,31.0,77,0.0,6.4,1011.2,19,3,1,15,0,28.0,30.86,30.86
2026-01-16,S001,P036,Buttermilk,Dairy,High,28.2,25.0,31.0,75,0.0,6.0,1011.3,19,4,1,16,0,19.0,29.86,29.86
2026-01-17,S001,P036,Buttermilk,Dairy,High,28.3,24.0,32.0,69,0.0,6.5,1010.4,36,5,1,17,1,19.0,28.0,28.0
2026-01-18,S001,P036,Buttermilk,Dairy,High,27.8,25.0,31.0,71,0.0,8.4,1009.8,36,6,1,18,1,36.0,28.43,28.43
2026-01-19,S001,P036,Buttermilk,Dairy,High,28.0,25.0,31.0,72,0.0,6.9,1011.0,14,0,1,19,0,36.0,30.71,30.71
2026-01-20,S001,P036,Buttermilk,Dairy,High,28.1,25.0,32.0,73,0.0,6.2,1010.6,21,1,1,20,0,14.0,27.43,27.43
2026-01-21,S001,P036,Buttermilk,Dairy,High,28.0,24.0,31.0,72,0.0,6.5,1011.1,25,2,1,21,0,21.0,24.71,24.71
2026-01-22,S001,P036,Buttermilk,Dairy,High,28.1,25.0,32.0,65,0.0,6.3,1011.9,43,3,1,22,0,25.0,24.29,24.29
2026-01-23,S001,P036,Buttermilk,Dairy,High,27.6,23.0,32.0,69,0.0,6.0,1012.8,33,4,1,23,0,43.0,27.71,27.71
2026-01-24,S001,P036,Buttermilk,Dairy,High,27.8,24.0,32.0,72,0.0,5.6,1013.0,37,5,1,24,1,33.0,29.71,29.71
2026-01-25,S001,P036,Buttermilk,Dairy,High,28.6,26.0,31.0,77,0.0,6.1,1011.8,30,6,1,25,1,37.0,29.86,29.86
2026-01-26,S001,P036,Buttermilk,Dairy,High,28.9,25.0,32.0,77,0.0,7.4,1012.6,18,0,1,26,0,30.0,29.0,29.0
2026-01-27,S001,P036,Buttermilk,Dairy,High,29.1,26.0,32.0,76,0.0,5.5,1013.5,34,1,1,27,0,18.0,29.57,29.57
2026-01-28,S001,P036,Buttermilk,Dairy,High,28.8,26.0,32.0,69,0.0,3.3,1012.6,26,2,1,28,0,34.0,31.43,31.43
2026-01-29,S001,P036,Buttermilk,Dairy,High,28.3,25.0,32.7,68,0.0,2.9,1012.3,37,3,1,29,0,26.0,31.57,31.57
2026-01-30,S001,P036,Buttermilk,Dairy,High,27.2,23.1,32.3,70,0.0,2.4,1013.2,26,4,1,30,0,37.0,30.71,30.71
2026-01-31,S001,P036,Buttermilk,Dairy,High,27.0,22.5,32.0,70,0.0,2.4,1013.0,37,5,1,31,1,26.0,29.71,29.71
2026-02-01,S001,P036,Buttermilk,Dairy,High,27.4,23.0,32.2,71,0.0,2.5,1012.7,24,6,2,1,1,37.0,29.71,29.71
2026-02-02,S001,P036,Buttermilk,Dairy,High,27.8,24.1,32.3,74,0.0,2.1,1012.9,30,0,2,2,0,24.0,28.86,28.86
2026-02-03,S001,P036,Buttermilk,Dairy,High,27.9,24.4,32.3,74,0.0,2.1,1012.5,20,1,2,3,0,30.0,30.57,30.57
2026-02-04,S001,P036,Buttermilk,Dairy,High,27.9,24.2,32.4,72,0.0,2.2,1012.8,23,2,2,4,0,20.0,28.57,28.57
2026-02-05,S001,P036,Buttermilk,Dairy,High,28.1,24.2,32.7,71,0.0,2.5,1012.9,20,3,2,5,0,23.0,28.14,28.14
2026-02-06,S001,P036,Buttermilk,Dairy,High,27.9,24.0,32.5,71,0.0,2.3,1012.9,15,4,2,6,0,20.0,25.71,25.71
2026-02-07,S001,P036,Buttermilk,Dairy,High,27.8,23.9,32.5,70,0.0,2.4,1012.6,29,5,2,7,1,15.0,24.14,24.14
2026-01-01,S001,P037,Flavoured Yogurt,Dairy,Medium,29.2,25.0,32.0,71,0.0,8.8,1010.2,35,3,1,1,0,33.0,28.71,28.71
2026-01-02,S001,P037,Flavoured Yogurt,Dairy,Medium,28.2,26.0,31.0,71,0.0,5.3,1011.5,17,4,1,2,0,35.0,30.0,30.0
2026-01-03,S001,P037,Flavoured Yogurt,Dairy,Medium,28.3,25.0,32.0,76,0.0,5.5,1011.3,40,5,1,3,1,17.0,28.0,28.0
2026-01-04,S001,P037,Flavoured Yogurt,Dairy,Medium,28.5,25.0,33.0,67,0.0,6.2,1011.3,31,6,1,4,1,40.0,28.57,28.57
2026-01-05,S001,P037,Flavoured Yogurt,Dairy,Medium,27.8,24.0,32.0,69,0.0,4.9,1011.4,30,0,1,5,0,31.0,29.86,29.86
2026-01-06,S001,P037,Flavoured Yogurt,Dairy,Medium,28.4,25.0,32.0,70,0.0,5.8,1011.8,26,1,1,6,0,30.0,29.14,29.14
2026-01-07,S001,P037,Flavoured Yogurt,Dairy,Medium,28.8,25.0,32.0,64,0.0,5.5,1012.0,25,2,1,7,0,26.0,30.29,30.29
2026-01-08,S001,P037,Flavoured Yogurt,Dairy,Medium,27.9,25.0,31.0,57,0.0,6.4,1012.0,26,3,1,8,0,25.0,29.14,29.14
2026-01-09,S001,P037,Flavoured Yogurt,Dairy,Medium,27.5,24.0,31.0,65,0.0,5.2,1011.5,13,4,1,9,0,26.0,27.86,27.86
2026-01-10,S001,P037,Flavoured Yogurt,Dairy,Medium,27.8,24.0,31.0,73,0.0,5.4,1011.0,28,5,1,10,1,13.0,27.29,27.29
2026-01-11,S001,P037,Flavoured Yogurt,Dairy,Medium,28.1,25.0,32.0,76,0.0,6.2,1012.2,27,6,1,11,1,28.0,25.57,25.57
2026-01-12,S001,P037,Flavoured Yogurt,Dairy,Medium,28.5,25.0,32.0,75,0.0,4.4,1013.0,15,0,1,12,0,27.0,25.0,25.0
2026-01-13,S001,P037,Flavoured Yogurt,Dairy,Medium,28.5,26.0,32.0,78,0.0,4.7,1013.6,14,1,1,13,0,15.0,22.86,22.86
2026-01-14,S001,P037,Flavoured Yogurt,Dairy,Medium,28.5,25.0,32.0,78,0.0,4.8,1012.7,30,2,1,14,0,14.0,21.14,21.14
2026-01-15,S001,P037,Flavoured Yogurt,Dairy,Medium,28.5,26.0,31.0,77,0.0,6.4,1011.2,27,3,1,15,0,30.0,21.86,21.86
2026-01-16,S001,P037,Flavoured Yogurt,Dairy,Medium,28.2,25.0,31.0,75,0.0,6.0,1011.3,19,4,1,16,0,27.0,22.0,22.0
2026-01-17,S001,P037,Flavoured Yogurt,Dairy,Medium,28.3,24.0,32.0,69,0.0,6.5,1010.4,35,5,1,17,1,19.0,22.86,22.86
2026-01-18,S001,P037,Flavoured Yogurt,Dairy,Medium,27.8,25.0,31.0,71,0.0,8.4,1009.8,21,6,1,18,1,35.0,23.86,23.86
2026-01-19,S001,P037,Flavoured Yogurt,Dairy,Medium,28.0,25.0,31.0,72,0.0,6.9,1011.0,19,0,1,19,0,21.0,23.0,23.0
2026-01-20,S001,P037,Flavoured Yogurt,Dairy,Medium,28.1,25.0,32.0,73,0.0,6.2,1010.6,18,1,1,20,0,19.0,23.57,23.57
2026-01-21,S001,P037,Flavoured Yogurt,Dairy,Medium,28.0,24.0,31.0,72,0.0,6.5,1011.1,13,2,1,21,0,18.0,24.14,24.14
2026-01-22,S001,P037,Flavoured Yogurt,Dairy,Medium,28.1,25.0,32.0,65,0.0,6.3,1011.9,29,3,1,22,0,13.0,21.71,21.71
2026-01-23,S001,P037,Flavoured Yogurt,Dairy,Medium,27.6,23.0,32.0,69,0.0,6.0,1012.8,17,4,1,23,0,29.0,22.0,22.0
2026-01-24,S001,P037,Flavoured Yogurt,Dairy,Medium,27.8,24.0,32.0,72,0.0,5.6,1013.0,27,5,1,24,1,17.0,21.71,21.71
2026-01-25,S001,P037,Flavoured Yogurt,Dairy,Medium,28.6,26.0,31.0,77,0.0,6.1,1011.8,27,6,1,25,1,27.0,20.57,20.57
2026-01-26,S001,P037,Flavoured Yogurt,Dairy,Medium,28.9,25.0,32.0,77,0.0,7.4,1012.6,29,0,1,26,0,27.0,21.43,21.43
2026-01-27,S001,P037,Flavoured Yogurt,Dairy,Medium,29.1,26.0,32.0,76,0.0,5.5,1013.5,24,1,1,27,0,29.0,22.86,22.86
2026-01-28,S001,P037,Flavoured Yogurt,Dairy,Medium,28.8,26.0,32.0,69,0.0,3.3,1012.6,26,2,1,28,0,24.0,23.71,23.71
2026-01-29,S001,P037,Flavoured Yogurt,Dairy,Medium,28.3,25.0,32.7,68,0.0,2.9,1012.3,25,3,1,29,0,26.0,25.57,25.57
2026-01-30,S001,P037,Flavoured Yogurt,Dairy,Medium,27.2,23.1,32.3,70,0.0,2.4,1013.2,16,4,1,30,0,25.0,25.0,25.0
2026-01-31,S001,P037,Flavoured Yogurt,Dairy,Medium,27.0,22.5,32.0,70,0.0,2.4,1013.0,33,5,1,31,1,16.0,24.86,24.86
2026-02-01,S001,P037,Flavoured Yogurt,Dairy,Medium,27.4,23.0,32.2,71,0.0,2.5,1012.7,28,6,2,1,1,33.0,25.71,25.71
2026-02-02,S001,P037,Flavoured Yogurt,Dairy,Medium,27.8,24.1,32.3,74,0.0,2.1,1012.9,15,0,2,2,0,28.0,25.86,25.86
2026-02-03,S001,P037,Flavoured Yogurt,Dairy,Medium,27.9,24.4,32.3,74,0.0,2.1,1012.5,10,1,2,3,0,15.0,23.86,23.86
2026-02-04,S001,P037,Flavoured Yogurt,Dairy,Medium,27.9,24.2,32.4,72,0.0,2.2,1012.8,32,2,2,4,0,10.0,21.86,21.86
2026-02-05,S001,P037,Flavoured Yogurt,Dairy,Medium,28.1,24.2,32.7,71,0.0,2.5,1012.9,27,3,2,5,0,32.0,22.71,22.71
2026-02-06,S001,P037,Flavoured Yogurt,Dairy,Medium,27.9,24.0,32.5,71,0.0,2.3,1012.9,16,4,2,6,0,27.0,23.0,23.0
2026-02-07,S001,P037,Flavoured Yogurt,Dairy,Medium,27.8,23.9,32.5,70,0.0,2.4,1012.6,33,5,2,7,1,16.0,23.0,23.0
2026-01-01,S001,P038,Fresh Cream,Dairy,Low,29.2,25.0,32.0,71,0.0,8.8,1010.2,14,3,1,1,0,20.0,22.0,22.0
2026-01-02,S001,P038,Fresh Cream,Dairy,Low,28.2,26.0,31.0,71,0.0,5.3,1011.5,15,4,1,2,0,14.0,21.0,21.0
2026-01-03,S001,P038,Fresh Cream,Dairy,Low,28.3,25.0,32.0,76,0.0,5.5,1011.3,18,5,1,3,1,15.0,18.71,18.71
2026-01-04,S001,P038,Fresh Cream,Dairy,Low,28.5,25.0,33.0,67,0.0,6.2,1011.3,35,6,1,4,1,18.0,19.71,19.71
2026-01-05,S001,P038,Fresh Cream,Dairy,Low,27.8,24.0,32.0,69,0.0,4.9,1011.4,21,0,1,5,0,35.0,19.71,19.71
2026-01-06,S001,P038,Fresh Cream,Dairy,Low,28.4,25.0,32.0,70,0.0,5.8,1011.8,35,1,1,6,0,21.0,19.14,19.14
2026-01-07,S001,P038,Fresh Cream,Dairy,Low,28.8,25.0,32.0,64,0.0,5.5,1012.0,15,2,1,7,0,35.0,22.57,22.57
2026-01-08,S001,P038,Fresh Cream,Dairy,Low,27.9,25.0,31.0,57,0.0,6.4,1012.0,33,3,1,8,0,15.0,21.86,21.86
2026-01-09,S001,P038,Fresh Cream,Dairy,Low,27.5,24.0,31.0,65,0.0,5.2,1011.5,16,4,1,9,0,33.0,24.57,24.57
2026-01-10,S001,P038,Fresh Cream,Dairy,Low,27.8,24.0,31.0,73,0.0,5.4,1011.0,15,5,1,10,1,16.0,24.71,24.71
2026-01-11,S001,P038,Fresh Cream,Dairy,Low,28.1,25.0,32.0,76,0.0,6.2,1012.2,31,6,1,11,1,15.0,24.29,24.29
2026-01-12,S001,P038,Fresh Cream,Dairy,Low,28.5,25.0,32.0,75,0.0,4.4,1013.0,17,0,1,12,0,31.0,23.71,23.71
2026-01-13,S001,P038,Fresh Cream,Dairy,Low,28.5,26.0,32.0,78,0.0,4.7,1013.6,18,1,1,13,0,17.0,23.14,23.14
2026-01-14,S001,P038,Fresh Cream,Dairy,Low,28.5,25.0,32.0,78,0.0,4.8,1012.7,24,2,1,14,0,18.0,20.71,20.71
2026-01-15,S001,P038,Fresh Cream,Dairy,Low,28.5,26.0,31.0,77,0.0,6.4,1011.2,27,3,1,15,0,24.0,22.0,22.0
2026-01-16,S001,P038,Fresh Cream,Dairy,Low,28.2,25.0,31.0,75,0.0,6.0,1011.3,29,4,1,16,0,27.0,21.14,21.14
2026-01-17,S001,P038,Fresh Cream,Dairy,Low,28.3,24.0,32.0,69,0.0,6.5,1010.4,25,5,1,17,1,29.0,23.0,23.0
2026-01-18,S001,P038,Fresh Cream,Dairy,Low,27.8,25.0,31.0,71,0.0,8.4,1009.8,35,6,1,18,1,25.0,24.43,24.43
2026-01-19,S001,P038,Fresh Cream,Dairy,Low,28.0,25.0,31.0,72,0.0,6.9,1011.0,18,0,1,19,0,35.0,25.0,25.0
2026-01-20,S001,P038,Fresh Cream,Dairy,Low,28.1,25.0,32.0,73,0.0,6.2,1010.6,18,1,1,20,0,18.0,25.14,25.14
2026-01-21,S001,P038,Fresh Cream,Dairy,Low,28.0,24.0,31.0,72,0.0,6.5,1011.1,21,2,1,21,0,18.0,25.14,25.14
2026-01-22,S001,P038,Fresh Cream,Dairy,Low,28.1,25.0,32.0,65,0.0,6.3,1011.9,25,3,1,22,0,21.0,24.71,24.71
2026-01-23,S001,P038,Fresh Cream,Dairy,Low,27.6,23.0,32.0,69,0.0,6.0,1012.8,13,4,1,23,0,25.0,24.43,24.43
2026-01-24,S001,P038,Fresh Cream,Dairy,Low,27.8,24.0,32.0,72,0.0,5.6,1013.0,32,5,1,24,1,13.0,22.14,22.14
2026-01-25,S001,P038,Fresh Cream,Dairy,Low,28.6,26.0,31.0,77,0.0,6.1,1011.8,29,6,1,25,1,32.0,23.14,23.14
2026-01-26,S001,P038,Fresh Cream,Dairy,Low,28.9,25.0,32.0,77,0.0,7.4,1012.6,26,0,1,26,0,29.0,22.29,22.29
2026-01-27,S001,P038,Fresh Cream,Dairy,Low,29.1,26.0,32.0,76,0.0,5.5,1013.5,33,1,1,27,0,26.0,23.43,23.43
2026-01-28,S001,P038,Fresh Cream,Dairy,Low,28.8,26.0,32.0,69,0.0,3.3,1012.6,6,2,1,28,0,33.0,25.57,25.57
2026-01-29,S001,P038,Fresh Cream,Dairy,Low,28.3,25.0,32.7,68,0.0,2.9,1012.3,20,3,1,29,0,6.0,23.43,23.43
2026-01-30,S001,P038,Fresh Cream,Dairy,Low,27.2,23.1,32.3,70,0.0,2.4,1013.2,32,4,1,30,0,20.0,22.71,22.71
2026-01-31,S001,P038,Fresh Cream,Dairy,Low,27.0,22.5,32.0,70,0.0,2.4,1013.0,21,5,1,31,1,32.0,25.43,25.43
2026-02-01,S001,P038,Fresh Cream,Dairy,Low,27.4,23.0,32.2,71,0.0,2.5,1012.7,28,6,2,1,1,21.0,23.86,23.86
2026-02-02,S001,P038,Fresh Cream,Dairy,Low,27.8,24.1,32.3,74,0.0,2.1,1012.9,18,0,2,2,0,28.0,23.71,23.71
2026-02-03,S001,P038,Fresh Cream,Dairy,Low,27.9,24.4,32.3,74,0.0,2.1,1012.5,20,1,2,3,0,18.0,22.57,22.57
2026-02-04,S001,P038,Fresh Cream,Dairy,Low,27.9,24.2,32.4,72,0.0,2.2,1012.8,28,2,2,4,0,20.0,20.71,20.71
2026-02-05,S001,P038,Fresh Cream,Dairy,Low,28.1,24.2,32.7,71,0.0,2.5,1012.9,15,3,2,5,0,28.0,23.86,23.86
2026-02-06,S001,P038,Fresh Cream,Dairy,Low,27.9,24.0,32.5,71,0.0,2.3,1012.9,23,4,2,6,0,15.0,23.14,23.14
2026-02-07,S001,P038,Fresh Cream,Dairy,Low,27.8,23.9,32.5,70,0.0,2.4,1012.6,16,5,2,7,1,23.0,21.86,21.86
2026-01-01,S001,P039,Bread,Bakery,Low,29.2,25.0,32.0,71,0.0,8.8,1010.2,12,3,1,1,0,27.0,21.0,21.0
2026-01-02,S001,P039,Bread,Bakery,Low,28.2,26.0,31.0,71,0.0,5.3,1011.5,20,4,1,2,0,12.0,21.14,21.14
2026-01-03,S001,P039,Bread,Bakery,Low,28.3,25.0,32.0,76,0.0,5.5,1011.3,24,5,1,3,1,20.0,20.14,20.14
2026-01-04,S001,P039,Bread,Bakery,Low,28.5,25.0,33.0,67,0.0,6.2,1011.3,28,6,1,4,1,24.0,18.71,18.71
2026-01-05,S001,P039,Bread,Bakery,Low,27.8,24.0,32.0,69,0.0,4.9,1011.4,16,0,1,5,0,28.0,19.57,19.57
2026-01-06,S001,P039,Bread,Bakery,Low,28.4,25.0,32.0,70,0.0,5.8,1011.8,21,1,1,6,0,16.0,19.71,19.71
2026-01-07,S001,P039,Bread,Bakery,Low,28.8,25.0,32.0,64,0.0,5.5,1012.0,20,2,1,7,0,21.0,21.14,21.14
2026-01-08,S001,P039,Bread,Bakery,Low,27.9,25.0,31.0,57,0.0,6.4,1012.0,34,3,1,8,0,20.0,20.14,20.14
2026-01-09,S001,P039,Bread,Bakery,Low,27.5,24.0,31.0,65,0.0,5.2,1011.5,21,4,1,9,0,34.0,23.29,23.29
2026-01-10,S001,P039,Bread,Bakery,Low,27.8,24.0,31.0,73,0.0,5.4,1011.0,10,5,1,10,1,21.0,23.43,23.43
2026-01-11,S001,P039,Bread,Bakery,Low,28.1,25.0,32.0,76,0.0,6.2,1012.2,22,6,1,11,1,10.0,21.43,21.43
2026-01-12,S001,P039,Bread,Bakery,Low,28.5,25.0,32.0,75,0.0,4.4,1013.0,25,0,1,12,0,22.0,20.57,20.57
2026-01-13,S001,P039,Bread,Bakery,Low,28.5,26.0,32.0,78,0.0,4.7,1013.6,13,1,1,13,0,25.0,21.86,21.86
2026-01-14,S001,P039,Bread,Bakery,Low,28.5,25.0,32.0,78,0.0,4.8,1012.7,16,2,1,14,0,13.0,20.71,20.71
2026-01-15,S001,P039,Bread,Bakery,Low,28.5,26.0,31.0,77,0.0,6.4,1011.2,29,3,1,15,0,16.0,20.14,20.14
2026-01-16,S001,P039,Bread,Bakery,Low,28.2,25.0,31.0,75,0.0,6.0,1011.3,14,4,1,16,0,29.0,19.43,19.43
2026-01-17,S001,P039,Bread,Bakery,Low,28.3,24.0,32.0,69,0.0,6.5,1010.4,30,5,1,17,1,14.0,18.43,18.43
2026-01-18,S001,P039,Bread,Bakery,Low,27.8,25.0,31.0,71,0.0,8.4,1009.8,31,6,1,18,1,30.0,21.29,21.29
2026-01-19,S001,P039,Bread,Bakery,Low,28.0,25.0,31.0,72,0.0,6.9,1011.0,31,0,1,19,0,31.0,22.57,22.57
2026-01-20,S001,P039,Bread,Bakery,Low,28.1,25.0,32.0,73,0.0,6.2,1010.6,19,1,1,20,0,31.0,23.43,23.43
2026-01-21,S001,P039,Bread,Bakery,Low,28.0,24.0,31.0,72,0.0,6.5,1011.1,14,2,1,21,0,19.0,24.29,24.29
2026-01-22,S001,P039,Bread,Bakery,Low,28.1,25.0,32.0,65,0.0,6.3,1011.9,20,3,1,22,0,14.0,24.0,24.0
2026-01-23,S001,P039,Bread,Bakery,Low,27.6,23.0,32.0,69,0.0,6.0,1012.8,26,4,1,23,0,20.0,22.71,22.71
2026-01-24,S001,P039,Bread,Bakery,Low,27.8,24.0,32.0,72,0.0,5.6,1013.0,24,5,1,24,1,26.0,24.43,24.43
2026-01-25,S001,P039,Bread,Bakery,Low,28.6,26.0,31.0,77,0.0,6.1,1011.8,20,6,1,25,1,24.0,23.57,23.57
2026-01-26,S001,P039,Bread,Bakery,Low,28.9,25.0,32.0,77,0.0,7.4,1012.6,10,0,1,26,0,20.0,22.0,22.0
2026-01-27,S001,P039,Bread,Bakery,Low,29.1,26.0,32.0,76,0.0,5.5,1013.5,25,1,1,27,0,10.0,19.0,19.0
2026-01-28,S001,P039,Bread,Bakery,Low,28.8,26.0,32.0,69,0.0,3.3,1012.6,26,2,1,28,0,25.0,19.86,19.86
2026-01-29,S001,P039,Bread,Bakery,Low,28.3,25.0,32.7,68,0.0,2.9,1012.3,27,3,1,29,0,26.0,21.57,21.57
2026-01-30,S001,P039,Bread,Bakery,Low,27.2,23.1,32.3,70,0.0,2.4,1013.2,17,4,1,30,0,27.0,22.57,22.57
2026-01-31,S001,P039,Bread,Bakery,Low,27.0,22.5,32.0,70,0.0,2.4,1013.0,14,5,1,31,1,17.0,21.29,21.29
2026-02-01,S001,P039,Bread,Bakery,Low,27.4,23.0,32.2,71,0.0,2.5,1012.7,25,6,2,1,1,14.0,19.86,19.86
2026-02-02,S001,P039,Bread,Bakery,Low,27.8,24.1,32.3,74,0.0,2.1,1012.9,15,0,2,2,0,25.0,20.57,20.57
2026-02-03,S001,P039,Bread,Bakery,Low,27.9,24.4,32.3,74,0.0,2.1,1012.5,23,1,2,3,0,15.0,21.29,21.29
2026-02-04,S001,P039,Bread,Bakery,Low,27.9,24.2,32.4,72,0.0,2.2,1012.8,21,2,2,4,0,23.0,21.0,21.0
2026-02-05,S001,P039,Bread,Bakery,Low,28.1,24.2,32.7,71,0.0,2.5,1012.9,23,3,2,5,0,21.0,20.29,20.29
2026-02-06,S001,P039,Bread,Bakery,Low,27.9,24.0,32.5,71,0.0,2.3,1012.9,32,4,2,6,0,23.0,19.71,19.71
2026-02-07,S001,P039,Bread,Bakery,Low,27.8,23.9,32.5,70,0.0,2.4,1012.6,38,5,2,7,1,32.0,21.86,21.86
2026-01-01,S001,P040,Bun,Bakery,Low,29.2,25.0,32.0,71,0.0,8.8,1010.2,21,3,1,1,0,27.0,21.57,21.57
2026-01-02,S001,P040,Bun,Bakery,Low,28.2,26.0,31.0,71,0.0,5.3,1011.5,17,4,1,2,0,21.0,23.0,23.0
2026-01-03,S001,P040,Bun,Bakery,Low,28.3,25.0,32.0,76,0.0,5.5,1011.3,35,5,1,3,1,17.0,22.29,22.29
2026-01-04,S001,P040,Bun,Bakery,Low,28.5,25.0,33.0,67,0.0,6.2,1011.3,16,6,1,4,1,35.0,24.0,24.0
2026-01-05,S001,P040,Bun,Bakery,Low,27.8,24.0,32.0,69,0.0,4.9,1011.4,34,0,1,5,0,16.0,24.43,24.43
2026-01-06,S001,P040,Bun,Bakery,Low,28.4,25.0,32.0,70,0.0,5.8,1011.8,18,1,1,6,0,34.0,25.86,25.86
2026-01-07,S001,P040,Bun,Bakery,Low,28.8,25.0,32.0,64,0.0,5.5,1012.0,7,2,1,7,0,18.0,24.0,24.0
2026-01-08,S001,P040,Bun,Bakery,Low,27.9,25.0,31.0,57,0.0,6.4,1012.0,26,3,1,8,0,7.0,21.14,21.14
2026-01-09,S001,P040,Bun,Bakery,Low,27.5,24.0,31.0,65,0.0,5.2,1011.5,22,4,1,9,0,26.0,21.86,21.86
2026-01-10,S001,P040,Bun,Bakery,Low,27.8,24.0,31.0,73,0.0,5.4,1011.0,25,5,1,10,1,22.0,22.57,22.57
2026-01-11,S001,P040,Bun,Bakery,Low,28.1,25.0,32.0,76,0.0,6.2,1012.2,21,6,1,11,1,25.0,21.14,21.14
2026-01-12,S001,P040,Bun,Bakery,Low,28.5,25.0,32.0,75,0.0,4.4,1013.0,21,0,1,12,0,21.0,21.86,21.86
2026-01-13,S001,P040,Bun,Bakery,Low,28.5,26.0,32.0,78,0.0,4.7,1013.6,18,1,1,13,0,21.0,20.0,20.0
2026-01-14,S001,P040,Bun,Bakery,Low,28.5,25.0,32.0,78,0.0,4.8,1012.7,22,2,1,14,0,18.0,20.0,20.0
2026-01-15,S001,P040,Bun,Bakery,Low,28.5,26.0,31.0,77,0.0,6.4,1011.2,6,3,1,15,0,22.0,22.14,22.14
2026-01-16,S001,P040,Bun,Bakery,Low,28.2,25.0,31.0,75,0.0,6.0,1011.3,8,4,1,16,0,6.0,19.29,19.29
2026-01-17,S001,P040,Bun,Bakery,Low,28.3,24.0,32.0,69,0.0,6.5,1010.4,16,5,1,17,1,8.0,17.29,17.29
2026-01-18,S001,P040,Bun,Bakery,Low,27.8,25.0,31.0,71,0.0,8.4,1009.8,17,6,1,18,1,16.0,16.0,16.0
2026-01-19,S001,P040,Bun,Bakery,Low,28.0,25.0,31.0,72,0.0,6.9,1011.0,16,0,1,19,0,17.0,15.43,15.43
2026-01-20,S001,P040,Bun,Bakery,Low,28.1,25.0,32.0,73,0.0,6.2,1010.6,22,1,1,20,0,16.0,14.71,14.71
2026-01-21,S001,P040,Bun,Bakery,Low,28.0,24.0,31.0,72,0.0,6.5,1011.1,29,2,1,21,0,22.0,15.29,15.29
2026-01-22,S001,P040,Bun,Bakery,Low,28.1,25.0,32.0,65,0.0,6.3,1011.9,9,3,1,22,0,29.0,16.29,16.29
2026-01-23,S001,P040,Bun,Bakery,Low,27.6,23.0,32.0,69,0.0,6.0,1012.8,23,4,1,23,0,9.0,16.71,16.71
2026-01-24,S001,P040,Bun,Bakery,Low,27.8,24.0,32.0,72,0.0,5.6,1013.0,29,5,1,24,1,23.0,18.86,18.86
2026-01-25,S001,P040,Bun,Bakery,Low,28.6,26.0,31.0,77,0.0,6.1,1011.8,32,6,1,25,1,29.0,20.71,20.71
2026-01-26,S001,P040,Bun,Bakery,Low,28.9,25.0,32.0,77,0.0,7.4,1012.6,27,0,1,26,0,32.0,22.86,22.86
2026-01-27,S001,P040,Bun,Bakery,Low,29.1,26.0,32.0,76,0.0,5.5,1013.5,17,1,1,27,0,27.0,24.43,24.43
2026-01-28,S001,P040,Bun,Bakery,Low,28.8,26.0,32.0,69,0.0,3.3,1012.6,28,2,1,28,0,17.0,23.71,23.71
2026-01-29,S001,P040,Bun,Bakery,Low,28.3,25.0,32.7,68,0.0,2.9,1012.3,18,3,1,29,0,28.0,23.57,23.57
2026-01-30,S001,P040,Bun,Bakery,Low,27.2,23.1,32.3,70,0.0,2.4,1013.2,24,4,1,30,0,18.0,24.86,24.86
2026-01-31,S001,P040,Bun,Bakery,Low,27.0,22.5,32.0,70,0.0,2.4,1013.0,23,5,1,31,1,24.0,25.0,25.0
2026-02-01,S001,P040,Bun,Bakery,Low,27.4,23.0,32.2,71,0.0,2.5,1012.7,31,6,2,1,1,23.0,24.14,24.14
2026-02-02,S001,P040,Bun,Bakery,Low,27.8,24.1,32.3,74,0.0,2.1,1012.9,17,0,2,2,0,31.0,24.0,24.0
2026-02-03,S001,P040,Bun,Bakery,Low,27.9,24.4,32.3,74,0.0,2.1,1012.5,29,1,2,3,0,17.0,22.57,22.57
2026-02-04,S001,P040,Bun,Bakery,Low,27.9,24.2,32.4,72,0.0,2.2,1012.8,6,2,2,4,0,29.0,24.29,24.29
2026-02-05,S001,P040,Bun,Bakery,Low,28.1,24.2,32.7,71,0.0,2.5,1012.9,15,3,2,5,0,6.0,21.14,21.14
2026-02-06,S001,P040,Bun,Bakery,Low,27.9,24.0,32.5,71,0.0,2.3,1012.9,28,4,2,6,0,15.0,20.71,20.71
2026-02-07,S001,P040,Bun,Bakery,Low,27.8,23.9,32.5,70,0.0,2.4,1012.6,22,5,2,7,1,28.0,21.29,21.29
2026-01-01,S001,P041,Burger Bun,Bakery,Low,29.2,25.0,32.0,71,0.0,8.8,1010.2,25,3,1,1,0,26.0,25.71,25.71
2026-01-02,S001,P041,Burger Bun,Bakery,Low,28.2,26.0,31.0,71,0.0,5.3,1011.5,25,4,1,2,0,25.0,26.71,26.71
2026-01-03,S001,P041,Burger Bun,Bakery,Low,28.3,25.0,32.0,76,0.0,5.5,1011.3,17,5,1,3,1,25.0,26.86,26.86
2026-01-04,S001,P041,Burger Bun,Bakery,Low,28.5,25.0,33.0,67,0.0,6.2,1011.3,29,6,1,4,1,17.0,25.57,25.57
2026-01-05,S001,P041,Burger Bun,Bakery,Low,27.8,24.0,32.0,69,0.0,4.9,1011.4,28,0,1,5,0,29.0,24.57,24.57
2026-01-06,S001,P041,Burger Bun,Bakery,Low,28.4,25.0,32.0,70,0.0,5.8,1011.8,16,1,1,6,0,28.0,26.29,26.29
2026-01-07,S001,P041,Burger Bun,Bakery,Low,28.8,25.0,32.0,64,0.0,5.5,1012.0,17,2,1,7,0,16.0,23.71,23.71
2026-01-08,S001,P041,Burger Bun,Bakery,Low,27.9,25.0,31.0,57,0.0,6.4,1012.0,15,3,1,8,0,17.0,22.43,22.43
2026-01-09,S001,P041,Burger Bun,Bakery,Low,27.5,24.0,31.0,65,0.0,5.2,1011.5,13,4,1,9,0,15.0,21.0,21.0
2026-01-10,S001,P041,Burger Bun,Bakery,Low,27.8,24.0,31.0,73,0.0,5.4,1011.0,21,5,1,10,1,13.0,19.29,19.29
2026-01-11,S001,P041,Burger Bun,Bakery,Low,28.1,25.0,32.0,76,0.0,6.2,1012.2,23,6,1,11,1,21.0,19.86,19.86
2026-01-12,S001,P041,Burger Bun,Bakery,Low,28.5,25.0,32.0,75,0.0,4.4,1013.0,28,0,1,12,0,23.0,19.0,19.0
2026-01-13,S001,P041,Burger Bun,Bakery,Low,28.5,26.0,32.0,78,0.0,4.7,1013.6,13,1,1,13,0,28.0,19.0,19.0
2026-01-14,S001,P041,Burger Bun,Bakery,Low,28.5,25.0,32.0,78,0.0,4.8,1012.7,25,2,1,14,0,13.0,18.57,18.57
2026-01-15,S001,P041,Burger Bun,Bakery,Low,28.5,26.0,31.0,77,0.0,6.4,1011.2,22,3,1,15,0,25.0,19.71,19.71
2026-01-16,S001,P041,Burger Bun,Bakery,Low,28.2,25.0,31.0,75,0.0,6.0,1011.3,7,4,1,16,0,22.0,20.71,20.71
2026-01-17,S001,P041,Burger Bun,Bakery,Low,28.3,24.0,32.0,69,0.0,6.5,1010.4,34,5,1,17,1,7.0,19.86,19.86
2026-01-18,S001,P041,Burger Bun,Bakery,Low,27.8,25.0,31.0,71,0.0,8.4,1009.8,17,6,1,18,1,34.0,21.71,21.71
2026-01-19,S001,P041,Burger Bun,Bakery,Low,28.0,25.0,31.0,72,0.0,6.9,1011.0,34,0,1,19,0,17.0,20.86,20.86
2026-01-20,S001,P041,Burger Bun,Bakery,Low,28.1,25.0,32.0,73,0.0,6.2,1010.6,34,1,1,20,0,34.0,21.71,21.71
2026-01-21,S001,P041,Burger Bun,Bakery,Low,28.0,24.0,31.0,72,0.0,6.5,1011.1,15,2,1,21,0,34.0,24.71,24.71
2026-01-22,S001,P041,Burger Bun,Bakery,Low,28.1,25.0,32.0,65,0.0,6.3,1011.9,19,3,1,22,0,15.0,23.29,23.29
2026-01-23,S001,P041,Burger Bun,Bakery,Low,27.6,23.0,32.0,69,0.0,6.0,1012.8,17,4,1,23,0,19.0,22.86,22.86
2026-01-24,S001,P041,Burger Bun,Bakery,Low,27.8,24.0,32.0,72,0.0,5.6,1013.0,13,5,1,24,1,17.0,24.29,24.29
2026-01-25,S001,P041,Burger Bun,Bakery,Low,28.6,26.0,31.0,77,0.0,6.1,1011.8,30,6,1,25,1,13.0,21.29,21.29
2026-01-26,S001,P041,Burger Bun,Bakery,Low,28.9,25.0,32.0,77,0.0,7.4,1012.6,23,0,1,26,0,30.0,23.14,23.14
2026-01-27,S001,P041,Burger Bun,Bakery,Low,29.1,26.0,32.0,76,0.0,5.5,1013.5,20,1,1,27,0,23.0,21.57,21.57
2026-01-28,S001,P041,Burger Bun,Bakery,Low,28.8,26.0,32.0,69,0.0,3.3,1012.6,11,2,1,28,0,20.0,19.57,19.57
2026-01-29,S001,P041,Burger Bun,Bakery,Low,28.3,25.0,32.7,68,0.0,2.9,1012.3,22,3,1,29,0,11.0,19.0,19.0
2026-01-30,S001,P041,Burger Bun,Bakery,Low,27.2,23.1,32.3,70,0.0,2.4,1013.2,12,4,1,30,0,22.0,19.43,19.43
2026-01-31,S001,P041,Burger Bun,Bakery,Low,27.0,22.5,32.0,70,0.0,2.4,1013.0,32,5,1,31,1,12.0,18.71,18.71
2026-02-01,S001,P041,Burger Bun,Bakery,Low,27.4,23.0,32.2,71,0.0,2.5,1012.7,15,6,2,1,1,32.0,21.43,21.43
2026-02-02,S001,P041,Burger Bun,Bakery,Low,27.8,24.1,32.3,74,0.0,2.1,1012.9,24,0,2,2,0,15.0,19.29,19.29
2026-02-03,S001,P041,Burger Bun,Bakery,Low,27.9,24.4,32.3,74,0.0,2.1,1012.5,15,1,2,3,0,24.0,19.43,19.43
2026-02-04,S001,P041,Burger Bun,Bakery,Low,27.9,24.2,32.4,72,0.0,2.2,1012.8,28,2,2,4,0,15.0,18.71,18.71
2026-02-05,S001,P041,Burger Bun,Bakery,Low,28.1,24.2,32.7,71,0.0,2.5,1012.9,18,3,2,5,0,28.0,21.14,21.14
2026-02-06,S001,P041,Burger Bun,Bakery,Low,27.9,24.0,32.5,71,0.0,2.3,1012.9,22,4,2,6,0,18.0,20.57,20.57
2026-02-07,S001,P041,Burger Bun,Bakery,Low,27.8,23.9,32.5,70,0.0,2.4,1012.6,12,5,2,7,1,22.0,22.0,22.0
2026-01-01,S001,P042,Cake,Bakery,Medium,29.2,25.0,32.0,71,0.0,8.8,1010.2,31,3,1,1,0,28.0,28.43,28.43
2026-01-02,S001,P042,Cake,Bakery,Medium,28.2,26.0,31.0,71,0.0,5.3,1011.5,19,4,1,2,0,31.0,28.43,28.43
2026-01-03,S001,P042,Cake,Bakery,Medium,28.3,25.0,32.0,76,0.0,5.5,1011.3,41,5,1,3,1,19.0,28.14,28.14
2026-01-04,S001,P042,Cake,Bakery,Medium,28.5,25.0,33.0,67,0.0,6.2,1011.3,31,6,1,4,1,41.0,28.29,28.29
2026-01-05,S001,P042,Cake,Bakery,Medium,27.8,24.0,32.0,69,0.0,4.9,1011.4,27,0,1,5,0,31.0,30.0,30.0
2026-01-06,S001,P042,Cake,Bakery,Medium,28.4,25.0,32.0,70,0.0,5.8,1011.8,20,1,1,6,0,27.0,29.14,29.14
2026-01-07,S001,P042,Cake,Bakery,Medium,28.8,25.0,32.0,64,0.0,5.5,1012.0,28,2,1,7,0,20.0,28.14,28.14
2026-01-08,S001,P042,Cake,Bakery,Medium,27.9,25.0,31.0,57,0.0,6.4,1012.0,9,3,1,8,0,28.0,28.14,28.14
2026-01-09,S001,P042,Cake,Bakery,Medium,27.5,24.0,31.0,65,0.0,5.2,1011.5,15,4,1,9,0,9.0,25.0,25.0
2026-01-10,S001,P042,Cake,Bakery,Medium,27.8,24.0,31.0,73,0.0,5.4,1011.0,21,5,1,10,1,15.0,24.43,24.43
2026-01-11,S001,P042,Cake,Bakery,Medium,28.1,25.0,32.0,76,0.0,6.2,1012.2,17,6,1,11,1,21.0,21.57,21.57
2026-01-12,S001,P042,Cake,Bakery,Medium,28.5,25.0,32.0,75,0.0,4.4,1013.0,30,0,1,12,0,17.0,19.57,19.57
2026-01-13,S001,P042,Cake,Bakery,Medium,28.5,26.0,32.0,78,0.0,4.7,1013.6,21,1,1,13,0,30.0,20.0,20.0
2026-01-14,S001,P042,Cake,Bakery,Medium,28.5,25.0,32.0,78,0.0,4.8,1012.7,30,2,1,14,0,21.0,20.14,20.14
2026-01-15,S001,P042,Cake,Bakery,Medium,28.5,26.0,31.0,77,0.0,6.4,1011.2,12,3,1,15,0,30.0,20.43,20.43
2026-01-16,S001,P042,Cake,Bakery,Medium,28.2,25.0,31.0,75,0.0,6.0,1011.3,20,4,1,16,0,12.0,20.86,20.86
2026-01-17,S001,P042,Cake,Bakery,Medium,28.3,24.0,32.0,69,0.0,6.5,1010.4,26,5,1,17,1,20.0,21.57,21.57
2026-01-18,S001,P042,Cake,Bakery,Medium,27.8,25.0,31.0,71,0.0,8.4,1009.8,29,6,1,18,1,26.0,22.29,22.29
2026-01-19,S001,P042,Cake,Bakery,Medium,28.0,25.0,31.0,72,0.0,6.9,1011.0,25,0,1,19,0,29.0,24.0,24.0
2026-01-20,S001,P042,Cake,Bakery,Medium,28.1,25.0,32.0,73,0.0,6.2,1010.6,26,1,1,20,0,25.0,23.29,23.29
2026-01-21,S001,P042,Cake,Bakery,Medium,28.0,24.0,31.0,72,0.0,6.5,1011.1,17,2,1,21,0,26.0,24.0,24.0
2026-01-22,S001,P042,Cake,Bakery,Medium,28.1,25.0,32.0,65,0.0,6.3,1011.9,23,3,1,22,0,17.0,22.14,22.14
2026-01-23,S001,P042,Cake,Bakery,Medium,27.6,23.0,32.0,69,0.0,6.0,1012.8,26,4,1,23,0,23.0,23.71,23.71
2026-01-24,S001,P042,Cake,Bakery,Medium,27.8,24.0,32.0,72,0.0,5.6,1013.0,22,5,1,24,1,26.0,24.57,24.57
2026-01-25,S001,P042,Cake,Bakery,Medium,28.6,26.0,31.0,77,0.0,6.1,1011.8,26,6,1,25,1,22.0,24.0,24.0
2026-01-26,S001,P042,Cake,Bakery,Medium,28.9,25.0,32.0,77,0.0,7.4,1012.6,26,0,1,26,0,26.0,23.57,23.57
2026-01-27,S001,P042,Cake,Bakery,Medium,29.1,26.0,32.0,76,0.0,5.5,1013.5,16,1,1,27,0,26.0,23.71,23.71
2026-01-28,S001,P042,Cake,Bakery,Medium,28.8,26.0,32.0,69,0.0,3.3,1012.6,18,2,1,28,0,16.0,22.29,22.29
2026-01-29,S001,P042,Cake,Bakery,Medium,28.3,25.0,32.7,68,0.0,2.9,1012.3,32,3,1,29,0,18.0,22.43,22.43
2026-01-30,S001,P042,Cake,Bakery,Medium,27.2,23.1,32.3,70,0.0,2.4,1013.2,22,4,1,30,0,32.0,23.71,23.71
2026-01-31,S001,P042,Cake,Bakery,Medium,27.0,22.5,32.0,70,0.0,2.4,1013.0,36,5,1,31,1,22.0,23.14,23.14
2026-02-01,S001,P042,Cake,Bakery,Medium,27.4,23.0,32.2,71,0.0,2.5,1012.7,31,6,2,1,1,36.0,25.14,25.14
2026-02-02,S001,P042,Cake,Bakery,Medium,27.8,24.1,32.3,74,0.0,2.1,1012.9,34,0,2,2,0,31.0,25.86,25.86
2026-02-03,S001,P042,Cake,Bakery,Medium,27.9,24.4,32.3,74,0.0,2.1,1012.5,29,1,2,3,0,34.0,27.0,27.0
2026-02-04,S001,P042,Cake,Bakery,Medium,27.9,24.2,32.4,72,0.0,2.2,1012.8,15,2,2,4,0,29.0,28.86,28.86
2026-02-05,S001,P042,Cake,Bakery,Medium,28.1,24.2,32.7,71,0.0,2.5,1012.9,13,3,2,5,0,15.0,28.43,28.43
2026-02-06,S001,P042,Cake,Bakery,Medium,27.9,24.0,32.5,71,0.0,2.3,1012.9,27,4,2,6,0,13.0,25.71,25.71
2026-02-07,S001,P042,Cake,Bakery,Medium,27.8,23.9,32.5,70,0.0,2.4,1012.6,30,5,2,7,1,27.0,26.43,26.43
2026-01-01,S001,P043,Rusk,Bakery,Low,29.2,25.0,32.0,71,0.0,8.8,1010.2,14,3,1,1,0,25.0,22.57,22.57
2026-01-02,S001,P043,Rusk,Bakery,Low,28.2,26.0,31.0,71,0.0,5.3,1011.5,17,4,1,2,0,14.0,21.29,21.29
2026-01-03,S001,P043,Rusk,Bakery,Low,28.3,25.0,32.0,76,0.0,5.5,1011.3,13,5,1,3,1,17.0,22.29,22.29
2026-01-04,S001,P043,Rusk,Bakery,Low,28.5,25.0,33.0,67,0.0,6.2,1011.3,20,6,1,4,1,13.0,21.57,21.57
2026-01-05,S001,P043,Rusk,Bakery,Low,27.8,24.0,32.0,69,0.0,4.9,1011.4,21,0,1,5,0,20.0,19.86,19.86
2026-01-06,S001,P043,Rusk,Bakery,Low,28.4,25.0,32.0,70,0.0,5.8,1011.8,24,1,1,6,0,21.0,19.57,19.57
2026-01-07,S001,P043,Rusk,Bakery,Low,28.8,25.0,32.0,64,0.0,5.5,1012.0,9,2,1,7,0,24.0,19.14,19.14
2026-01-08,S001,P043,Rusk,Bakery,Low,27.9,25.0,31.0,57,0.0,6.4,1012.0,16,3,1,8,0,9.0,16.86,16.86
2026-01-09,S001,P043,Rusk,Bakery,Low,27.5,24.0,31.0,65,0.0,5.2,1011.5,20,4,1,9,0,16.0,17.14,17.14
2026-01-10,S001,P043,Rusk,Bakery,Low,27.8,24.0,31.0,73,0.0,5.4,1011.0,23,5,1,10,1,20.0,17.57,17.57
2026-01-11,S001,P043,Rusk,Bakery,Low,28.1,25.0,32.0,76,0.0,6.2,1012.2,25,6,1,11,1,23.0,19.0,19.0
2026-01-12,S001,P043,Rusk,Bakery,Low,28.5,25.0,32.0,75,0.0,4.4,1013.0,28,0,1,12,0,25.0,19.71,19.71
2026-01-13,S001,P043,Rusk,Bakery,Low,28.5,26.0,32.0,78,0.0,4.7,1013.6,30,1,1,13,0,28.0,20.71,20.71
2026-01-14,S001,P043,Rusk,Bakery,Low,28.5,25.0,32.0,78,0.0,4.8,1012.7,16,2,1,14,0,30.0,21.57,21.57
2026-01-15,S001,P043,Rusk,Bakery,Low,28.5,26.0,31.0,77,0.0,6.4,1011.2,20,3,1,15,0,16.0,22.57,22.57
2026-01-16,S001,P043,Rusk,Bakery,Low,28.2,25.0,31.0,75,0.0,6.0,1011.3,17,4,1,16,0,20.0,23.14,23.14
2026-01-17,S001,P043,Rusk,Bakery,Low,28.3,24.0,32.0,69,0.0,6.5,1010.4,19,5,1,17,1,17.0,22.71,22.71
2026-01-18,S001,P043,Rusk,Bakery,Low,27.8,25.0,31.0,71,0.0,8.4,1009.8,24,6,1,18,1,19.0,22.14,22.14
2026-01-19,S001,P043,Rusk,Bakery,Low,28.0,25.0,31.0,72,0.0,6.9,1011.0,26,0,1,19,0,24.0,22.0,22.0
2026-01-20,S001,P043,Rusk,Bakery,Low,28.1,25.0,32.0,73,0.0,6.2,1010.6,35,1,1,20,0,26.0,21.71,21.71
2026-01-21,S001,P043,Rusk,Bakery,Low,28.0,24.0,31.0,72,0.0,6.5,1011.1,22,2,1,21,0,35.0,22.43,22.43
2026-01-22,S001,P043,Rusk,Bakery,Low,28.1,25.0,32.0,65,0.0,6.3,1011.9,21,3,1,22,0,22.0,23.29,23.29
2026-01-23,S001,P043,Rusk,Bakery,Low,27.6,23.0,32.0,69,0.0,6.0,1012.8,19,4,1,23,0,21.0,23.43,23.43
2026-01-24,S001,P043,Rusk,Bakery,Low,27.8,24.0,32.0,72,0.0,5.6,1013.0,12,5,1,24,1,19.0,23.71,23.71
2026-01-25,S001,P043,Rusk,Bakery,Low,28.6,26.0,31.0,77,0.0,6.1,1011.8,21,6,1,25,1,12.0,22.71,22.71
2026-01-26,S001,P043,Rusk,Bakery,Low,28.9,25.0,32.0,77,0.0,7.4,1012.6,25,0,1,26,0,21.0,22.29,22.29
2026-01-27,S001,P043,Rusk,Bakery,Low,29.1,26.0,32.0,76,0.0,5.5,1013.5,22,1,1,27,0,25.0,22.14,22.14
2026-01-28,S001,P043,Rusk,Bakery,Low,28.8,26.0,32.0,69,0.0,3.3,1012.6,26,2,1,28,0,22.0,20.29,20.29
2026-01-29,S001,P043,Rusk,Bakery,Low,28.3,25.0,32.7,68,0.0,2.9,1012.3,20,3,1,29,0,26.0,20.86,20.86
2026-01-30,S001,P043,Rusk,Bakery,Low,27.2,23.1,32.3,70,0.0,2.4,1013.2,32,4,1,30,0,20.0,20.71,20.71
2026-01-31,S001,P043,Rusk,Bakery,Low,27.0,22.5,32.0,70,0.0,2.4,1013.0,15,5,1,31,1,32.0,22.57,22.57
2026-02-01,S001,P043,Rusk,Bakery,Low,27.4,23.0,32.2,71,0.0,2.5,1012.7,26,6,2,1,1,15.0,23.0,23.0
2026-02-02,S001,P043,Rusk,Bakery,Low,27.8,24.1,32.3,74,0.0,2.1,1012.9,29,0,2,2,0,26.0,23.71,23.71
2026-02-03,S001,P043,Rusk,Bakery,Low,27.9,24.4,32.3,74,0.0,2.1,1012.5,18,1,2,3,0,29.0,24.29,24.29
2026-02-04,S001,P043,Rusk,Bakery,Low,27.9,24.2,32.4,72,0.0,2.2,1012.8,7,2,2,4,0,18.0,23.71,23.71
2026-02-05,S001,P043,Rusk,Bakery,Low,28.1,24.2,32.7,71,0.0,2.5,1012.9,21,3,2,5,0,7.0,21.0,21.0
2026-02-06,S001,P043,Rusk,Bakery,Low,27.9,24.0,32.5,71,0.0,2.3,1012.9,26,4,2,6,0,21.0,21.14,21.14
2026-02-07,S001,P043,Rusk,Bakery,Low,27.8,23.9,32.5,70,0.0,2.4,1012.6,20,5,2,7,1,26.0,20.29,20.29
2026-01-01,S001,P044,Biscuits,Bakery,Low,29.2,25.0,32.0,71,0.0,8.8,1010.2,19,3,1,1,0,25.0,23.43,23.43
2026-01-02,S001,P044,Biscuits,Bakery,Low,28.2,26.0,31.0,71,0.0,5.3,1011.5,10,4,1,2,0,19.0,23.14,23.14
2026-01-03,S001,P044,Biscuits,Bakery,Low,28.3,25.0,32.0,76,0.0,5.5,1011.3,22,5,1,3,1,10.0,20.57,20.57
2026-01-04,S001,P044,Biscuits,Bakery,Low,28.5,25.0,33.0,67,0.0,6.2,1011.3,25,6,1,4,1,22.0,19.71,19.71
2026-01-05,S001,P044,Biscuits,Bakery,Low,27.8,24.0,32.0,69,0.0,4.9,1011.4,16,0,1,5,0,25.0,21.0,21.0
2026-01-06,S001,P044,Biscuits,Bakery,Low,28.4,25.0,32.0,70,0.0,5.8,1011.8,21,1,1,6,0,16.0,21.57,21.57
2026-01-07,S001,P044,Biscuits,Bakery,Low,28.8,25.0,32.0,64,0.0,5.5,1012.0,16,2,1,7,0,21.0,19.71,19.71
2026-01-08,S001,P044,Biscuits,Bakery,Low,27.9,25.0,31.0,57,0.0,6.4,1012.0,10,3,1,8,0,16.0,18.43,18.43
2026-01-09,S001,P044,Biscuits,Bakery,Low,27.5,24.0,31.0,65,0.0,5.2,1011.5,24,4,1,9,0,10.0,17.14,17.14
2026-01-10,S001,P044,Biscuits,Bakery,Low,27.8,24.0,31.0,73,0.0,5.4,1011.0,21,5,1,10,1,24.0,19.14,19.14
2026-01-11,S001,P044,Biscuits,Bakery,Low,28.1,25.0,32.0,76,0.0,6.2,1012.2,37,6,1,11,1,21.0,19.0,19.0
2026-01-12,S001,P044,Biscuits,Bakery,Low,28.5,25.0,32.0,75,0.0,4.4,1013.0,7,0,1,12,0,37.0,20.71,20.71
2026-01-13,S001,P044,Biscuits,Bakery,Low,28.5,26.0,32.0,78,0.0,4.7,1013.6,20,1,1,13,0,7.0,19.43,19.43
2026-01-14,S001,P044,Biscuits,Bakery,Low,28.5,25.0,32.0,78,0.0,4.8,1012.7,11,2,1,14,0,20.0,19.29,19.29
2026-01-15,S001,P044,Biscuits,Bakery,Low,28.5,26.0,31.0,77,0.0,6.4,1011.2,22,3,1,15,0,11.0,18.57,18.57
2026-01-16,S001,P044,Biscuits,Bakery,Low,28.2,25.0,31.0,75,0.0,6.0,1011.3,9,4,1,16,0,22.0,20.29,20.29
2026-01-17,S001,P044,Biscuits,Bakery,Low,28.3,24.0,32.0,69,0.0,6.5,1010.4,27,5,1,17,1,9.0,18.14,18.14
2026-01-18,S001,P044,Biscuits,Bakery,Low,27.8,25.0,31.0,71,0.0,8.4,1009.8,27,6,1,18,1,27.0,19.0,19.0
2026-01-19,S001,P044,Biscuits,Bakery,Low,28.0,25.0,31.0,72,0.0,6.9,1011.0,19,0,1,19,0,27.0,17.57,17.57
2026-01-20,S001,P044,Biscuits,Bakery,Low,28.1,25.0,32.0,73,0.0,6.2,1010.6,24,1,1,20,0,19.0,19.29,19.29
2026-01-21,S001,P044,Biscuits,Bakery,Low,28.0,24.0,31.0,72,0.0,6.5,1011.1,22,2,1,21,0,24.0,19.86,19.86
2026-01-22,S001,P044,Biscuits,Bakery,Low,28.1,25.0,32.0,65,0.0,6.3,1011.9,20,3,1,22,0,22.0,21.43,21.43
2026-01-23,S001,P044,Biscuits,Bakery,Low,27.6,23.0,32.0,69,0.0,6.0,1012.8,24,4,1,23,0,20.0,21.14,21.14
2026-01-24,S001,P044,Biscuits,Bakery,Low,27.8,24.0,32.0,72,0.0,5.6,1013.0,35,5,1,24,1,24.0,23.29,23.29
2026-01-25,S001,P044,Biscuits,Bakery,Low,28.6,26.0,31.0,77,0.0,6.1,1011.8,19,6,1,25,1,35.0,24.43,24.43
2026-01-26,S001,P044,Biscuits,Bakery,Low,28.9,25.0,32.0,77,0.0,7.4,1012.6,16,0,1,26,0,19.0,23.29,23.29
2026-01-27,S001,P044,Biscuits,Bakery,Low,29.1,26.0,32.0,76,0.0,5.5,1013.5,17,1,1,27,0,16.0,22.86,22.86
2026-01-28,S001,P044,Biscuits,Bakery,Low,28.8,26.0,32.0,69,0.0,3.3,1012.6,26,2,1,28,0,17.0,21.86,21.86
2026-01-29,S001,P044,Biscuits,Bakery,Low,28.3,25.0,32.7,68,0.0,2.9,1012.3,16,3,1,29,0,26.0,22.43,22.43
2026-01-30,S001,P044,Biscuits,Bakery,Low,27.2,23.1,32.3,70,0.0,2.4,1013.2,15,4,1,30,0,16.0,21.86,21.86
2026-01-31,S001,P044,Biscuits,Bakery,Low,27.0,22.5,32.0,70,0.0,2.4,1013.0,29,5,1,31,1,15.0,20.57,20.57
2026-02-01,S001,P044,Biscuits,Bakery,Low,27.4,23.0,32.2,71,0.0,2.5,1012.7,24,6,2,1,1,29.0,19.71,19.71
2026-02-02,S001,P044,Biscuits,Bakery,Low,27.8,24.1,32.3,74,0.0,2.1,1012.9,27,0,2,2,0,24.0,20.43,20.43
2026-02-03,S001,P044,Biscuits,Bakery,Low,27.9,24.4,32.3,74,0.0,2.1,1012.5,15,1,2,3,0,27.0,22.0,22.0
2026-02-04,S001,P044,Biscuits,Bakery,Low,27.9,24.2,32.4,72,0.0,2.2,1012.8,19,2,2,4,0,15.0,21.71,21.71
2026-02-05,S001,P044,Biscuits,Bakery,Low,28.1,24.2,32.7,71,0.0,2.5,1012.9,23,3,2,5,0,19.0,20.71,20.71
2026-02-06,S001,P044,Biscuits,Bakery,Low,27.9,24.0,32.5,71,0.0,2.3,1012.9,24,4,2,6,0,23.0,21.71,21.71
2026-02-07,S001,P044,Biscuits,Bakery,Low,27.8,23.9,32.5,70,0.0,2.4,1012.6,34,5,2,7,1,24.0,23.0,23.0
2026-01-01,S001,P045,Croissant,Bakery,Low,29.2,25.0,32.0,71,0.0,8.8,1010.2,19,3,1,1,0,23.0,21.86,21.86
2026-01-02,S001,P045,Croissant,Bakery,Low,28.2,26.0,31.0,71,0.0,5.3,1011.5,17,4,1,2,0,19.0,23.29,23.29
2026-01-03,S001,P045,Croissant,Bakery,Low,28.3,25.0,32.0,76,0.0,5.5,1011.3,27,5,1,3,1,17.0,22.71,22.71
2026-01-04,S001,P045,Croissant,Bakery,Low,28.5,25.0,33.0,67,0.0,6.2,1011.3,22,6,1,4,1,27.0,21.57,21.57
2026-01-05,S001,P045,Croissant,Bakery,Low,27.8,24.0,32.0,69,0.0,4.9,1011.4,11,0,1,5,0,22.0,20.57,20.57
2026-01-06,S001,P045,Croissant,Bakery,Low,28.4,25.0,32.0,70,0.0,5.8,1011.8,11,1,1,6,0,11.0,19.29,19.29
2026-01-07,S001,P045,Croissant,Bakery,Low,28.8,25.0,32.0,64,0.0,5.5,1012.0,19,2,1,7,0,11.0,18.57,18.57
2026-01-08,S001,P045,Croissant,Bakery,Low,27.9,25.0,31.0,57,0.0,6.4,1012.0,16,3,1,8,0,19.0,18.0,18.0
2026-01-09,S001,P045,Croissant,Bakery,Low,27.5,24.0,31.0,65,0.0,5.2,1011.5,22,4,1,9,0,16.0,17.57,17.57
2026-01-10,S001,P045,Croissant,Bakery,Low,27.8,24.0,31.0,73,0.0,5.4,1011.0,24,5,1,10,1,22.0,18.29,18.29
2026-01-11,S001,P045,Croissant,Bakery,Low,28.1,25.0,32.0,76,0.0,6.2,1012.2,15,6,1,11,1,24.0,17.86,17.86
2026-01-12,S001,P045,Croissant,Bakery,Low,28.5,25.0,32.0,75,0.0,4.4,1013.0,34,0,1,12,0,15.0,16.86,16.86
2026-01-13,S001,P045,Croissant,Bakery,Low,28.5,26.0,32.0,78,0.0,4.7,1013.6,27,1,1,13,0,34.0,20.14,20.14
2026-01-14,S001,P045,Croissant,Bakery,Low,28.5,25.0,32.0,78,0.0,4.8,1012.7,9,2,1,14,0,27.0,22.43,22.43
2026-01-15,S001,P045,Croissant,Bakery,Low,28.5,26.0,31.0,77,0.0,6.4,1011.2,15,3,1,15,0,9.0,21.0,21.0
2026-01-16,S001,P045,Croissant,Bakery,Low,28.2,25.0,31.0,75,0.0,6.0,1011.3,17,4,1,16,0,15.0,20.86,20.86
2026-01-17,S001,P045,Croissant,Bakery,Low,28.3,24.0,32.0,69,0.0,6.5,1010.4,19,5,1,17,1,17.0,20.14,20.14
2026-01-18,S001,P045,Croissant,Bakery,Low,27.8,25.0,31.0,71,0.0,8.4,1009.8,19,6,1,18,1,19.0,19.43,19.43
2026-01-19,S001,P045,Croissant,Bakery,Low,28.0,25.0,31.0,72,0.0,6.9,1011.0,22,0,1,19,0,19.0,20.0,20.0
2026-01-20,S001,P045,Croissant,Bakery,Low,28.1,25.0,32.0,73,0.0,6.2,1010.6,21,1,1,20,0,22.0,18.29,18.29
2026-01-21,S001,P045,Croissant,Bakery,Low,28.0,24.0,31.0,72,0.0,6.5,1011.1,14,2,1,21,0,21.0,17.43,17.43
2026-01-22,S001,P045,Croissant,Bakery,Low,28.1,25.0,32.0,65,0.0,6.3,1011.9,18,3,1,22,0,14.0,18.14,18.14
2026-01-23,S001,P045,Croissant,Bakery,Low,27.6,23.0,32.0,69,0.0,6.0,1012.8,17,4,1,23,0,18.0,18.57,18.57
2026-01-24,S001,P045,Croissant,Bakery,Low,27.8,24.0,32.0,72,0.0,5.6,1013.0,28,5,1,24,1,17.0,18.57,18.57
2026-01-25,S001,P045,Croissant,Bakery,Low,28.6,26.0,31.0,77,0.0,6.1,1011.8,28,6,1,25,1,28.0,19.86,19.86
2026-01-26,S001,P045,Croissant,Bakery,Low,28.9,25.0,32.0,77,0.0,7.4,1012.6,21,0,1,26,0,28.0,21.14,21.14
2026-01-27,S001,P045,Croissant,Bakery,Low,29.1,26.0,32.0,76,0.0,5.5,1013.5,26,1,1,27,0,21.0,21.0,21.0
2026-01-28,S001,P045,Croissant,Bakery,Low,28.8,26.0,32.0,69,0.0,3.3,1012.6,21,2,1,28,0,26.0,21.71,21.71
2026-01-29,S001,P045,Croissant,Bakery,Low,28.3,25.0,32.7,68,0.0,2.9,1012.3,28,3,1,29,0,21.0,22.71,22.71
2026-01-30,S001,P045,Croissant,Bakery,Low,27.2,23.1,32.3,70,0.0,2.4,1013.2,26,4,1,30,0,28.0,24.14,24.14
2026-01-31,S001,P045,Croissant,Bakery,Low,27.0,22.5,32.0,70,0.0,2.4,1013.0,34,5,1,31,1,26.0,25.43,25.43
2026-02-01,S001,P045,Croissant,Bakery,Low,27.4,23.0,32.2,71,0.0,2.5,1012.7,11,6,2,1,1,34.0,26.29,26.29
2026-02-02,S001,P045,Croissant,Bakery,Low,27.8,24.1,32.3,74,0.0,2.1,1012.9,22,0,2,2,0,11.0,23.86,23.86
2026-02-03,S001,P045,Croissant,Bakery,Low,27.9,24.4,32.3,74,0.0,2.1,1012.5,25,1,2,3,0,22.0,24.0,24.0
2026-02-04,S001,P045,Croissant,Bakery,Low,27.9,24.2,32.4,72,0.0,2.2,1012.8,26,2,2,4,0,25.0,23.86,23.86
2026-02-05,S001,P045,Croissant,Bakery,Low,28.1,24.2,32.7,71,0.0,2.5,1012.9,18,3,2,5,0,26.0,24.57,24.57
2026-02-06,S001,P045,Croissant,Bakery,Low,27.9,24.0,32.5,71,0.0,2.3,1012.9,31,4,2,6,0,18.0,23.14,23.14
2026-02-07,S001,P045,Croissant,Bakery,Low,27.8,23.9,32.5,70,0.0,2.4,1012.6,11,5,2,7,1,31.0,23.86,23.86
2026-01-01,S001,P046,Bread Rolls,Bakery,Low,29.2,25.0,32.0,71,0.0,8.8,1010.2,22,3,1,1,0,18.0,24.57,24.57
2026-01-02,S001,P046,Bread Rolls,Bakery,Low,28.2,26.0,31.0,71,0.0,5.3,1011.5,29,4,1,2,0,22.0,24.0,24.0
2026-01-03,S001,P046,Bread Rolls,Bakery,Low,28.3,25.0,32.0,76,0.0,5.5,1011.3,19,5,1,3,1,29.0,24.14,24.14
2026-01-04,S001,P046,Bread Rolls,Bakery,Low,28.5,25.0,33.0,67,0.0,6.2,1011.3,33,6,1,4,1,19.0,23.57,23.57
2026-01-05,S001,P046,Bread Rolls,Bakery,Low,27.8,24.0,32.0,69,0.0,4.9,1011.4,22,0,1,5,0,33.0,24.43,24.43
2026-01-06,S001,P046,Bread Rolls,Bakery,Low,28.4,25.0,32.0,70,0.0,5.8,1011.8,16,1,1,6,0,22.0,24.57,24.57
2026-01-07,S001,P046,Bread Rolls,Bakery,Low,28.8,25.0,32.0,64,0.0,5.5,1012.0,10,2,1,7,0,16.0,22.71,22.71
2026-01-08,S001,P046,Bread Rolls,Bakery,Low,27.9,25.0,31.0,57,0.0,6.4,1012.0,20,3,1,8,0,10.0,21.57,21.57
2026-01-09,S001,P046,Bread Rolls,Bakery,Low,27.5,24.0,31.0,65,0.0,5.2,1011.5,24,4,1,9,0,20.0,21.29,21.29
2026-01-10,S001,P046,Bread Rolls,Bakery,Low,27.8,24.0,31.0,73,0.0,5.4,1011.0,18,5,1,10,1,24.0,20.57,20.57
2026-01-11,S001,P046,Bread Rolls,Bakery,Low,28.1,25.0,32.0,76,0.0,6.2,1012.2,33,6,1,11,1,18.0,20.43,20.43
2026-01-12,S001,P046,Bread Rolls,Bakery,Low,28.5,25.0,32.0,75,0.0,4.4,1013.0,23,0,1,12,0,33.0,20.43,20.43
2026-01-13,S001,P046,Bread Rolls,Bakery,Low,28.5,26.0,32.0,78,0.0,4.7,1013.6,25,1,1,13,0,23.0,20.57,20.57
2026-01-14,S001,P046,Bread Rolls,Bakery,Low,28.5,25.0,32.0,78,0.0,4.8,1012.7,14,2,1,14,0,25.0,21.86,21.86
2026-01-15,S001,P046,Bread Rolls,Bakery,Low,28.5,26.0,31.0,77,0.0,6.4,1011.2,18,3,1,15,0,14.0,22.43,22.43
2026-01-16,S001,P046,Bread Rolls,Bakery,Low,28.2,25.0,31.0,75,0.0,6.0,1011.3,30,4,1,16,0,18.0,22.14,22.14
2026-01-17,S001,P046,Bread Rolls,Bakery,Low,28.3,24.0,32.0,69,0.0,6.5,1010.4,29,5,1,17,1,30.0,23.0,23.0
2026-01-18,S001,P046,Bread Rolls,Bakery,Low,27.8,25.0,31.0,71,0.0,8.4,1009.8,16,6,1,18,1,29.0,24.57,24.57
2026-01-19,S001,P046,Bread Rolls,Bakery,Low,28.0,25.0,31.0,72,0.0,6.9,1011.0,32,0,1,19,0,16.0,22.14,22.14
2026-01-20,S001,P046,Bread Rolls,Bakery,Low,28.1,25.0,32.0,73,0.0,6.2,1010.6,14,1,1,20,0,32.0,23.43,23.43
2026-01-21,S001,P046,Bread Rolls,Bakery,Low,28.0,24.0,31.0,72,0.0,6.5,1011.1,27,2,1,21,0,14.0,21.86,21.86
2026-01-22,S001,P046,Bread Rolls,Bakery,Low,28.1,25.0,32.0,65,0.0,6.3,1011.9,17,3,1,22,0,27.0,23.71,23.71
2026-01-23,S001,P046,Bread Rolls,Bakery,Low,27.6,23.0,32.0,69,0.0,6.0,1012.8,15,4,1,23,0,17.0,23.57,23.57
2026-01-24,S001,P046,Bread Rolls,Bakery,Low,27.8,24.0,32.0,72,0.0,5.6,1013.0,23,5,1,24,1,15.0,21.43,21.43
2026-01-25,S001,P046,Bread Rolls,Bakery,Low,28.6,26.0,31.0,77,0.0,6.1,1011.8,17,6,1,25,1,23.0,20.57,20.57
2026-01-26,S001,P046,Bread Rolls,Bakery,Low,28.9,25.0,32.0,77,0.0,7.4,1012.6,30,0,1,26,0,17.0,20.71,20.71
2026-01-27,S001,P046,Bread Rolls,Bakery,Low,29.1,26.0,32.0,76,0.0,5.5,1013.5,24,1,1,27,0,30.0,20.43,20.43
2026-01-28,S001,P046,Bread Rolls,Bakery,Low,28.8,26.0,32.0,69,0.0,3.3,1012.6,17,2,1,28,0,24.0,21.86,21.86
2026-01-29,S001,P046,Bread Rolls,Bakery,Low,28.3,25.0,32.7,68,0.0,2.9,1012.3,21,3,1,29,0,17.0,20.43,20.43
2026-01-30,S001,P046,Bread Rolls,Bakery,Low,27.2,23.1,32.3,70,0.0,2.4,1013.2,24,4,1,30,0,21.0,21.0,21.0
2026-01-31,S001,P046,Bread Rolls,Bakery,Low,27.0,22.5,32.0,70,0.0,2.4,1013.0,34,5,1,31,1,24.0,22.29,22.29
2026-02-01,S001,P046,Bread Rolls,Bakery,Low,27.4,23.0,32.2,71,0.0,2.5,1012.7,12,6,2,1,1,34.0,23.86,23.86
2026-02-02,S001,P046,Bread Rolls,Bakery,Low,27.8,24.1,32.3,74,0.0,2.1,1012.9,28,0,2,2,0,12.0,23.14,23.14
2026-02-03,S001,P046,Bread Rolls,Bakery,Low,27.9,24.4,32.3,74,0.0,2.1,1012.5,14,1,2,3,0,28.0,22.86,22.86
2026-02-04,S001,P046,Bread Rolls,Bakery,Low,27.9,24.2,32.4,72,0.0,2.2,1012.8,27,2,2,4,0,14.0,21.43,21.43
2026-02-05,S001,P046,Bread Rolls,Bakery,Low,28.1,24.2,32.7,71,0.0,2.5,1012.9,27,3,2,5,0,27.0,22.86,22.86
2026-02-06,S001,P046,Bread Rolls,Bakery,Low,27.9,24.0,32.5,71,0.0,2.3,1012.9,24,4,2,6,0,27.0,23.71,23.71
2026-02-07,S001,P046,Bread Rolls,Bakery,Low,27.8,23.9,32.5,70,0.0,2.4,1012.6,18,5,2,7,1,24.0,23.71,23.71
2026-01-01,S001,P047,Potato Chips,Snacks & Chocolates,Medium,29.2,25.0,32.0,71,0.0,8.8,1010.2,18,3,1,1,0,10.0,24.43,24.43
2026-01-02,S001,P047,Potato Chips,Snacks & Chocolates,Medium,28.2,26.0,31.0,71,0.0,5.3,1011.5,15,4,1,2,0,18.0,22.71,22.71
2026-01-03,S001,P047,Potato Chips,Snacks & Chocolates,Medium,28.3,25.0,32.0,76,0.0,5.5,1011.3,33,5,1,3,1,15.0,21.57,21.57
2026-01-04,S001,P047,Potato Chips,Snacks & Chocolates,Medium,28.5,25.0,33.0,67,0.0,6.2,1011.3,30,6,1,4,1,33.0,22.71,22.71
2026-01-05,S001,P047,Potato Chips,Snacks & Chocolates,Medium,27.8,24.0,32.0,69,0.0,4.9,1011.4,25,0,1,5,0,30.0,22.86,22.86
2026-01-06,S001,P047,Potato Chips,Snacks & Chocolates,Medium,28.4,25.0,32.0,70,0.0,5.8,1011.8,28,1,1,6,0,25.0,23.0,23.0
2026-01-07,S001,P047,Potato Chips,Snacks & Chocolates,Medium,28.8,25.0,32.0,64,0.0,5.5,1012.0,24,2,1,7,0,28.0,22.71,22.71
2026-01-08,S001,P047,Potato Chips,Snacks & Chocolates,Medium,27.9,25.0,31.0,57,0.0,6.4,1012.0,23,3,1,8,0,24.0,24.71,24.71
2026-01-09,S001,P047,Potato Chips,Snacks & Chocolates,Medium,27.5,24.0,31.0,65,0.0,5.2,1011.5,22,4,1,9,0,23.0,25.43,25.43
2026-01-10,S001,P047,Potato Chips,Snacks & Chocolates,Medium,27.8,24.0,31.0,73,0.0,5.4,1011.0,25,5,1,10,1,22.0,26.43,26.43
2026-01-11,S001,P047,Potato Chips,Snacks & Chocolates,Medium,28.1,25.0,32.0,76,0.0,6.2,1012.2,26,6,1,11,1,25.0,25.29,25.29
2026-01-12,S001,P047,Potato Chips,Snacks & Chocolates,Medium,28.5,25.0,32.0,75,0.0,4.4,1013.0,17,0,1,12,0,26.0,24.71,24.71
2026-01-13,S001,P047,Potato Chips,Snacks & Chocolates,Medium,28.5,26.0,32.0,78,0.0,4.7,1013.6,32,1,1,13,0,17.0,23.57,23.57
2026-01-14,S001,P047,Potato Chips,Snacks & Chocolates,Medium,28.5,25.0,32.0,78,0.0,4.8,1012.7,16,2,1,14,0,32.0,24.14,24.14
2026-01-15,S001,P047,Potato Chips,Snacks & Chocolates,Medium,28.5,26.0,31.0,77,0.0,6.4,1011.2,13,3,1,15,0,16.0,23.0,23.0
2026-01-16,S001,P047,Potato Chips,Snacks & Chocolates,Medium,28.2,25.0,31.0,75,0.0,6.0,1011.3,23,4,1,16,0,13.0,21.57,21.57
2026-01-17,S001,P047,Potato Chips,Snacks & Chocolates,Medium,28.3,24.0,32.0,69,0.0,6.5,1010.4,19,5,1,17,1,23.0,21.71,21.71
2026-01-18,S001,P047,Potato Chips,Snacks & Chocolates,Medium,27.8,25.0,31.0,71,0.0,8.4,1009.8,12,6,1,18,1,19.0,20.86,20.86
2026-01-19,S001,P047,Potato Chips,Snacks & Chocolates,Medium,28.0,25.0,31.0,72,0.0,6.9,1011.0,30,0,1,19,0,12.0,18.86,18.86
2026-01-20,S001,P047,Potato Chips,Snacks & Chocolates,Medium,28.1,25.0,32.0,73,0.0,6.2,1010.6,29,1,1,20,0,30.0,20.71,20.71
2026-01-21,S001,P047,Potato Chips,Snacks & Chocolates,Medium,28.0,24.0,31.0,72,0.0,6.5,1011.1,12,2,1,21,0,29.0,20.29,20.29
2026-01-22,S001,P047,Potato Chips,Snacks & Chocolates,Medium,28.1,25.0,32.0,65,0.0,6.3,1011.9,14,3,1,22,0,12.0,19.71,19.71
2026-01-23,S001,P047,Potato Chips,Snacks & Chocolates,Medium,27.6,23.0,32.0,69,0.0,6.0,1012.8,26,4,1,23,0,14.0,19.86,19.86
2026-01-24,S001,P047,Potato Chips,Snacks & Chocolates,Medium,27.8,24.0,32.0,72,0.0,5.6,1013.0,28,5,1,24,1,26.0,20.29,20.29
2026-01-25,S001,P047,Potato Chips,Snacks & Chocolates,Medium,28.6,26.0,31.0,77,0.0,6.1,1011.8,23,6,1,25,1,28.0,21.57,21.57
2026-01-26,S001,P047,Potato Chips,Snacks & Chocolates,Medium,28.9,25.0,32.0,77,0.0,7.4,1012.6,15,0,1,26,0,23.0,23.14,23.14
2026-01-27,S001,P047,Potato Chips,Snacks & Chocolates,Medium,29.1,26.0,32.0,76,0.0,5.5,1013.5,32,1,1,27,0,15.0,21.0,21.0
2026-01-28,S001,P047,Potato Chips,Snacks & Chocolates,Medium,28.8,26.0,32.0,69,0.0,3.3,1012.6,15,2,1,28,0,32.0,21.43,21.43
2026-01-29,S001,P047,Potato Chips,Snacks & Chocolates,Medium,28.3,25.0,32.7,68,0.0,2.9,1012.3,14,3,1,29,0,15.0,21.86,21.86
2026-01-30,S001,P047,Potato Chips,Snacks & Chocolates,Medium,27.2,23.1,32.3,70,0.0,2.4,1013.2,29,4,1,30,0,14.0,21.86,21.86
2026-01-31,S001,P047,Potato Chips,Snacks & Chocolates,Medium,27.0,22.5,32.0,70,0.0,2.4,1013.0,23,5,1,31,1,29.0,22.29,22.29
2026-02-01,S001,P047,Potato Chips,Snacks & Chocolates,Medium,27.4,23.0,32.2,71,0.0,2.5,1012.7,28,6,2,1,1,23.0,21.57,21.57
2026-02-02,S001,P047,Potato Chips,Snacks & Chocolates,Medium,27.8,24.1,32.3,74,0.0,2.1,1012.9,30,0,2,2,0,28.0,22.29,22.29
2026-02-03,S001,P047,Potato Chips,Snacks & Chocolates,Medium,27.9,24.4,32.3,74,0.0,2.1,1012.5,19,1,2,3,0,30.0,24.43,24.43
2026-02-04,S001,P047,Potato Chips,Snacks & Chocolates,Medium,27.9,24.2,32.4,72,0.0,2.2,1012.8,32,2,2,4,0,19.0,22.57,22.57
2026-02-05,S001,P047,Potato Chips,Snacks & Chocolates,Medium,28.1,24.2,32.7,71,0.0,2.5,1012.9,11,3,2,5,0,32.0,25.0,25.0
2026-02-06,S001,P047,Potato Chips,Snacks & Chocolates,Medium,27.9,24.0,32.5,71,0.0,2.3,1012.9,32,4,2,6,0,11.0,24.57,24.57
2026-02-07,S001,P047,Potato Chips,Snacks & Chocolates,Medium,27.8,23.9,32.5,70,0.0,2.4,1012.6,33,5,2,7,1,32.0,25.0,25.0
2026-01-01,S001,P048,Mixture,Snacks & Chocolates,Low,29.2,25.0,32.0,71,0.0,8.8,1010.2,17,3,1,1,0,26.0,22.29,22.29
2026-01-02,S001,P048,Mixture,Snacks & Chocolates,Low,28.2,26.0,31.0,71,0.0,5.3,1011.5,22,4,1,2,0,17.0,21.0,21.0
2026-01-03,S001,P048,Mixture,Snacks & Chocolates,Low,28.3,25.0,32.0,76,0.0,5.5,1011.3,15,5,1,3,1,22.0,21.71,21.71
2026-01-04,S001,P048,Mixture,Snacks & Chocolates,Low,28.5,25.0,33.0,67,0.0,6.2,1011.3,21,6,1,4,1,15.0,19.71,19.71
2026-01-05,S001,P048,Mixture,Snacks & Chocolates,Low,27.8,24.0,32.0,69,0.0,4.9,1011.4,18,0,1,5,0,21.0,18.71,18.71
2026-01-06,S001,P048,Mixture,Snacks & Chocolates,Low,28.4,25.0,32.0,70,0.0,5.8,1011.8,33,1,1,6,0,18.0,19.0,19.0
2026-01-07,S001,P048,Mixture,Snacks & Chocolates,Low,28.8,25.0,32.0,64,0.0,5.5,1012.0,17,2,1,7,0,33.0,21.71,21.71
2026-01-08,S001,P048,Mixture,Snacks & Chocolates,Low,27.9,25.0,31.0,57,0.0,6.4,1012.0,33,3,1,8,0,17.0,20.43,20.43
2026-01-09,S001,P048,Mixture,Snacks & Chocolates,Low,27.5,24.0,31.0,65,0.0,5.2,1011.5,19,4,1,9,0,33.0,22.71,22.71
2026-01-10,S001,P048,Mixture,Snacks & Chocolates,Low,27.8,24.0,31.0,73,0.0,5.4,1011.0,21,5,1,10,1,19.0,22.29,22.29
2026-01-11,S001,P048,Mixture,Snacks & Chocolates,Low,28.1,25.0,32.0,76,0.0,6.2,1012.2,11,6,1,11,1,21.0,23.14,23.14
2026-01-12,S001,P048,Mixture,Snacks & Chocolates,Low,28.5,25.0,32.0,75,0.0,4.4,1013.0,31,0,1,12,0,11.0,21.71,21.71
2026-01-13,S001,P048,Mixture,Snacks & Chocolates,Low,28.5,26.0,32.0,78,0.0,4.7,1013.6,15,1,1,13,0,31.0,23.57,23.57
2026-01-14,S001,P048,Mixture,Snacks & Chocolates,Low,28.5,25.0,32.0,78,0.0,4.8,1012.7,25,2,1,14,0,15.0,21.0,21.0
2026-01-15,S001,P048,Mixture,Snacks & Chocolates,Low,28.5,26.0,31.0,77,0.0,6.4,1011.2,28,3,1,15,0,25.0,22.14,22.14
2026-01-16,S001,P048,Mixture,Snacks & Chocolates,Low,28.2,25.0,31.0,75,0.0,6.0,1011.3,12,4,1,16,0,28.0,21.43,21.43
2026-01-17,S001,P048,Mixture,Snacks & Chocolates,Low,28.3,24.0,32.0,69,0.0,6.5,1010.4,29,5,1,17,1,12.0,20.43,20.43
2026-01-18,S001,P048,Mixture,Snacks & Chocolates,Low,27.8,25.0,31.0,71,0.0,8.4,1009.8,18,6,1,18,1,29.0,21.57,21.57
2026-01-19,S001,P048,Mixture,Snacks & Chocolates,Low,28.0,25.0,31.0,72,0.0,6.9,1011.0,25,0,1,19,0,18.0,22.57,22.57
2026-01-20,S001,P048,Mixture,Snacks & Chocolates,Low,28.1,25.0,32.0,73,0.0,6.2,1010.6,15,1,1,20,0,25.0,21.71,21.71
2026-01-21,S001,P048,Mixture,Snacks & Chocolates,Low,28.0,24.0,31.0,72,0.0,6.5,1011.1,32,2,1,21,0,15.0,21.71,21.71
2026-01-22,S001,P048,Mixture,Snacks & Chocolates,Low,28.1,25.0,32.0,65,0.0,6.3,1011.9,25,3,1,22,0,32.0,22.71,22.71
2026-01-23,S001,P048,Mixture,Snacks & Chocolates,Low,27.6,23.0,32.0,69,0.0,6.0,1012.8,9,4,1,23,0,25.0,22.29,22.29
2026-01-24,S001,P048,Mixture,Snacks & Chocolates,Low,27.8,24.0,32.0,72,0.0,5.6,1013.0,30,5,1,24,1,9.0,21.86,21.86
2026-01-25,S001,P048,Mixture,Snacks & Chocolates,Low,28.6,26.0,31.0,77,0.0,6.1,1011.8,10,6,1,25,1,30.0,22.0,22.0
2026-01-26,S001,P048,Mixture,Snacks & Chocolates,Low,28.9,25.0,32.0,77,0.0,7.4,1012.6,30,0,1,26,0,10.0,20.86,20.86
2026-01-27,S001,P048,Mixture,Snacks & Chocolates,Low,29.1,26.0,32.0,76,0.0,5.5,1013.5,7,1,1,27,0,30.0,21.57,21.57
2026-01-28,S001,P048,Mixture,Snacks & Chocolates,Low,28.8,26.0,32.0,69,0.0,3.3,1012.6,27,2,1,28,0,7.0,20.43,20.43
2026-01-29,S001,P048,Mixture,Snacks & Chocolates,Low,28.3,25.0,32.7,68,0.0,2.9,1012.3,22,3,1,29,0,27.0,19.71,19.71
2026-01-30,S001,P048,Mixture,Snacks & Chocolates,Low,27.2,23.1,32.3,70,0.0,2.4,1013.2,27,4,1,30,0,22.0,19.29,19.29
2026-01-31,S001,P048,Mixture,Snacks & Chocolates,Low,27.0,22.5,32.0,70,0.0,2.4,1013.0,21,5,1,31,1,27.0,21.86,21.86
2026-02-01,S001,P048,Mixture,Snacks & Chocolates,Low,27.4,23.0,32.2,71,0.0,2.5,1012.7,23,6,2,1,1,21.0,20.57,20.57
2026-02-02,S001,P048,Mixture,Snacks & Chocolates,Low,27.8,24.1,32.3,74,0.0,2.1,1012.9,17,0,2,2,0,23.0,22.43,22.43
2026-02-03,S001,P048,Mixture,Snacks & Chocolates,Low,27.9,24.4,32.3,74,0.0,2.1,1012.5,16,1,2,3,0,17.0,20.57,20.57
2026-02-04,S001,P048,Mixture,Snacks & Chocolates,Low,27.9,24.2,32.4,72,0.0,2.2,1012.8,11,2,2,4,0,16.0,21.86,21.86
2026-02-05,S001,P048,Mixture,Snacks & Chocolates,Low,28.1,24.2,32.7,71,0.0,2.5,1012.9,8,3,2,5,0,11.0,19.57,19.57
2026-02-06,S001,P048,Mixture,Snacks & Chocolates,Low,27.9,24.0,32.5,71,0.0,2.3,1012.9,29,4,2,6,0,8.0,17.57,17.57
2026-02-07,S001,P048,Mixture,Snacks & Chocolates,Low,27.8,23.9,32.5,70,0.0,2.4,1012.6,29,5,2,7,1,29.0,17.86,17.86
2026-01-01,S001,P049,Namkeen,Snacks & Chocolates,Low,29.2,25.0,32.0,71,0.0,8.8,1010.2,14,3,1,1,0,14.0,17.71,17.71
2026-01-02,S001,P049,Namkeen,Snacks & Chocolates,Low,28.2,26.0,31.0,71,0.0,5.3,1011.5,14,4,1,2,0,14.0,16.86,16.86
2026-01-03,S001,P049,Namkeen,Snacks & Chocolates,Low,28.3,25.0,32.0,76,0.0,5.5,1011.3,8,5,1,3,1,14.0,16.29,16.29
2026-01-04,S001,P049,Namkeen,Snacks & Chocolates,Low,28.5,25.0,33.0,67,0.0,6.2,1011.3,27,6,1,4,1,8.0,15.71,15.71
2026-01-05,S001,P049,Namkeen,Snacks & Chocolates,Low,27.8,24.0,32.0,69,0.0,4.9,1011.4,15,0,1,5,0,27.0,16.86,16.86
2026-01-06,S001,P049,Namkeen,Snacks & Chocolates,Low,28.4,25.0,32.0,70,0.0,5.8,1011.8,11,1,1,6,0,15.0,16.43,16.43
2026-01-07,S001,P049,Namkeen,Snacks & Chocolates,Low,28.8,25.0,32.0,64,0.0,5.5,1012.0,11,2,1,7,0,11.0,14.71,14.71
2026-01-08,S001,P049,Namkeen,Snacks & Chocolates,Low,27.9,25.0,31.0,57,0.0,6.4,1012.0,12,3,1,8,0,11.0,14.29,14.29
2026-01-09,S001,P049,Namkeen,Snacks & Chocolates,Low,27.5,24.0,31.0,65,0.0,5.2,1011.5,24,4,1,9,0,12.0,14.0,14.0
2026-01-10,S001,P049,Namkeen,Snacks & Chocolates,Low,27.8,24.0,31.0,73,0.0,5.4,1011.0,17,5,1,10,1,24.0,15.43,15.43
2026-01-11,S001,P049,Namkeen,Snacks & Chocolates,Low,28.1,25.0,32.0,76,0.0,6.2,1012.2,16,6,1,11,1,17.0,16.71,16.71
2026-01-12,S001,P049,Namkeen,Snacks & Chocolates,Low,28.5,25.0,32.0,75,0.0,4.4,1013.0,12,0,1,12,0,16.0,15.14,15.14
2026-01-13,S001,P049,Namkeen,Snacks & Chocolates,Low,28.5,26.0,32.0,78,0.0,4.7,1013.6,12,1,1,13,0,12.0,14.71,14.71
2026-01-14,S001,P049,Namkeen,Snacks & Chocolates,Low,28.5,25.0,32.0,78,0.0,4.8,1012.7,22,2,1,14,0,12.0,14.86,14.86
2026-01-15,S001,P049,Namkeen,Snacks & Chocolates,Low,28.5,26.0,31.0,77,0.0,6.4,1011.2,28,3,1,15,0,22.0,16.43,16.43
2026-01-16,S001,P049,Namkeen,Snacks & Chocolates,Low,28.2,25.0,31.0,75,0.0,6.0,1011.3,32,4,1,16,0,28.0,18.71,18.71
2026-01-17,S001,P049,Namkeen,Snacks & Chocolates,Low,28.3,24.0,32.0,69,0.0,6.5,1010.4,29,5,1,17,1,32.0,19.86,19.86
2026-01-18,S001,P049,Namkeen,Snacks & Chocolates,Low,27.8,25.0,31.0,71,0.0,8.4,1009.8,20,6,1,18,1,29.0,21.57,21.57
2026-01-19,S001,P049,Namkeen,Snacks & Chocolates,Low,28.0,25.0,31.0,72,0.0,6.9,1011.0,21,0,1,19,0,20.0,22.14,22.14
2026-01-20,S001,P049,Namkeen,Snacks & Chocolates,Low,28.1,25.0,32.0,73,0.0,6.2,1010.6,16,1,1,20,0,21.0,23.43,23.43
2026-01-21,S001,P049,Namkeen,Snacks & Chocolates,Low,28.0,24.0,31.0,72,0.0,6.5,1011.1,24,2,1,21,0,16.0,24.0,24.0
2026-01-22,S001,P049,Namkeen,Snacks & Chocolates,Low,28.1,25.0,32.0,65,0.0,6.3,1011.9,17,3,1,22,0,24.0,24.29,24.29
2026-01-23,S001,P049,Namkeen,Snacks & Chocolates,Low,27.6,23.0,32.0,69,0.0,6.0,1012.8,13,4,1,23,0,17.0,22.71,22.71
2026-01-24,S001,P049,Namkeen,Snacks & Chocolates,Low,27.8,24.0,32.0,72,0.0,5.6,1013.0,12,5,1,24,1,13.0,20.0,20.0
2026-01-25,S001,P049,Namkeen,Snacks & Chocolates,Low,28.6,26.0,31.0,77,0.0,6.1,1011.8,20,6,1,25,1,12.0,17.57,17.57
2026-01-26,S001,P049,Namkeen,Snacks & Chocolates,Low,28.9,25.0,32.0,77,0.0,7.4,1012.6,15,0,1,26,0,20.0,17.57,17.57
2026-01-27,S001,P049,Namkeen,Snacks & Chocolates,Low,29.1,26.0,32.0,76,0.0,5.5,1013.5,24,1,1,27,0,15.0,16.71,16.71
2026-01-28,S001,P049,Namkeen,Snacks & Chocolates,Low,28.8,26.0,32.0,69,0.0,3.3,1012.6,28,2,1,28,0,24.0,17.86,17.86
2026-01-29,S001,P049,Namkeen,Snacks & Chocolates,Low,28.3,25.0,32.7,68,0.0,2.9,1012.3,18,3,1,29,0,28.0,18.43,18.43
2026-01-30,S001,P049,Namkeen,Snacks & Chocolates,Low,27.2,23.1,32.3,70,0.0,2.4,1013.2,15,4,1,30,0,18.0,18.57,18.57
2026-01-31,S001,P049,Namkeen,Snacks & Chocolates,Low,27.0,22.5,32.0,70,0.0,2.4,1013.0,18,5,1,31,1,15.0,18.86,18.86
2026-02-01,S001,P049,Namkeen,Snacks & Chocolates,Low,27.4,23.0,32.2,71,0.0,2.5,1012.7,23,6,2,1,1,18.0,19.71,19.71
2026-02-02,S001,P049,Namkeen,Snacks & Chocolates,Low,27.8,24.1,32.3,74,0.0,2.1,1012.9,33,0,2,2,0,23.0,20.14,20.14
2026-02-03,S001,P049,Namkeen,Snacks & Chocolates,Low,27.9,24.4,32.3,74,0.0,2.1,1012.5,23,1,2,3,0,33.0,22.71,22.71
2026-02-04,S001,P049,Namkeen,Snacks & Chocolates,Low,27.9,24.2,32.4,72,0.0,2.2,1012.8,9,2,2,4,0,23.0,22.57,22.57
2026-02-05,S001,P049,Namkeen,Snacks & Chocolates,Low,28.1,24.2,32.7,71,0.0,2.5,1012.9,29,3,2,5,0,9.0,19.86,19.86
2026-02-06,S001,P049,Namkeen,Snacks & Chocolates,Low,27.9,24.0,32.5,71,0.0,2.3,1012.9,13,4,2,6,0,29.0,21.43,21.43
2026-02-07,S001,P049,Namkeen,Snacks & Chocolates,Low,27.8,23.9,32.5,70,0.0,2.4,1012.6,24,5,2,7,1,13.0,21.14,21.14
2026-01-01,S001,P050,Popcorn,Snacks & Chocolates,Low,29.2,25.0,32.0,71,0.0,8.8,1010.2,22,3,1,1,0,19.0,22.14,22.14
2026-01-02,S001,P050,Popcorn,Snacks & Chocolates,Low,28.2,26.0,31.0,71,0.0,5.3,1011.5,16,4,1,2,0,22.0,22.0,22.0
2026-01-03,S001,P050,Popcorn,Snacks & Chocolates,Low,28.3,25.0,32.0,76,0.0,5.5,1011.3,15,5,1,3,1,16.0,22.0,22.0
2026-01-04,S001,P050,Popcorn,Snacks & Chocolates,Low,28.5,25.0,33.0,67,0.0,6.2,1011.3,23,6,1,4,1,15.0,19.29,19.29
2026-01-05,S001,P050,Popcorn,Snacks & Chocolates,Low,27.8,24.0,32.0,69,0.0,4.9,1011.4,26,0,1,5,0,23.0,19.14,19.14
2026-01-06,S001,P050,Popcorn,Snacks & Chocolates,Low,28.4,25.0,32.0,70,0.0,5.8,1011.8,24,1,1,6,0,26.0,20.43,20.43
2026-01-07,S001,P050,Popcorn,Snacks & Chocolates,Low,28.8,25.0,32.0,64,0.0,5.5,1012.0,11,2,1,7,0,24.0,20.71,20.71
2026-01-08,S001,P050,Popcorn,Snacks & Chocolates,Low,27.9,25.0,31.0,57,0.0,6.4,1012.0,30,3,1,8,0,11.0,19.57,19.57
2026-01-09,S001,P050,Popcorn,Snacks & Chocolates,Low,27.5,24.0,31.0,65,0.0,5.2,1011.5,13,4,1,9,0,30.0,20.71,20.71
2026-01-10,S001,P050,Popcorn,Snacks & Chocolates,Low,27.8,24.0,31.0,73,0.0,5.4,1011.0,21,5,1,10,1,13.0,20.29,20.29
2026-01-11,S001,P050,Popcorn,Snacks & Chocolates,Low,28.1,25.0,32.0,76,0.0,6.2,1012.2,27,6,1,11,1,21.0,21.14,21.14
2026-01-12,S001,P050,Popcorn,Snacks & Chocolates,Low,28.5,25.0,32.0,75,0.0,4.4,1013.0,16,0,1,12,0,27.0,21.71,21.71
2026-01-13,S001,P050,Popcorn,Snacks & Chocolates,Low,28.5,26.0,32.0,78,0.0,4.7,1013.6,23,1,1,13,0,16.0,20.29,20.29
2026-01-14,S001,P050,Popcorn,Snacks & Chocolates,Low,28.5,25.0,32.0,78,0.0,4.8,1012.7,21,2,1,14,0,23.0,20.14,20.14
2026-01-15,S001,P050,Popcorn,Snacks & Chocolates,Low,28.5,26.0,31.0,77,0.0,6.4,1011.2,24,3,1,15,0,21.0,21.57,21.57
2026-01-16,S001,P050,Popcorn,Snacks & Chocolates,Low,28.2,25.0,31.0,75,0.0,6.0,1011.3,20,4,1,16,0,24.0,20.71,20.71
2026-01-17,S001,P050,Popcorn,Snacks & Chocolates,Low,28.3,24.0,32.0,69,0.0,6.5,1010.4,16,5,1,17,1,20.0,21.71,21.71
2026-01-18,S001,P050,Popcorn,Snacks & Chocolates,Low,27.8,25.0,31.0,71,0.0,8.4,1009.8,31,6,1,18,1,16.0,21.0,21.0
2026-01-19,S001,P050,Popcorn,Snacks & Chocolates,Low,28.0,25.0,31.0,72,0.0,6.9,1011.0,21,0,1,19,0,31.0,21.57,21.57
2026-01-20,S001,P050,Popcorn,Snacks & Chocolates,Low,28.1,25.0,32.0,73,0.0,6.2,1010.6,29,1,1,20,0,21.0,22.29,22.29
2026-01-21,S001,P050,Popcorn,Snacks & Chocolates,Low,28.0,24.0,31.0,72,0.0,6.5,1011.1,34,2,1,21,0,29.0,23.14,23.14
2026-01-22,S001,P050,Popcorn,Snacks & Chocolates,Low,28.1,25.0,32.0,65,0.0,6.3,1011.9,26,3,1,22,0,34.0,25.0,25.0
2026-01-23,S001,P050,Popcorn,Snacks & Chocolates,Low,27.6,23.0,32.0,69,0.0,6.0,1012.8,23,4,1,23,0,26.0,25.29,25.29
2026-01-24,S001,P050,Popcorn,Snacks & Chocolates,Low,27.8,24.0,32.0,72,0.0,5.6,1013.0,25,5,1,24,1,23.0,25.71,25.71
2026-01-25,S001,P050,Popcorn,Snacks & Chocolates,Low,28.6,26.0,31.0,77,0.0,6.1,1011.8,27,6,1,25,1,25.0,27.0,27.0
2026-01-26,S001,P050,Popcorn,Snacks & Chocolates,Low,28.9,25.0,32.0,77,0.0,7.4,1012.6,27,0,1,26,0,27.0,26.43,26.43
2026-01-27,S001,P050,Popcorn,Snacks & Chocolates,Low,29.1,26.0,32.0,76,0.0,5.5,1013.5,22,1,1,27,0,27.0,27.29,27.29
2026-01-28,S001,P050,Popcorn,Snacks & Chocolates,Low,28.8,26.0,32.0,69,0.0,3.3,1012.6,27,2,1,28,0,22.0,26.29,26.29
2026-01-29,S001,P050,Popcorn,Snacks & Chocolates,Low,28.3,25.0,32.7,68,0.0,2.9,1012.3,18,3,1,29,0,27.0,25.29,25.29
2026-01-30,S001,P050,Popcorn,Snacks & Chocolates,Low,27.2,23.1,32.3,70,0.0,2.4,1013.2,19,4,1,30,0,18.0,24.14,24.14
2026-01-31,S001,P050,Popcorn,Snacks & Chocolates,Low,27.0,22.5,32.0,70,0.0,2.4,1013.0,10,5,1,31,1,19.0,23.57,23.57
2026-02-01,S001,P050,Popcorn,Snacks & Chocolates,Low,27.4,23.0,32.2,71,0.0,2.5,1012.7,17,6,2,1,1,10.0,21.43,21.43
2026-02-02,S001,P050,Popcorn,Snacks & Chocolates,Low,27.8,24.1,32.3,74,0.0,2.1,1012.9,19,0,2,2,0,17.0,20.0,20.0
2026-02-03,S001,P050,Popcorn,Snacks & Chocolates,Low,27.9,24.4,32.3,74,0.0,2.1,1012.5,26,1,2,3,0,19.0,18.86,18.86
2026-02-04,S001,P050,Popcorn,Snacks & Chocolates,Low,27.9,24.2,32.4,72,0.0,2.2,1012.8,20,2,2,4,0,26.0,19.43,19.43
2026-02-05,S001,P050,Popcorn,Snacks & Chocolates,Low,28.1,24.2,32.7,71,0.0,2.5,1012.9,20,3,2,5,0,20.0,18.43,18.43
2026-02-06,S001,P050,Popcorn,Snacks & Chocolates,Low,27.9,24.0,32.5,71,0.0,2.3,1012.9,12,4,2,6,0,20.0,18.71,18.71
2026-02-07,S001,P050,Popcorn,Snacks & Chocolates,Low,27.8,23.9,32.5,70,0.0,2.4,1012.6,35,5,2,7,1,12.0,17.71,17.71
2026-01-01,S001,P051,Chocolate,Snacks & Chocolates,Medium,29.2,25.0,32.0,71,0.0,8.8,1010.2,13,3,1,1,0,15.0,23.57,23.57
2026-01-02,S001,P051,Chocolate,Snacks & Chocolates,Medium,28.2,26.0,31.0,71,0.0,5.3,1011.5,23,4,1,2,0,13.0,22.57,22.57
2026-01-03,S001,P051,Chocolate,Snacks & Chocolates,Medium,28.3,25.0,32.0,76,0.0,5.5,1011.3,32,5,1,3,1,23.0,22.86,22.86
2026-01-04,S001,P051,Chocolate,Snacks & Chocolates,Medium,28.5,25.0,33.0,67,0.0,6.2,1011.3,27,6,1,4,1,32.0,22.57,22.57
2026-01-05,S001,P051,Chocolate,Snacks & Chocolates,Medium,27.8,24.0,32.0,69,0.0,4.9,1011.4,16,0,1,5,0,27.0,23.43,23.43
2026-01-06,S001,P051,Chocolate,Snacks & Chocolates,Medium,28.4,25.0,32.0,70,0.0,5.8,1011.8,31,1,1,6,0,16.0,21.14,21.14
2026-01-07,S001,P051,Chocolate,Snacks & Chocolates,Medium,28.8,25.0,32.0,64,0.0,5.5,1012.0,27,2,1,7,0,31.0,22.43,22.43
2026-01-08,S001,P051,Chocolate,Snacks & Chocolates,Medium,27.9,25.0,31.0,57,0.0,6.4,1012.0,19,3,1,8,0,27.0,24.14,24.14
2026-01-09,S001,P051,Chocolate,Snacks & Chocolates,Medium,27.5,24.0,31.0,65,0.0,5.2,1011.5,22,4,1,9,0,19.0,25.0,25.0
2026-01-10,S001,P051,Chocolate,Snacks & Chocolates,Medium,27.8,24.0,31.0,73,0.0,5.4,1011.0,20,5,1,10,1,22.0,24.86,24.86
2026-01-11,S001,P051,Chocolate,Snacks & Chocolates,Medium,28.1,25.0,32.0,76,0.0,6.2,1012.2,27,6,1,11,1,20.0,23.14,23.14
2026-01-12,S001,P051,Chocolate,Snacks & Chocolates,Medium,28.5,25.0,32.0,75,0.0,4.4,1013.0,9,0,1,12,0,27.0,23.14,23.14
2026-01-13,S001,P051,Chocolate,Snacks & Chocolates,Medium,28.5,26.0,32.0,78,0.0,4.7,1013.6,36,1,1,13,0,9.0,22.14,22.14
2026-01-14,S001,P051,Chocolate,Snacks & Chocolates,Medium,28.5,25.0,32.0,78,0.0,4.8,1012.7,26,2,1,14,0,36.0,22.86,22.86
2026-01-15,S001,P051,Chocolate,Snacks & Chocolates,Medium,28.5,26.0,31.0,77,0.0,6.4,1011.2,14,3,1,15,0,26.0,22.71,22.71
2026-01-16,S001,P051,Chocolate,Snacks & Chocolates,Medium,28.2,25.0,31.0,75,0.0,6.0,1011.3,20,4,1,16,0,14.0,22.0,22.0
2026-01-17,S001,P051,Chocolate,Snacks & Chocolates,Medium,28.3,24.0,32.0,69,0.0,6.5,1010.4,39,5,1,17,1,20.0,21.71,21.71
2026-01-18,S001,P051,Chocolate,Snacks & Chocolates,Medium,27.8,25.0,31.0,71,0.0,8.4,1009.8,19,6,1,18,1,39.0,24.43,24.43
2026-01-19,S001,P051,Chocolate,Snacks & Chocolates,Medium,28.0,25.0,31.0,72,0.0,6.9,1011.0,17,0,1,19,0,19.0,23.29,23.29
2026-01-20,S001,P051,Chocolate,Snacks & Chocolates,Medium,28.1,25.0,32.0,73,0.0,6.2,1010.6,23,1,1,20,0,17.0,24.43,24.43
2026-01-21,S001,P051,Chocolate,Snacks & Chocolates,Medium,28.0,24.0,31.0,72,0.0,6.5,1011.1,11,2,1,21,0,23.0,22.57,22.57
2026-01-22,S001,P051,Chocolate,Snacks & Chocolates,Medium,28.1,25.0,32.0,65,0.0,6.3,1011.9,23,3,1,22,0,11.0,20.43,20.43
2026-01-23,S001,P051,Chocolate,Snacks & Chocolates,Medium,27.6,23.0,32.0,69,0.0,6.0,1012.8,19,4,1,23,0,23.0,21.71,21.71
2026-01-24,S001,P051,Chocolate,Snacks & Chocolates,Medium,27.8,24.0,32.0,72,0.0,5.6,1013.0,22,5,1,24,1,19.0,21.57,21.57
2026-01-25,S001,P051,Chocolate,Snacks & Chocolates,Medium,28.6,26.0,31.0,77,0.0,6.1,1011.8,20,6,1,25,1,22.0,19.14,19.14
2026-01-26,S001,P051,Chocolate,Snacks & Chocolates,Medium,28.9,25.0,32.0,77,0.0,7.4,1012.6,31,0,1,26,0,20.0,19.29,19.29
2026-01-27,S001,P051,Chocolate,Snacks & Chocolates,Medium,29.1,26.0,32.0,76,0.0,5.5,1013.5,29,1,1,27,0,31.0,21.29,21.29
2026-01-28,S001,P051,Chocolate,Snacks & Chocolates,Medium,28.8,26.0,32.0,69,0.0,3.3,1012.6,39,2,1,28,0,29.0,22.14,22.14
2026-01-29,S001,P051,Chocolate,Snacks & Chocolates,Medium,28.3,25.0,32.7,68,0.0,2.9,1012.3,16,3,1,29,0,39.0,26.14,26.14
2026-01-30,S001,P051,Chocolate,Snacks & Chocolates,Medium,27.2,23.1,32.3,70,0.0,2.4,1013.2,19,4,1,30,0,16.0,25.14,25.14
2026-01-31,S001,P051,Chocolate,Snacks & Chocolates,Medium,27.0,22.5,32.0,70,0.0,2.4,1013.0,31,5,1,31,1,19.0,25.14,25.14
2026-02-01,S001,P051,Chocolate,Snacks & Chocolates,Medium,27.4,23.0,32.2,71,0.0,2.5,1012.7,28,6,2,1,1,31.0,26.43,26.43
2026-02-02,S001,P051,Chocolate,Snacks & Chocolates,Medium,27.8,24.1,32.3,74,0.0,2.1,1012.9,35,0,2,2,0,28.0,27.57,27.57
2026-02-03,S001,P051,Chocolate,Snacks & Chocolates,Medium,27.9,24.4,32.3,74,0.0,2.1,1012.5,21,1,2,3,0,35.0,28.14,28.14
2026-02-04,S001,P051,Chocolate,Snacks & Chocolates,Medium,27.9,24.2,32.4,72,0.0,2.2,1012.8,31,2,2,4,0,21.0,27.0,27.0
2026-02-05,S001,P051,Chocolate,Snacks & Chocolates,Medium,28.1,24.2,32.7,71,0.0,2.5,1012.9,23,3,2,5,0,31.0,25.86,25.86
2026-02-06,S001,P051,Chocolate,Snacks & Chocolates,Medium,27.9,24.0,32.5,71,0.0,2.3,1012.9,13,4,2,6,0,23.0,26.86,26.86
2026-02-07,S001,P051,Chocolate,Snacks & Chocolates,Medium,27.8,23.9,32.5,70,0.0,2.4,1012.6,34,5,2,7,1,13.0,26.0,26.0
2026-01-01,S001,P052,Candy,Snacks & Chocolates,Low,29.2,25.0,32.0,71,0.0,8.8,1010.2,27,3,1,1,0,25.0,20.71,20.71
2026-01-02,S001,P052,Candy,Snacks & Chocolates,Low,28.2,26.0,31.0,71,0.0,5.3,1011.5,21,4,1,2,0,27.0,21.43,21.43
2026-01-03,S001,P052,Candy,Snacks & Chocolates,Low,28.3,25.0,32.0,76,0.0,5.5,1011.3,15,5,1,3,1,21.0,23.29,23.29
2026-01-04,S001,P052,Candy,Snacks & Chocolates,Low,28.5,25.0,33.0,67,0.0,6.2,1011.3,8,6,1,4,1,15.0,23.0,23.0
2026-01-05,S001,P052,Candy,Snacks & Chocolates,Low,27.8,24.0,32.0,69,0.0,4.9,1011.4,13,0,1,5,0,8.0,19.86,19.86
2026-01-06,S001,P052,Candy,Snacks & Chocolates,Low,28.4,25.0,32.0,70,0.0,5.8,1011.8,12,1,1,6,0,13.0,20.29,20.29
2026-01-07,S001,P052,Candy,Snacks & Chocolates,Low,28.8,25.0,32.0,64,0.0,5.5,1012.0,24,2,1,7,0,12.0,17.29,17.29
2026-01-08,S001,P052,Candy,Snacks & Chocolates,Low,27.9,25.0,31.0,57,0.0,6.4,1012.0,14,3,1,8,0,24.0,17.14,17.14
2026-01-09,S001,P052,Candy,Snacks & Chocolates,Low,27.5,24.0,31.0,65,0.0,5.2,1011.5,17,4,1,9,0,14.0,15.29,15.29
2026-01-10,S001,P052,Candy,Snacks & Chocolates,Low,27.8,24.0,31.0,73,0.0,5.4,1011.0,28,5,1,10,1,17.0,14.71,14.71
2026-01-11,S001,P052,Candy,Snacks & Chocolates,Low,28.1,25.0,32.0,76,0.0,6.2,1012.2,22,6,1,11,1,28.0,16.57,16.57
2026-01-12,S001,P052,Candy,Snacks & Chocolates,Low,28.5,25.0,32.0,75,0.0,4.4,1013.0,20,0,1,12,0,22.0,18.57,18.57
2026-01-13,S001,P052,Candy,Snacks & Chocolates,Low,28.5,26.0,32.0,78,0.0,4.7,1013.6,18,1,1,13,0,20.0,19.57,19.57
2026-01-14,S001,P052,Candy,Snacks & Chocolates,Low,28.5,25.0,32.0,78,0.0,4.8,1012.7,21,2,1,14,0,18.0,20.43,20.43
2026-01-15,S001,P052,Candy,Snacks & Chocolates,Low,28.5,26.0,31.0,77,0.0,6.4,1011.2,19,3,1,15,0,21.0,20.0,20.0
2026-01-16,S001,P052,Candy,Snacks & Chocolates,Low,28.2,25.0,31.0,75,0.0,6.0,1011.3,15,4,1,16,0,19.0,20.71,20.71
2026-01-17,S001,P052,Candy,Snacks & Chocolates,Low,28.3,24.0,32.0,69,0.0,6.5,1010.4,24,5,1,17,1,15.0,20.43,20.43
2026-01-18,S001,P052,Candy,Snacks & Chocolates,Low,27.8,25.0,31.0,71,0.0,8.4,1009.8,30,6,1,18,1,24.0,19.86,19.86
2026-01-19,S001,P052,Candy,Snacks & Chocolates,Low,28.0,25.0,31.0,72,0.0,6.9,1011.0,8,0,1,19,0,30.0,21.0,21.0
2026-01-20,S001,P052,Candy,Snacks & Chocolates,Low,28.1,25.0,32.0,73,0.0,6.2,1010.6,31,1,1,20,0,8.0,19.29,19.29
2026-01-21,S001,P052,Candy,Snacks & Chocolates,Low,28.0,24.0,31.0,72,0.0,6.5,1011.1,15,2,1,21,0,31.0,21.14,21.14
2026-01-22,S001,P052,Candy,Snacks & Chocolates,Low,28.1,25.0,32.0,65,0.0,6.3,1011.9,23,3,1,22,0,15.0,20.29,20.29
2026-01-23,S001,P052,Candy,Snacks & Chocolates,Low,27.6,23.0,32.0,69,0.0,6.0,1012.8,23,4,1,23,0,23.0,20.86,20.86
2026-01-24,S001,P052,Candy,Snacks & Chocolates,Low,27.8,24.0,32.0,72,0.0,5.6,1013.0,22,5,1,24,1,23.0,22.0,22.0
2026-01-25,S001,P052,Candy,Snacks & Chocolates,Low,28.6,26.0,31.0,77,0.0,6.1,1011.8,22,6,1,25,1,22.0,21.71,21.71
2026-01-26,S001,P052,Candy,Snacks & Chocolates,Low,28.9,25.0,32.0,77,0.0,7.4,1012.6,29,0,1,26,0,22.0,20.57,20.57
2026-01-27,S001,P052,Candy,Snacks & Chocolates,Low,29.1,26.0,32.0,76,0.0,5.5,1013.5,26,1,1,27,0,29.0,23.57,23.57
2026-01-28,S001,P052,Candy,Snacks & Chocolates,Low,28.8,26.0,32.0,69,0.0,3.3,1012.6,29,2,1,28,0,26.0,22.86,22.86
2026-01-29,S001,P052,Candy,Snacks & Chocolates,Low,28.3,25.0,32.7,68,0.0,2.9,1012.3,28,3,1,29,0,29.0,24.86,24.86
2026-01-30,S001,P052,Candy,Snacks & Chocolates,Low,27.2,23.1,32.3,70,0.0,2.4,1013.2,26,4,1,30,0,28.0,25.57,25.57
2026-01-31,S001,P052,Candy,Snacks & Chocolates,Low,27.0,22.5,32.0,70,0.0,2.4,1013.0,19,5,1,31,1,26.0,26.0,26.0
2026-02-01,S001,P052,Candy,Snacks & Chocolates,Low,27.4,23.0,32.2,71,0.0,2.5,1012.7,32,6,2,1,1,19.0,25.57,25.57
2026-02-02,S001,P052,Candy,Snacks & Chocolates,Low,27.8,24.1,32.3,74,0.0,2.1,1012.9,15,0,2,2,0,32.0,27.0,27.0
2026-02-03,S001,P052,Candy,Snacks & Chocolates,Low,27.9,24.4,32.3,74,0.0,2.1,1012.5,20,1,2,3,0,15.0,25.0,25.0
2026-02-04,S001,P052,Candy,Snacks & Chocolates,Low,27.9,24.2,32.4,72,0.0,2.2,1012.8,26,2,2,4,0,20.0,24.14,24.14
2026-02-05,S001,P052,Candy,Snacks & Chocolates,Low,28.1,24.2,32.7,71,0.0,2.5,1012.9,28,3,2,5,0,26.0,23.71,23.71
2026-02-06,S001,P052,Candy,Snacks & Chocolates,Low,27.9,24.0,32.5,71,0.0,2.3,1012.9,30,4,2,6,0,28.0,23.71,23.71
2026-02-07,S001,P052,Candy,Snacks & Chocolates,Low,27.8,23.9,32.5,70,0.0,2.4,1012.6,16,5,2,7,1,30.0,24.29,24.29
2026-01-01,S001,P053,Nuts,Snacks & Chocolates,Low,29.2,25.0,32.0,71,0.0,8.8,1010.2,8,3,1,1,0,14.0,23.57,23.57
2026-01-02,S001,P053,Nuts,Snacks & Chocolates,Low,28.2,26.0,31.0,71,0.0,5.3,1011.5,22,4,1,2,0,8.0,22.0,22.0
2026-01-03,S001,P053,Nuts,Snacks & Chocolates,Low,28.3,25.0,32.0,76,0.0,5.5,1011.3,19,5,1,3,1,22.0,20.86,20.86
2026-01-04,S001,P053,Nuts,Snacks & Chocolates,Low,28.5,25.0,33.0,67,0.0,6.2,1011.3,23,6,1,4,1,19.0,18.14,18.14
2026-01-05,S001,P053,Nuts,Snacks & Chocolates,Low,27.8,24.0,32.0,69,0.0,4.9,1011.4,25,0,1,5,0,23.0,17.86,17.86
2026-01-06,S001,P053,Nuts,Snacks & Chocolates,Low,28.4,25.0,32.0,70,0.0,5.8,1011.8,27,1,1,6,0,25.0,18.14,18.14
2026-01-07,S001,P053,Nuts,Snacks & Chocolates,Low,28.8,25.0,32.0,64,0.0,5.5,1012.0,15,2,1,7,0,27.0,19.71,19.71
2026-01-08,S001,P053,Nuts,Snacks & Chocolates,Low,27.9,25.0,31.0,57,0.0,6.4,1012.0,31,3,1,8,0,15.0,19.86,19.86
2026-01-09,S001,P053,Nuts,Snacks & Chocolates,Low,27.5,24.0,31.0,65,0.0,5.2,1011.5,15,4,1,9,0,31.0,23.14,23.14
2026-01-10,S001,P053,Nuts,Snacks & Chocolates,Low,27.8,24.0,31.0,73,0.0,5.4,1011.0,23,5,1,10,1,15.0,22.14,22.14
2026-01-11,S001,P053,Nuts,Snacks & Chocolates,Low,28.1,25.0,32.0,76,0.0,6.2,1012.2,35,6,1,11,1,23.0,22.71,22.71
2026-01-12,S001,P053,Nuts,Snacks & Chocolates,Low,28.5,25.0,32.0,75,0.0,4.4,1013.0,13,0,1,12,0,35.0,24.43,24.43
2026-01-13,S001,P053,Nuts,Snacks & Chocolates,Low,28.5,26.0,32.0,78,0.0,4.7,1013.6,18,1,1,13,0,13.0,22.71,22.71
2026-01-14,S001,P053,Nuts,Snacks & Chocolates,Low,28.5,25.0,32.0,78,0.0,4.8,1012.7,26,2,1,14,0,18.0,21.43,21.43
2026-01-15,S001,P053,Nuts,Snacks & Chocolates,Low,28.5,26.0,31.0,77,0.0,6.4,1011.2,18,3,1,15,0,26.0,23.0,23.0
2026-01-16,S001,P053,Nuts,Snacks & Chocolates,Low,28.2,25.0,31.0,75,0.0,6.0,1011.3,13,4,1,16,0,18.0,21.14,21.14
2026-01-17,S001,P053,Nuts,Snacks & Chocolates,Low,28.3,24.0,32.0,69,0.0,6.5,1010.4,30,5,1,17,1,13.0,20.86,20.86
2026-01-18,S001,P053,Nuts,Snacks & Chocolates,Low,27.8,25.0,31.0,71,0.0,8.4,1009.8,32,6,1,18,1,30.0,21.86,21.86
2026-01-19,S001,P053,Nuts,Snacks & Chocolates,Low,28.0,25.0,31.0,72,0.0,6.9,1011.0,11,0,1,19,0,32.0,21.43,21.43
2026-01-20,S001,P053,Nuts,Snacks & Chocolates,Low,28.1,25.0,32.0,73,0.0,6.2,1010.6,24,1,1,20,0,11.0,21.14,21.14
2026-01-21,S001,P053,Nuts,Snacks & Chocolates,Low,28.0,24.0,31.0,72,0.0,6.5,1011.1,25,2,1,21,0,24.0,22.0,22.0
2026-01-22,S001,P053,Nuts,Snacks & Chocolates,Low,28.1,25.0,32.0,65,0.0,6.3,1011.9,30,3,1,22,0,25.0,21.86,21.86
2026-01-23,S001,P053,Nuts,Snacks & Chocolates,Low,27.6,23.0,32.0,69,0.0,6.0,1012.8,31,4,1,23,0,30.0,23.57,23.57
2026-01-24,S001,P053,Nuts,Snacks & Chocolates,Low,27.8,24.0,32.0,72,0.0,5.6,1013.0,22,5,1,24,1,31.0,26.14,26.14
2026-01-25,S001,P053,Nuts,Snacks & Chocolates,Low,28.6,26.0,31.0,77,0.0,6.1,1011.8,18,6,1,25,1,22.0,25.0,25.0
2026-01-26,S001,P053,Nuts,Snacks & Chocolates,Low,28.9,25.0,32.0,77,0.0,7.4,1012.6,20,0,1,26,0,18.0,23.0,23.0
2026-01-27,S001,P053,Nuts,Snacks & Chocolates,Low,29.1,26.0,32.0,76,0.0,5.5,1013.5,17,1,1,27,0,20.0,24.29,24.29
2026-01-28,S001,P053,Nuts,Snacks & Chocolates,Low,28.8,26.0,32.0,69,0.0,3.3,1012.6,27,2,1,28,0,17.0,23.29,23.29
2026-01-29,S001,P053,Nuts,Snacks & Chocolates,Low,28.3,25.0,32.7,68,0.0,2.9,1012.3,16,3,1,29,0,27.0,23.57,23.57
2026-01-30,S001,P053,Nuts,Snacks & Chocolates,Low,27.2,23.1,32.3,70,0.0,2.4,1013.2,19,4,1,30,0,16.0,21.57,21.57
2026-01-31,S001,P053,Nuts,Snacks & Chocolates,Low,27.0,22.5,32.0,70,0.0,2.4,1013.0,33,5,1,31,1,19.0,19.86,19.86
2026-02-01,S001,P053,Nuts,Snacks & Chocolates,Low,27.4,23.0,32.2,71,0.0,2.5,1012.7,23,6,2,1,1,33.0,21.43,21.43
2026-02-02,S001,P053,Nuts,Snacks & Chocolates,Low,27.8,24.1,32.3,74,0.0,2.1,1012.9,29,0,2,2,0,23.0,22.14,22.14
2026-02-03,S001,P053,Nuts,Snacks & Chocolates,Low,27.9,24.4,32.3,74,0.0,2.1,1012.5,16,1,2,3,0,29.0,23.43,23.43
2026-02-04,S001,P053,Nuts,Snacks & Chocolates,Low,27.9,24.2,32.4,72,0.0,2.2,1012.8,23,2,2,4,0,16.0,23.29,23.29
2026-02-05,S001,P053,Nuts,Snacks & Chocolates,Low,28.1,24.2,32.7,71,0.0,2.5,1012.9,24,3,2,5,0,23.0,22.71,22.71
2026-02-06,S001,P053,Nuts,Snacks & Chocolates,Low,27.9,24.0,32.5,71,0.0,2.3,1012.9,17,4,2,6,0,24.0,23.86,23.86
2026-02-07,S001,P053,Nuts,Snacks & Chocolates,Low,27.8,23.9,32.5,70,0.0,2.4,1012.6,27,5,2,7,1,17.0,23.57,23.57
2026-01-01,S001,P054,Instant Snack Mix,Snacks & Chocolates,Low,29.2,25.0,32.0,71,0.0,8.8,1010.2,24,3,1,1,0,22.0,23.0,23.0
2026-01-02,S001,P054,Instant Snack Mix,Snacks & Chocolates,Low,28.2,26.0,31.0,71,0.0,5.3,1011.5,21,4,1,2,0,24.0,23.71,23.71
2026-01-03,S001,P054,Instant Snack Mix,Snacks & Chocolates,Low,28.3,25.0,32.0,76,0.0,5.5,1011.3,35,5,1,3,1,21.0,22.86,22.86
2026-01-04,S001,P054,Instant Snack Mix,Snacks & Chocolates,Low,28.5,25.0,33.0,67,0.0,6.2,1011.3,21,6,1,4,1,35.0,25.57,25.57
2026-01-05,S001,P054,Instant Snack Mix,Snacks & Chocolates,Low,27.8,24.0,32.0,69,0.0,4.9,1011.4,26,0,1,5,0,21.0,25.43,25.43
2026-01-06,S001,P054,Instant Snack Mix,Snacks & Chocolates,Low,28.4,25.0,32.0,70,0.0,5.8,1011.8,21,1,1,6,0,26.0,25.14,25.14
2026-01-07,S001,P054,Instant Snack Mix,Snacks & Chocolates,Low,28.8,25.0,32.0,64,0.0,5.5,1012.0,26,2,1,7,0,21.0,24.29,24.29
2026-01-08,S001,P054,Instant Snack Mix,Snacks & Chocolates,Low,27.9,25.0,31.0,57,0.0,6.4,1012.0,18,3,1,8,0,26.0,24.86,24.86
2026-01-09,S001,P054,Instant Snack Mix,Snacks & Chocolates,Low,27.5,24.0,31.0,65,0.0,5.2,1011.5,22,4,1,9,0,18.0,24.0,24.0
2026-01-10,S001,P054,Instant Snack Mix,Snacks & Chocolates,Low,27.8,24.0,31.0,73,0.0,5.4,1011.0,21,5,1,10,1,22.0,24.14,24.14
2026-01-11,S001,P054,Instant Snack Mix,Snacks & Chocolates,Low,28.1,25.0,32.0,76,0.0,6.2,1012.2,13,6,1,11,1,21.0,22.14,22.14
2026-01-12,S001,P054,Instant Snack Mix,Snacks & Chocolates,Low,28.5,25.0,32.0,75,0.0,4.4,1013.0,22,0,1,12,0,13.0,21.0,21.0
2026-01-13,S001,P054,Instant Snack Mix,Snacks & Chocolates,Low,28.5,26.0,32.0,78,0.0,4.7,1013.6,28,1,1,13,0,22.0,20.43,20.43
2026-01-14,S001,P054,Instant Snack Mix,Snacks & Chocolates,Low,28.5,25.0,32.0,78,0.0,4.8,1012.7,22,2,1,14,0,28.0,21.43,21.43
2026-01-15,S001,P054,Instant Snack Mix,Snacks & Chocolates,Low,28.5,26.0,31.0,77,0.0,6.4,1011.2,23,3,1,15,0,22.0,20.86,20.86
2026-01-16,S001,P054,Instant Snack Mix,Snacks & Chocolates,Low,28.2,25.0,31.0,75,0.0,6.0,1011.3,22,4,1,16,0,23.0,21.57,21.57
2026-01-17,S001,P054,Instant Snack Mix,Snacks & Chocolates,Low,28.3,24.0,32.0,69,0.0,6.5,1010.4,19,5,1,17,1,22.0,21.57,21.57
2026-01-18,S001,P054,Instant Snack Mix,Snacks & Chocolates,Low,27.8,25.0,31.0,71,0.0,8.4,1009.8,35,6,1,18,1,19.0,21.29,21.29
2026-01-19,S001,P054,Instant Snack Mix,Snacks & Chocolates,Low,28.0,25.0,31.0,72,0.0,6.9,1011.0,9,0,1,19,0,35.0,24.43,24.43
2026-01-20,S001,P054,Instant Snack Mix,Snacks & Chocolates,Low,28.1,25.0,32.0,73,0.0,6.2,1010.6,17,1,1,20,0,9.0,22.57,22.57
2026-01-21,S001,P054,Instant Snack Mix,Snacks & Chocolates,Low,28.0,24.0,31.0,72,0.0,6.5,1011.1,26,2,1,21,0,17.0,21.0,21.0
2026-01-22,S001,P054,Instant Snack Mix,Snacks & Chocolates,Low,28.1,25.0,32.0,65,0.0,6.3,1011.9,30,3,1,22,0,26.0,21.57,21.57
2026-01-23,S001,P054,Instant Snack Mix,Snacks & Chocolates,Low,27.6,23.0,32.0,69,0.0,6.0,1012.8,6,4,1,23,0,30.0,22.57,22.57
2026-01-24,S001,P054,Instant Snack Mix,Snacks & Chocolates,Low,27.8,24.0,32.0,72,0.0,5.6,1013.0,19,5,1,24,1,6.0,20.29,20.29
2026-01-25,S001,P054,Instant Snack Mix,Snacks & Chocolates,Low,28.6,26.0,31.0,77,0.0,6.1,1011.8,23,6,1,25,1,19.0,20.29,20.29
2026-01-26,S001,P054,Instant Snack Mix,Snacks & Chocolates,Low,28.9,25.0,32.0,77,0.0,7.4,1012.6,23,0,1,26,0,23.0,18.57,18.57
2026-01-27,S001,P054,Instant Snack Mix,Snacks & Chocolates,Low,29.1,26.0,32.0,76,0.0,5.5,1013.5,31,1,1,27,0,23.0,20.57,20.57
2026-01-28,S001,P054,Instant Snack Mix,Snacks & Chocolates,Low,28.8,26.0,32.0,69,0.0,3.3,1012.6,31,2,1,28,0,31.0,22.57,22.57
2026-01-29,S001,P054,Instant Snack Mix,Snacks & Chocolates,Low,28.3,25.0,32.7,68,0.0,2.9,1012.3,13,3,1,29,0,31.0,23.29,23.29
2026-01-30,S001,P054,Instant Snack Mix,Snacks & Chocolates,Low,27.2,23.1,32.3,70,0.0,2.4,1013.2,18,4,1,30,0,13.0,20.86,20.86
2026-01-31,S001,P054,Instant Snack Mix,Snacks & Chocolates,Low,27.0,22.5,32.0,70,0.0,2.4,1013.0,15,5,1,31,1,18.0,22.57,22.57
2026-02-01,S001,P054,Instant Snack Mix,Snacks & Chocolates,Low,27.4,23.0,32.2,71,0.0,2.5,1012.7,37,6,2,1,1,15.0,22.0,22.0
2026-02-02,S001,P054,Instant Snack Mix,Snacks & Chocolates,Low,27.8,24.1,32.3,74,0.0,2.1,1012.9,18,0,2,2,0,37.0,24.0,24.0
2026-02-03,S001,P054,Instant Snack Mix,Snacks & Chocolates,Low,27.9,24.4,32.3,74,0.0,2.1,1012.5,29,1,2,3,0,18.0,23.29,23.29
2026-02-04,S001,P054,Instant Snack Mix,Snacks & Chocolates,Low,27.9,24.2,32.4,72,0.0,2.2,1012.8,18,2,2,4,0,29.0,23.0,23.0
2026-02-05,S001,P054,Instant Snack Mix,Snacks & Chocolates,Low,28.1,24.2,32.7,71,0.0,2.5,1012.9,31,3,2,5,0,18.0,21.14,21.14
2026-02-06,S001,P054,Instant Snack Mix,Snacks & Chocolates,Low,27.9,24.0,32.5,71,0.0,2.3,1012.9,31,4,2,6,0,31.0,23.71,23.71
2026-02-07,S001,P054,Instant Snack Mix,Snacks & Chocolates,Low,27.8,23.9,32.5,70,0.0,2.4,1012.6,26,5,2,7,1,31.0,25.57,25.57
2026-01-01,S001,P055,Instant Noodles,Ready-to-Eat & Convenience,Medium,29.2,25.0,32.0,71,0.0,8.8,1010.2,19,3,1,1,0,15.0,23.43,23.43
2026-01-02,S001,P055,Instant Noodles,Ready-to-Eat & Convenience,Medium,28.2,26.0,31.0,71,0.0,5.3,1011.5,31,4,1,2,0,19.0,22.29,22.29
2026-01-03,S001,P055,Instant Noodles,Ready-to-Eat & Convenience,Medium,28.3,25.0,32.0,76,0.0,5.5,1011.3,28,5,1,3,1,31.0,23.71,23.71
2026-01-04,S001,P055,Instant Noodles,Ready-to-Eat & Convenience,Medium,28.5,25.0,33.0,67,0.0,6.2,1011.3,29,6,1,4,1,28.0,24.86,24.86
2026-01-05,S001,P055,Instant Noodles,Ready-to-Eat & Convenience,Medium,27.8,24.0,32.0,69,0.0,4.9,1011.4,16,0,1,5,0,29.0,23.71,23.71
2026-01-06,S001,P055,Instant Noodles,Ready-to-Eat & Convenience,Medium,28.4,25.0,32.0,70,0.0,5.8,1011.8,30,1,1,6,0,16.0,22.57,22.57
2026-01-07,S001,P055,Instant Noodles,Ready-to-Eat & Convenience,Medium,28.8,25.0,32.0,64,0.0,5.5,1012.0,32,2,1,7,0,30.0,24.0,24.0
2026-01-08,S001,P055,Instant Noodles,Ready-to-Eat & Convenience,Medium,27.9,25.0,31.0,57,0.0,6.4,1012.0,20,3,1,8,0,32.0,26.43,26.43
2026-01-09,S001,P055,Instant Noodles,Ready-to-Eat & Convenience,Medium,27.5,24.0,31.0,65,0.0,5.2,1011.5,11,4,1,9,0,20.0,26.57,26.57
2026-01-10,S001,P055,Instant Noodles,Ready-to-Eat & Convenience,Medium,27.8,24.0,31.0,73,0.0,5.4,1011.0,19,5,1,10,1,11.0,23.71,23.71
2026-01-11,S001,P055,Instant Noodles,Ready-to-Eat & Convenience,Medium,28.1,25.0,32.0,76,0.0,6.2,1012.2,18,6,1,11,1,19.0,22.43,22.43
2026-01-12,S001,P055,Instant Noodles,Ready-to-Eat & Convenience,Medium,28.5,25.0,32.0,75,0.0,4.4,1013.0,29,0,1,12,0,18.0,20.86,20.86
2026-01-13,S001,P055,Instant Noodles,Ready-to-Eat & Convenience,Medium,28.5,26.0,32.0,78,0.0,4.7,1013.6,25,1,1,13,0,29.0,22.71,22.71
2026-01-14,S001,P055,Instant Noodles,Ready-to-Eat & Convenience,Medium,28.5,25.0,32.0,78,0.0,4.8,1012.7,21,2,1,14,0,25.0,22.0,22.0
2026-01-15,S001,P055,Instant Noodles,Ready-to-Eat & Convenience,Medium,28.5,26.0,31.0,77,0.0,6.4,1011.2,21,3,1,15,0,21.0,20.43,20.43
2026-01-16,S001,P055,Instant Noodles,Ready-to-Eat & Convenience,Medium,28.2,25.0,31.0,75,0.0,6.0,1011.3,24,4,1,16,0,21.0,20.57,20.57
2026-01-17,S001,P055,Instant Noodles,Ready-to-Eat & Convenience,Medium,28.3,24.0,32.0,69,0.0,6.5,1010.4,29,5,1,17,1,24.0,22.43,22.43
2026-01-18,S001,P055,Instant Noodles,Ready-to-Eat & Convenience,Medium,27.8,25.0,31.0,71,0.0,8.4,1009.8,27,6,1,18,1,29.0,23.86,23.86
2026-01-19,S001,P055,Instant Noodles,Ready-to-Eat & Convenience,Medium,28.0,25.0,31.0,72,0.0,6.9,1011.0,19,0,1,19,0,27.0,25.14,25.14
2026-01-20,S001,P055,Instant Noodles,Ready-to-Eat & Convenience,Medium,28.1,25.0,32.0,73,0.0,6.2,1010.6,20,1,1,20,0,19.0,23.71,23.71
2026-01-21,S001,P055,Instant Noodles,Ready-to-Eat & Convenience,Medium,28.0,24.0,31.0,72,0.0,6.5,1011.1,20,2,1,21,0,20.0,23.0,23.0
2026-01-22,S001,P055,Instant Noodles,Ready-to-Eat & Convenience,Medium,28.1,25.0,32.0,65,0.0,6.3,1011.9,29,3,1,22,0,20.0,22.86,22.86
2026-01-23,S001,P055,Instant Noodles,Ready-to-Eat & Convenience,Medium,27.6,23.0,32.0,69,0.0,6.0,1012.8,17,4,1,23,0,29.0,24.0,24.0
2026-01-24,S001,P055,Instant Noodles,Ready-to-Eat & Convenience,Medium,27.8,24.0,32.0,72,0.0,5.6,1013.0,23,5,1,24,1,17.0,23.0,23.0
2026-01-25,S001,P055,Instant Noodles,Ready-to-Eat & Convenience,Medium,28.6,26.0,31.0,77,0.0,6.1,1011.8,27,6,1,25,1,23.0,22.14,22.14
2026-01-26,S001,P055,Instant Noodles,Ready-to-Eat & Convenience,Medium,28.9,25.0,32.0,77,0.0,7.4,1012.6,22,0,1,26,0,27.0,22.14,22.14
2026-01-27,S001,P055,Instant Noodles,Ready-to-Eat & Convenience,Medium,29.1,26.0,32.0,76,0.0,5.5,1013.5,27,1,1,27,0,22.0,22.57,22.57
2026-01-28,S001,P055,Instant Noodles,Ready-to-Eat & Convenience,Medium,28.8,26.0,32.0,69,0.0,3.3,1012.6,23,2,1,28,0,27.0,23.57,23.57
2026-01-29,S001,P055,Instant Noodles,Ready-to-Eat & Convenience,Medium,28.3,25.0,32.7,68,0.0,2.9,1012.3,22,3,1,29,0,23.0,24.0,24.0
2026-01-30,S001,P055,Instant Noodles,Ready-to-Eat & Convenience,Medium,27.2,23.1,32.3,70,0.0,2.4,1013.2,27,4,1,30,0,22.0,23.0,23.0
2026-01-31,S001,P055,Instant Noodles,Ready-to-Eat & Convenience,Medium,27.0,22.5,32.0,70,0.0,2.4,1013.0,28,5,1,31,1,27.0,24.43,24.43
2026-02-01,S001,P055,Instant Noodles,Ready-to-Eat & Convenience,Medium,27.4,23.0,32.2,71,0.0,2.5,1012.7,22,6,2,1,1,28.0,25.14,25.14
2026-02-02,S001,P055,Instant Noodles,Ready-to-Eat & Convenience,Medium,27.8,24.1,32.3,74,0.0,2.1,1012.9,26,0,2,2,0,22.0,24.43,24.43
2026-02-03,S001,P055,Instant Noodles,Ready-to-Eat & Convenience,Medium,27.9,24.4,32.3,74,0.0,2.1,1012.5,20,1,2,3,0,26.0,25.0,25.0
2026-02-04,S001,P055,Instant Noodles,Ready-to-Eat & Convenience,Medium,27.9,24.2,32.4,72,0.0,2.2,1012.8,20,2,2,4,0,20.0,24.0,24.0
2026-02-05,S001,P055,Instant Noodles,Ready-to-Eat & Convenience,Medium,28.1,24.2,32.7,71,0.0,2.5,1012.9,27,3,2,5,0,20.0,23.57,23.57
2026-02-06,S001,P055,Instant Noodles,Ready-to-Eat & Convenience,Medium,27.9,24.0,32.5,71,0.0,2.3,1012.9,37,4,2,6,0,27.0,24.29,24.29
2026-02-07,S001,P055,Instant Noodles,Ready-to-Eat & Convenience,Medium,27.8,23.9,32.5,70,0.0,2.4,1012.6,25,5,2,7,1,37.0,25.71,25.71
2026-01-01,S001,P056,Soup Mix,Ready-to-Eat & Convenience,Medium,29.2,25.0,32.0,71,0.0,8.8,1010.2,14,3,1,1,0,28.0,24.57,24.57
2026-01-02,S001,P056,Soup Mix,Ready-to-Eat & Convenience,Medium,28.2,26.0,31.0,71,0.0,5.3,1011.5,14,4,1,2,0,14.0,23.71,23.71
2026-01-03,S001,P056,Soup Mix,Ready-to-Eat & Convenience,Medium,28.3,25.0,32.0,76,0.0,5.5,1011.3,19,5,1,3,1,14.0,21.86,21.86
2026-01-04,S001,P056,Soup Mix,Ready-to-Eat & Convenience,Medium,28.5,25.0,33.0,67,0.0,6.2,1011.3,35,6,1,4,1,19.0,21.29,21.29
2026-01-05,S001,P056,Soup Mix,Ready-to-Eat & Convenience,Medium,27.8,24.0,32.0,69,0.0,4.9,1011.4,16,0,1,5,0,35.0,22.71,22.71
2026-01-06,S001,P056,Soup Mix,Ready-to-Eat & Convenience,Medium,28.4,25.0,32.0,70,0.0,5.8,1011.8,28,1,1,6,0,16.0,20.57,20.57
2026-01-07,S001,P056,Soup Mix,Ready-to-Eat & Convenience,Medium,28.8,25.0,32.0,64,0.0,5.5,1012.0,22,2,1,7,0,28.0,22.0,22.0
2026-01-08,S001,P056,Soup Mix,Ready-to-Eat & Convenience,Medium,27.9,25.0,31.0,57,0.0,6.4,1012.0,27,3,1,8,0,22.0,21.14,21.14
2026-01-09,S001,P056,Soup Mix,Ready-to-Eat & Convenience,Medium,27.5,24.0,31.0,65,0.0,5.2,1011.5,9,4,1,9,0,27.0,23.0,23.0
2026-01-10,S001,P056,Soup Mix,Ready-to-Eat & Convenience,Medium,27.8,24.0,31.0,73,0.0,5.4,1011.0,35,5,1,10,1,9.0,22.29,22.29
2026-01-11,S001,P056,Soup Mix,Ready-to-Eat & Convenience,Medium,28.1,25.0,32.0,76,0.0,6.2,1012.2,34,6,1,11,1,35.0,24.57,24.57
2026-01-12,S001,P056,Soup Mix,Ready-to-Eat & Convenience,Medium,28.5,25.0,32.0,75,0.0,4.4,1013.0,28,0,1,12,0,34.0,24.43,24.43
2026-01-13,S001,P056,Soup Mix,Ready-to-Eat & Convenience,Medium,28.5,26.0,32.0,78,0.0,4.7,1013.6,18,1,1,13,0,28.0,26.14,26.14
2026-01-14,S001,P056,Soup Mix,Ready-to-Eat & Convenience,Medium,28.5,25.0,32.0,78,0.0,4.8,1012.7,16,2,1,14,0,18.0,24.71,24.71
2026-01-15,S001,P056,Soup Mix,Ready-to-Eat & Convenience,Medium,28.5,26.0,31.0,77,0.0,6.4,1011.2,17,3,1,15,0,16.0,23.86,23.86
2026-01-16,S001,P056,Soup Mix,Ready-to-Eat & Convenience,Medium,28.2,25.0,31.0,75,0.0,6.0,1011.3,27,4,1,16,0,17.0,22.43,22.43
2026-01-17,S001,P056,Soup Mix,Ready-to-Eat & Convenience,Medium,28.3,24.0,32.0,69,0.0,6.5,1010.4,21,5,1,17,1,27.0,25.0,25.0
2026-01-18,S001,P056,Soup Mix,Ready-to-Eat & Convenience,Medium,27.8,25.0,31.0,71,0.0,8.4,1009.8,23,6,1,18,1,21.0,23.0,23.0
2026-01-19,S001,P056,Soup Mix,Ready-to-Eat & Convenience,Medium,28.0,25.0,31.0,72,0.0,6.9,1011.0,13,0,1,19,0,23.0,21.43,21.43
2026-01-20,S001,P056,Soup Mix,Ready-to-Eat & Convenience,Medium,28.1,25.0,32.0,73,0.0,6.2,1010.6,24,1,1,20,0,13.0,19.29,19.29
2026-01-21,S001,P056,Soup Mix,Ready-to-Eat & Convenience,Medium,28.0,24.0,31.0,72,0.0,6.5,1011.1,23,2,1,21,0,24.0,20.14,20.14
2026-01-22,S001,P056,Soup Mix,Ready-to-Eat & Convenience,Medium,28.1,25.0,32.0,65,0.0,6.3,1011.9,25,3,1,22,0,23.0,21.14,21.14
2026-01-23,S001,P056,Soup Mix,Ready-to-Eat & Convenience,Medium,27.6,23.0,32.0,69,0.0,6.0,1012.8,32,4,1,23,0,25.0,22.29,22.29
2026-01-24,S001,P056,Soup Mix,Ready-to-Eat & Convenience,Medium,27.8,24.0,32.0,72,0.0,5.6,1013.0,24,5,1,24,1,32.0,23.0,23.0
2026-01-25,S001,P056,Soup Mix,Ready-to-Eat & Convenience,Medium,28.6,26.0,31.0,77,0.0,6.1,1011.8,18,6,1,25,1,24.0,23.43,23.43
2026-01-26,S001,P056,Soup Mix,Ready-to-Eat & Convenience,Medium,28.9,25.0,32.0,77,0.0,7.4,1012.6,29,0,1,26,0,18.0,22.71,22.71
2026-01-27,S001,P056,Soup Mix,Ready-to-Eat & Convenience,Medium,29.1,26.0,32.0,76,0.0,5.5,1013.5,34,1,1,27,0,29.0,25.0,25.0
2026-01-28,S001,P056,Soup Mix,Ready-to-Eat & Convenience,Medium,28.8,26.0,32.0,69,0.0,3.3,1012.6,29,2,1,28,0,34.0,26.43,26.43
2026-01-29,S001,P056,Soup Mix,Ready-to-Eat & Convenience,Medium,28.3,25.0,32.7,68,0.0,2.9,1012.3,19,3,1,29,0,29.0,27.29,27.29
2026-01-30,S001,P056,Soup Mix,Ready-to-Eat & Convenience,Medium,27.2,23.1,32.3,70,0.0,2.4,1013.2,30,4,1,30,0,19.0,26.43,26.43
2026-01-31,S001,P056,Soup Mix,Ready-to-Eat & Convenience,Medium,27.0,22.5,32.0,70,0.0,2.4,1013.0,23,5,1,31,1,30.0,26.14,26.14
2026-02-01,S001,P056,Soup Mix,Ready-to-Eat & Convenience,Medium,27.4,23.0,32.2,71,0.0,2.5,1012.7,37,6,2,1,1,23.0,26.0,26.0
2026-02-02,S001,P056,Soup Mix,Ready-to-Eat & Convenience,Medium,27.8,24.1,32.3,74,0.0,2.1,1012.9,34,0,2,2,0,37.0,28.71,28.71
2026-02-03,S001,P056,Soup Mix,Ready-to-Eat & Convenience,Medium,27.9,24.4,32.3,74,0.0,2.1,1012.5,19,1,2,3,0,34.0,29.43,29.43
2026-02-04,S001,P056,Soup Mix,Ready-to-Eat & Convenience,Medium,27.9,24.2,32.4,72,0.0,2.2,1012.8,33,2,2,4,0,19.0,27.29,27.29
2026-02-05,S001,P056,Soup Mix,Ready-to-Eat & Convenience,Medium,28.1,24.2,32.7,71,0.0,2.5,1012.9,34,3,2,5,0,33.0,27.86,27.86
2026-02-06,S001,P056,Soup Mix,Ready-to-Eat & Convenience,Medium,27.9,24.0,32.5,71,0.0,2.3,1012.9,29,4,2,6,0,34.0,30.0,30.0
2026-02-07,S001,P056,Soup Mix,Ready-to-Eat & Convenience,Medium,27.8,23.9,32.5,70,0.0,2.4,1012.6,21,5,2,7,1,29.0,29.86,29.86
2026-01-01,S001,P057,Pasta,Ready-to-Eat & Convenience,Low,29.2,25.0,32.0,71,0.0,8.8,1010.2,10,3,1,1,0,28.0,23.14,23.14
2026-01-02,S001,P057,Pasta,Ready-to-Eat & Convenience,Low,28.2,26.0,31.0,71,0.0,5.3,1011.5,31,4,1,2,0,10.0,21.0,21.0
2026-01-03,S001,P057,Pasta,Ready-to-Eat & Convenience,Low,28.3,25.0,32.0,76,0.0,5.5,1011.3,22,5,1,3,1,31.0,22.0,22.0
2026-01-04,S001,P057,Pasta,Ready-to-Eat & Convenience,Low,28.5,25.0,33.0,67,0.0,6.2,1011.3,18,6,1,4,1,22.0,21.43,21.43
2026-01-05,S001,P057,Pasta,Ready-to-Eat & Convenience,Low,27.8,24.0,32.0,69,0.0,4.9,1011.4,25,0,1,5,0,18.0,21.29,21.29
2026-01-06,S001,P057,Pasta,Ready-to-Eat & Convenience,Low,28.4,25.0,32.0,70,0.0,5.8,1011.8,24,1,1,6,0,25.0,21.29,21.29
2026-01-07,S001,P057,Pasta,Ready-to-Eat & Convenience,Low,28.8,25.0,32.0,64,0.0,5.5,1012.0,29,2,1,7,0,24.0,22.57,22.57
2026-01-08,S001,P057,Pasta,Ready-to-Eat & Convenience,Low,27.9,25.0,31.0,57,0.0,6.4,1012.0,16,3,1,8,0,29.0,22.71,22.71
2026-01-09,S001,P057,Pasta,Ready-to-Eat & Convenience,Low,27.5,24.0,31.0,65,0.0,5.2,1011.5,16,4,1,9,0,16.0,23.57,23.57
2026-01-10,S001,P057,Pasta,Ready-to-Eat & Convenience,Low,27.8,24.0,31.0,73,0.0,5.4,1011.0,23,5,1,10,1,16.0,21.43,21.43
2026-01-11,S001,P057,Pasta,Ready-to-Eat & Convenience,Low,28.1,25.0,32.0,76,0.0,6.2,1012.2,27,6,1,11,1,23.0,21.57,21.57
2026-01-12,S001,P057,Pasta,Ready-to-Eat & Convenience,Low,28.5,25.0,32.0,75,0.0,4.4,1013.0,20,0,1,12,0,27.0,22.86,22.86
2026-01-13,S001,P057,Pasta,Ready-to-Eat & Convenience,Low,28.5,26.0,32.0,78,0.0,4.7,1013.6,23,1,1,13,0,20.0,22.14,22.14
2026-01-14,S001,P057,Pasta,Ready-to-Eat & Convenience,Low,28.5,25.0,32.0,78,0.0,4.8,1012.7,25,2,1,14,0,23.0,22.0,22.0
2026-01-15,S001,P057,Pasta,Ready-to-Eat & Convenience,Low,28.5,26.0,31.0,77,0.0,6.4,1011.2,12,3,1,15,0,25.0,21.43,21.43
2026-01-16,S001,P057,Pasta,Ready-to-Eat & Convenience,Low,28.2,25.0,31.0,75,0.0,6.0,1011.3,15,4,1,16,0,12.0,20.86,20.86
2026-01-17,S001,P057,Pasta,Ready-to-Eat & Convenience,Low,28.3,24.0,32.0,69,0.0,6.5,1010.4,20,5,1,17,1,15.0,20.71,20.71
2026-01-18,S001,P057,Pasta,Ready-to-Eat & Convenience,Low,27.8,25.0,31.0,71,0.0,8.4,1009.8,10,6,1,18,1,20.0,20.29,20.29
2026-01-19,S001,P057,Pasta,Ready-to-Eat & Convenience,Low,28.0,25.0,31.0,72,0.0,6.9,1011.0,30,0,1,19,0,10.0,17.86,17.86
2026-01-20,S001,P057,Pasta,Ready-to-Eat & Convenience,Low,28.1,25.0,32.0,73,0.0,6.2,1010.6,15,1,1,20,0,30.0,19.29,19.29
2026-01-21,S001,P057,Pasta,Ready-to-Eat & Convenience,Low,28.0,24.0,31.0,72,0.0,6.5,1011.1,25,2,1,21,0,15.0,18.14,18.14
2026-01-22,S001,P057,Pasta,Ready-to-Eat & Convenience,Low,28.1,25.0,32.0,65,0.0,6.3,1011.9,17,3,1,22,0,25.0,18.14,18.14
2026-01-23,S001,P057,Pasta,Ready-to-Eat & Convenience,Low,27.6,23.0,32.0,69,0.0,6.0,1012.8,15,4,1,23,0,17.0,18.86,18.86
2026-01-24,S001,P057,Pasta,Ready-to-Eat & Convenience,Low,27.8,24.0,32.0,72,0.0,5.6,1013.0,32,5,1,24,1,15.0,18.86,18.86
2026-01-25,S001,P057,Pasta,Ready-to-Eat & Convenience,Low,28.6,26.0,31.0,77,0.0,6.1,1011.8,14,6,1,25,1,32.0,20.57,20.57
2026-01-26,S001,P057,Pasta,Ready-to-Eat & Convenience,Low,28.9,25.0,32.0,77,0.0,7.4,1012.6,11,0,1,26,0,14.0,21.14,21.14
2026-01-27,S001,P057,Pasta,Ready-to-Eat & Convenience,Low,29.1,26.0,32.0,76,0.0,5.5,1013.5,23,1,1,27,0,11.0,18.43,18.43
2026-01-28,S001,P057,Pasta,Ready-to-Eat & Convenience,Low,28.8,26.0,32.0,69,0.0,3.3,1012.6,15,2,1,28,0,23.0,19.57,19.57
2026-01-29,S001,P057,Pasta,Ready-to-Eat & Convenience,Low,28.3,25.0,32.7,68,0.0,2.9,1012.3,30,3,1,29,0,15.0,18.14,18.14
2026-01-30,S001,P057,Pasta,Ready-to-Eat & Convenience,Low,27.2,23.1,32.3,70,0.0,2.4,1013.2,18,4,1,30,0,30.0,20.0,20.0
2026-01-31,S001,P057,Pasta,Ready-to-Eat & Convenience,Low,27.0,22.5,32.0,70,0.0,2.4,1013.0,30,5,1,31,1,18.0,20.43,20.43
2026-02-01,S001,P057,Pasta,Ready-to-Eat & Convenience,Low,27.4,23.0,32.2,71,0.0,2.5,1012.7,19,6,2,1,1,30.0,20.14,20.14
2026-02-02,S001,P057,Pasta,Ready-to-Eat & Convenience,Low,27.8,24.1,32.3,74,0.0,2.1,1012.9,13,0,2,2,0,19.0,20.86,20.86
2026-02-03,S001,P057,Pasta,Ready-to-Eat & Convenience,Low,27.9,24.4,32.3,74,0.0,2.1,1012.5,9,1,2,3,0,13.0,21.14,21.14
2026-02-04,S001,P057,Pasta,Ready-to-Eat & Convenience,Low,27.9,24.2,32.4,72,0.0,2.2,1012.8,28,2,2,4,0,9.0,19.14,19.14
2026-02-05,S001,P057,Pasta,Ready-to-Eat & Convenience,Low,28.1,24.2,32.7,71,0.0,2.5,1012.9,26,3,2,5,0,28.0,21.0,21.0
2026-02-06,S001,P057,Pasta,Ready-to-Eat & Convenience,Low,27.9,24.0,32.5,71,0.0,2.3,1012.9,20,4,2,6,0,26.0,20.43,20.43
2026-02-07,S001,P057,Pasta,Ready-to-Eat & Convenience,Low,27.8,23.9,32.5,70,0.0,2.4,1012.6,32,5,2,7,1,20.0,20.71,20.71
2026-01-01,S001,P058,Ready-to-Eat Meals,Ready-to-Eat & Convenience,Medium,29.2,25.0,32.0,71,0.0,8.8,1010.2,17,3,1,1,0,16.0,25.86,25.86
2026-01-02,S001,P058,Ready-to-Eat Meals,Ready-to-Eat & Convenience,Medium,28.2,26.0,31.0,71,0.0,5.3,1011.5,21,4,1,2,0,17.0,23.71,23.71
2026-01-03,S001,P058,Ready-to-Eat Meals,Ready-to-Eat & Convenience,Medium,28.3,25.0,32.0,76,0.0,5.5,1011.3,19,5,1,3,1,21.0,24.29,24.29
2026-01-04,S001,P058,Ready-to-Eat Meals,Ready-to-Eat & Convenience,Medium,28.5,25.0,33.0,67,0.0,6.2,1011.3,29,6,1,4,1,19.0,22.29,22.29
2026-01-05,S001,P058,Ready-to-Eat Meals,Ready-to-Eat & Convenience,Medium,27.8,24.0,32.0,69,0.0,4.9,1011.4,19,0,1,5,0,29.0,20.71,20.71
2026-01-06,S001,P058,Ready-to-Eat Meals,Ready-to-Eat & Convenience,Medium,28.4,25.0,32.0,70,0.0,5.8,1011.8,15,1,1,6,0,19.0,21.43,21.43
2026-01-07,S001,P058,Ready-to-Eat Meals,Ready-to-Eat & Convenience,Medium,28.8,25.0,32.0,64,0.0,5.5,1012.0,14,2,1,7,0,15.0,19.43,19.43
2026-01-08,S001,P058,Ready-to-Eat Meals,Ready-to-Eat & Convenience,Medium,27.9,25.0,31.0,57,0.0,6.4,1012.0,10,3,1,8,0,14.0,19.14,19.14
2026-01-09,S001,P058,Ready-to-Eat Meals,Ready-to-Eat & Convenience,Medium,27.5,24.0,31.0,65,0.0,5.2,1011.5,27,4,1,9,0,10.0,18.14,18.14
2026-01-10,S001,P058,Ready-to-Eat Meals,Ready-to-Eat & Convenience,Medium,27.8,24.0,31.0,73,0.0,5.4,1011.0,13,5,1,10,1,27.0,19.0,19.0
2026-01-11,S001,P058,Ready-to-Eat Meals,Ready-to-Eat & Convenience,Medium,28.1,25.0,32.0,76,0.0,6.2,1012.2,35,6,1,11,1,13.0,18.14,18.14
2026-01-12,S001,P058,Ready-to-Eat Meals,Ready-to-Eat & Convenience,Medium,28.5,25.0,32.0,75,0.0,4.4,1013.0,35,0,1,12,0,35.0,19.0,19.0
2026-01-13,S001,P058,Ready-to-Eat Meals,Ready-to-Eat & Convenience,Medium,28.5,26.0,32.0,78,0.0,4.7,1013.6,34,1,1,13,0,35.0,21.29,21.29
2026-01-14,S001,P058,Ready-to-Eat Meals,Ready-to-Eat & Convenience,Medium,28.5,25.0,32.0,78,0.0,4.8,1012.7,19,2,1,14,0,34.0,24.0,24.0
2026-01-15,S001,P058,Ready-to-Eat Meals,Ready-to-Eat & Convenience,Medium,28.5,26.0,31.0,77,0.0,6.4,1011.2,15,3,1,15,0,19.0,24.71,24.71
2026-01-16,S001,P058,Ready-to-Eat Meals,Ready-to-Eat & Convenience,Medium,28.2,25.0,31.0,75,0.0,6.0,1011.3,26,4,1,16,0,15.0,25.43,25.43
2026-01-17,S001,P058,Ready-to-Eat Meals,Ready-to-Eat & Convenience,Medium,28.3,24.0,32.0,69,0.0,6.5,1010.4,26,5,1,17,1,26.0,25.29,25.29
2026-01-18,S001,P058,Ready-to-Eat Meals,Ready-to-Eat & Convenience,Medium,27.8,25.0,31.0,71,0.0,8.4,1009.8,32,6,1,18,1,26.0,27.14,27.14
2026-01-19,S001,P058,Ready-to-Eat Meals,Ready-to-Eat & Convenience,Medium,28.0,25.0,31.0,72,0.0,6.9,1011.0,19,0,1,19,0,32.0,26.71,26.71
2026-01-20,S001,P058,Ready-to-Eat Meals,Ready-to-Eat & Convenience,Medium,28.1,25.0,32.0,73,0.0,6.2,1010.6,27,1,1,20,0,19.0,24.43,24.43
2026-01-21,S001,P058,Ready-to-Eat Meals,Ready-to-Eat & Convenience,Medium,28.0,24.0,31.0,72,0.0,6.5,1011.1,8,2,1,21,0,27.0,23.43,23.43
2026-01-22,S001,P058,Ready-to-Eat Meals,Ready-to-Eat & Convenience,Medium,28.1,25.0,32.0,65,0.0,6.3,1011.9,17,3,1,22,0,8.0,21.86,21.86
2026-01-23,S001,P058,Ready-to-Eat Meals,Ready-to-Eat & Convenience,Medium,27.6,23.0,32.0,69,0.0,6.0,1012.8,19,4,1,23,0,17.0,22.14,22.14
2026-01-24,S001,P058,Ready-to-Eat Meals,Ready-to-Eat & Convenience,Medium,27.8,24.0,32.0,72,0.0,5.6,1013.0,22,5,1,24,1,19.0,21.14,21.14
2026-01-25,S001,P058,Ready-to-Eat Meals,Ready-to-Eat & Convenience,Medium,28.6,26.0,31.0,77,0.0,6.1,1011.8,29,6,1,25,1,22.0,20.57,20.57
2026-01-26,S001,P058,Ready-to-Eat Meals,Ready-to-Eat & Convenience,Medium,28.9,25.0,32.0,77,0.0,7.4,1012.6,25,0,1,26,0,29.0,20.14,20.14
2026-01-27,S001,P058,Ready-to-Eat Meals,Ready-to-Eat & Convenience,Medium,29.1,26.0,32.0,76,0.0,5.5,1013.5,26,1,1,27,0,25.0,21.0,21.0
2026-01-28,S001,P058,Ready-to-Eat Meals,Ready-to-Eat & Convenience,Medium,28.8,26.0,32.0,69,0.0,3.3,1012.6,28,2,1,28,0,26.0,20.86,20.86
2026-01-29,S001,P058,Ready-to-Eat Meals,Ready-to-Eat & Convenience,Medium,28.3,25.0,32.7,68,0.0,2.9,1012.3,22,3,1,29,0,28.0,23.71,23.71
2026-01-30,S001,P058,Ready-to-Eat Meals,Ready-to-Eat & Convenience,Medium,27.2,23.1,32.3,70,0.0,2.4,1013.2,30,4,1,30,0,22.0,24.43,24.43
2026-01-31,S001,P058,Ready-to-Eat Meals,Ready-to-Eat & Convenience,Medium,27.0,22.5,32.0,70,0.0,2.4,1013.0,28,5,1,31,1,30.0,26.0,26.0
2026-02-01,S001,P058,Ready-to-Eat Meals,Ready-to-Eat & Convenience,Medium,27.4,23.0,32.2,71,0.0,2.5,1012.7,24,6,2,1,1,28.0,26.86,26.86
2026-02-02,S001,P058,Ready-to-Eat Meals,Ready-to-Eat & Convenience,Medium,27.8,24.1,32.3,74,0.0,2.1,1012.9,15,0,2,2,0,24.0,26.14,26.14
2026-02-03,S001,P058,Ready-to-Eat Meals,Ready-to-Eat & Convenience,Medium,27.9,24.4,32.3,74,0.0,2.1,1012.5,35,1,2,3,0,15.0,24.71,24.71
2026-02-04,S001,P058,Ready-to-Eat Meals,Ready-to-Eat & Convenience,Medium,27.9,24.2,32.4,72,0.0,2.2,1012.8,21,2,2,4,0,35.0,26.0,26.0
2026-02-05,S001,P058,Ready-to-Eat Meals,Ready-to-Eat & Convenience,Medium,28.1,24.2,32.7,71,0.0,2.5,1012.9,14,3,2,5,0,21.0,25.0,25.0
2026-02-06,S001,P058,Ready-to-Eat Meals,Ready-to-Eat & Convenience,Medium,27.9,24.0,32.5,71,0.0,2.3,1012.9,31,4,2,6,0,14.0,23.86,23.86
2026-02-07,S001,P058,Ready-to-Eat Meals,Ready-to-Eat & Convenience,Medium,27.8,23.9,32.5,70,0.0,2.4,1012.6,25,5,2,7,1,31.0,24.0,24.0
2026-01-01,S001,P059,Canned Food,Ready-to-Eat & Convenience,Low,29.2,25.0,32.0,71,0.0,8.8,1010.2,29,3,1,1,0,21.0,21.57,21.57
2026-01-02,S001,P059,Canned Food,Ready-to-Eat & Convenience,Low,28.2,26.0,31.0,71,0.0,5.3,1011.5,29,4,1,2,0,29.0,22.14,22.14
2026-01-03,S001,P059,Canned Food,Ready-to-Eat & Convenience,Low,28.3,25.0,32.0,76,0.0,5.5,1011.3,25,5,1,3,1,29.0,23.43,23.43
2026-01-04,S001,P059,Canned Food,Ready-to-Eat & Convenience,Low,28.5,25.0,33.0,67,0.0,6.2,1011.3,20,6,1,4,1,25.0,24.0,24.0
2026-01-05,S001,P059,Canned Food,Ready-to-Eat & Convenience,Low,27.8,24.0,32.0,69,0.0,4.9,1011.4,23,0,1,5,0,20.0,23.0,23.0
2026-01-06,S001,P059,Canned Food,Ready-to-Eat & Convenience,Low,28.4,25.0,32.0,70,0.0,5.8,1011.8,26,1,1,6,0,23.0,23.0,23.0
2026-01-07,S001,P059,Canned Food,Ready-to-Eat & Convenience,Low,28.8,25.0,32.0,64,0.0,5.5,1012.0,17,2,1,7,0,26.0,24.71,24.71
2026-01-08,S001,P059,Canned Food,Ready-to-Eat & Convenience,Low,27.9,25.0,31.0,57,0.0,6.4,1012.0,12,3,1,8,0,17.0,24.14,24.14
2026-01-09,S001,P059,Canned Food,Ready-to-Eat & Convenience,Low,27.5,24.0,31.0,65,0.0,5.2,1011.5,22,4,1,9,0,12.0,21.71,21.71
2026-01-10,S001,P059,Canned Food,Ready-to-Eat & Convenience,Low,27.8,24.0,31.0,73,0.0,5.4,1011.0,21,5,1,10,1,22.0,20.71,20.71
2026-01-11,S001,P059,Canned Food,Ready-to-Eat & Convenience,Low,28.1,25.0,32.0,76,0.0,6.2,1012.2,26,6,1,11,1,21.0,20.14,20.14
2026-01-12,S001,P059,Canned Food,Ready-to-Eat & Convenience,Low,28.5,25.0,32.0,75,0.0,4.4,1013.0,16,0,1,12,0,26.0,21.0,21.0
2026-01-13,S001,P059,Canned Food,Ready-to-Eat & Convenience,Low,28.5,26.0,32.0,78,0.0,4.7,1013.6,26,1,1,13,0,16.0,20.0,20.0
2026-01-14,S001,P059,Canned Food,Ready-to-Eat & Convenience,Low,28.5,25.0,32.0,78,0.0,4.8,1012.7,13,2,1,14,0,26.0,20.0,20.0
2026-01-15,S001,P059,Canned Food,Ready-to-Eat & Convenience,Low,28.5,26.0,31.0,77,0.0,6.4,1011.2,22,3,1,15,0,13.0,19.43,19.43
2026-01-16,S001,P059,Canned Food,Ready-to-Eat & Convenience,Low,28.2,25.0,31.0,75,0.0,6.0,1011.3,21,4,1,16,0,22.0,20.86,20.86
2026-01-17,S001,P059,Canned Food,Ready-to-Eat & Convenience,Low,28.3,24.0,32.0,69,0.0,6.5,1010.4,32,5,1,17,1,21.0,20.71,20.71
2026-01-18,S001,P059,Canned Food,Ready-to-Eat & Convenience,Low,27.8,25.0,31.0,71,0.0,8.4,1009.8,17,6,1,18,1,32.0,22.29,22.29
2026-01-19,S001,P059,Canned Food,Ready-to-Eat & Convenience,Low,28.0,25.0,31.0,72,0.0,6.9,1011.0,15,0,1,19,0,17.0,21.0,21.0
2026-01-20,S001,P059,Canned Food,Ready-to-Eat & Convenience,Low,28.1,25.0,32.0,73,0.0,6.2,1010.6,8,1,1,20,0,15.0,20.86,20.86
2026-01-21,S001,P059,Canned Food,Ready-to-Eat & Convenience,Low,28.0,24.0,31.0,72,0.0,6.5,1011.1,28,2,1,21,0,8.0,18.29,18.29
2026-01-22,S001,P059,Canned Food,Ready-to-Eat & Convenience,Low,28.1,25.0,32.0,65,0.0,6.3,1011.9,24,3,1,22,0,28.0,20.43,20.43
2026-01-23,S001,P059,Canned Food,Ready-to-Eat & Convenience,Low,27.6,23.0,32.0,69,0.0,6.0,1012.8,27,4,1,23,0,24.0,20.71,20.71
2026-01-24,S001,P059,Canned Food,Ready-to-Eat & Convenience,Low,27.8,24.0,32.0,72,0.0,5.6,1013.0,25,5,1,24,1,27.0,21.57,21.57
2026-01-25,S001,P059,Canned Food,Ready-to-Eat & Convenience,Low,28.6,26.0,31.0,77,0.0,6.1,1011.8,15,6,1,25,1,25.0,20.57,20.57
2026-01-26,S001,P059,Canned Food,Ready-to-Eat & Convenience,Low,28.9,25.0,32.0,77,0.0,7.4,1012.6,24,0,1,26,0,15.0,20.29,20.29
2026-01-27,S001,P059,Canned Food,Ready-to-Eat & Convenience,Low,29.1,26.0,32.0,76,0.0,5.5,1013.5,9,1,1,27,0,24.0,21.57,21.57
2026-01-28,S001,P059,Canned Food,Ready-to-Eat & Convenience,Low,28.8,26.0,32.0,69,0.0,3.3,1012.6,20,2,1,28,0,9.0,21.71,21.71
2026-01-29,S001,P059,Canned Food,Ready-to-Eat & Convenience,Low,28.3,25.0,32.7,68,0.0,2.9,1012.3,14,3,1,29,0,20.0,20.57,20.57
2026-01-30,S001,P059,Canned Food,Ready-to-Eat & Convenience,Low,27.2,23.1,32.3,70,0.0,2.4,1013.2,17,4,1,30,0,14.0,19.14,19.14
2026-01-31,S001,P059,Canned Food,Ready-to-Eat & Convenience,Low,27.0,22.5,32.0,70,0.0,2.4,1013.0,12,5,1,31,1,17.0,17.71,17.71
2026-02-01,S001,P059,Canned Food,Ready-to-Eat & Convenience,Low,27.4,23.0,32.2,71,0.0,2.5,1012.7,22,6,2,1,1,12.0,15.86,15.86
2026-02-02,S001,P059,Canned Food,Ready-to-Eat & Convenience,Low,27.8,24.1,32.3,74,0.0,2.1,1012.9,25,0,2,2,0,22.0,16.86,16.86
2026-02-03,S001,P059,Canned Food,Ready-to-Eat & Convenience,Low,27.9,24.4,32.3,74,0.0,2.1,1012.5,19,1,2,3,0,25.0,17.0,17.0
2026-02-04,S001,P059,Canned Food,Ready-to-Eat & Convenience,Low,27.9,24.2,32.4,72,0.0,2.2,1012.8,28,2,2,4,0,19.0,18.43,18.43
2026-02-05,S001,P059,Canned Food,Ready-to-Eat & Convenience,Low,28.1,24.2,32.7,71,0.0,2.5,1012.9,28,3,2,5,0,28.0,19.57,19.57
2026-02-06,S001,P059,Canned Food,Ready-to-Eat & Convenience,Low,27.9,24.0,32.5,71,0.0,2.3,1012.9,29,4,2,6,0,28.0,21.57,21.57
2026-02-07,S001,P059,Canned Food,Ready-to-Eat & Convenience,Low,27.8,23.9,32.5,70,0.0,2.4,1012.6,25,5,2,7,1,29.0,23.29,23.29
2026-01-01,S001,P060,Breakfast Cereal,Ready-to-Eat & Convenience,Low,29.2,25.0,32.0,71,0.0,8.8,1010.2,23,3,1,1,0,29.0,20.71,20.71
2026-01-02,S001,P060,Breakfast Cereal,Ready-to-Eat & Convenience,Low,28.2,26.0,31.0,71,0.0,5.3,1011.5,5,4,1,2,0,23.0,22.14,22.14
2026-01-03,S001,P060,Breakfast Cereal,Ready-to-Eat & Convenience,Low,28.3,25.0,32.0,76,0.0,5.5,1011.3,29,5,1,3,1,5.0,19.43,19.43
2026-01-04,S001,P060,Breakfast Cereal,Ready-to-Eat & Convenience,Low,28.5,25.0,33.0,67,0.0,6.2,1011.3,31,6,1,4,1,29.0,21.43,21.43
2026-01-05,S001,P060,Breakfast Cereal,Ready-to-Eat & Convenience,Low,27.8,24.0,32.0,69,0.0,4.9,1011.4,10,0,1,5,0,31.0,23.71,23.71
2026-01-06,S001,P060,Breakfast Cereal,Ready-to-Eat & Convenience,Low,28.4,25.0,32.0,70,0.0,5.8,1011.8,14,1,1,6,0,10.0,21.71,21.71
2026-01-07,S001,P060,Breakfast Cereal,Ready-to-Eat & Convenience,Low,28.8,25.0,32.0,64,0.0,5.5,1012.0,17,2,1,7,0,14.0,20.14,20.14
2026-01-08,S001,P060,Breakfast Cereal,Ready-to-Eat & Convenience,Low,27.9,25.0,31.0,57,0.0,6.4,1012.0,15,3,1,8,0,17.0,18.43,18.43
2026-01-09,S001,P060,Breakfast Cereal,Ready-to-Eat & Convenience,Low,27.5,24.0,31.0,65,0.0,5.2,1011.5,14,4,1,9,0,15.0,17.29,17.29
2026-01-10,S001,P060,Breakfast Cereal,Ready-to-Eat & Convenience,Low,27.8,24.0,31.0,73,0.0,5.4,1011.0,31,5,1,10,1,14.0,18.57,18.57
2026-01-11,S001,P060,Breakfast Cereal,Ready-to-Eat & Convenience,Low,28.1,25.0,32.0,76,0.0,6.2,1012.2,11,6,1,11,1,31.0,18.86,18.86
2026-01-12,S001,P060,Breakfast Cereal,Ready-to-Eat & Convenience,Low,28.5,25.0,32.0,75,0.0,4.4,1013.0,19,0,1,12,0,11.0,16.0,16.0
2026-01-13,S001,P060,Breakfast Cereal,Ready-to-Eat & Convenience,Low,28.5,26.0,32.0,78,0.0,4.7,1013.6,22,1,1,13,0,19.0,17.29,17.29
2026-01-14,S001,P060,Breakfast Cereal,Ready-to-Eat & Convenience,Low,28.5,25.0,32.0,78,0.0,4.8,1012.7,19,2,1,14,0,22.0,18.43,18.43
2026-01-15,S001,P060,Breakfast Cereal,Ready-to-Eat & Convenience,Low,28.5,26.0,31.0,77,0.0,6.4,1011.2,14,3,1,15,0,19.0,18.71,18.71
2026-01-16,S001,P060,Breakfast Cereal,Ready-to-Eat & Convenience,Low,28.2,25.0,31.0,75,0.0,6.0,1011.3,24,4,1,16,0,14.0,18.57,18.57
2026-01-17,S001,P060,Breakfast Cereal,Ready-to-Eat & Convenience,Low,28.3,24.0,32.0,69,0.0,6.5,1010.4,29,5,1,17,1,24.0,20.0,20.0
2026-01-18,S001,P060,Breakfast Cereal,Ready-to-Eat & Convenience,Low,27.8,25.0,31.0,71,0.0,8.4,1009.8,27,6,1,18,1,29.0,19.71,19.71
2026-01-19,S001,P060,Breakfast Cereal,Ready-to-Eat & Convenience,Low,28.0,25.0,31.0,72,0.0,6.9,1011.0,29,0,1,19,0,27.0,22.0,22.0
2026-01-20,S001,P060,Breakfast Cereal,Ready-to-Eat & Convenience,Low,28.1,25.0,32.0,73,0.0,6.2,1010.6,10,1,1,20,0,29.0,23.43,23.43
2026-01-21,S001,P060,Breakfast Cereal,Ready-to-Eat & Convenience,Low,28.0,24.0,31.0,72,0.0,6.5,1011.1,29,2,1,21,0,10.0,21.71,21.71
2026-01-22,S001,P060,Breakfast Cereal,Ready-to-Eat & Convenience,Low,28.1,25.0,32.0,65,0.0,6.3,1011.9,15,3,1,22,0,29.0,23.14,23.14
2026-01-23,S001,P060,Breakfast Cereal,Ready-to-Eat & Convenience,Low,27.6,23.0,32.0,69,0.0,6.0,1012.8,23,4,1,23,0,15.0,23.29,23.29
2026-01-24,S001,P060,Breakfast Cereal,Ready-to-Eat & Convenience,Low,27.8,24.0,32.0,72,0.0,5.6,1013.0,31,5,1,24,1,23.0,23.14,23.14
2026-01-25,S001,P060,Breakfast Cereal,Ready-to-Eat & Convenience,Low,28.6,26.0,31.0,77,0.0,6.1,1011.8,23,6,1,25,1,31.0,23.43,23.43
2026-01-26,S001,P060,Breakfast Cereal,Ready-to-Eat & Convenience,Low,28.9,25.0,32.0,77,0.0,7.4,1012.6,29,0,1,26,0,23.0,22.86,22.86
2026-01-27,S001,P060,Breakfast Cereal,Ready-to-Eat & Convenience,Low,29.1,26.0,32.0,76,0.0,5.5,1013.5,22,1,1,27,0,29.0,22.86,22.86
2026-01-28,S001,P060,Breakfast Cereal,Ready-to-Eat & Convenience,Low,28.8,26.0,32.0,69,0.0,3.3,1012.6,32,2,1,28,0,22.0,24.57,24.57
2026-01-29,S001,P060,Breakfast Cereal,Ready-to-Eat & Convenience,Low,28.3,25.0,32.7,68,0.0,2.9,1012.3,14,3,1,29,0,32.0,25.0,25.0
2026-01-30,S001,P060,Breakfast Cereal,Ready-to-Eat & Convenience,Low,27.2,23.1,32.3,70,0.0,2.4,1013.2,19,4,1,30,0,14.0,24.86,24.86
2026-01-31,S001,P060,Breakfast Cereal,Ready-to-Eat & Convenience,Low,27.0,22.5,32.0,70,0.0,2.4,1013.0,17,5,1,31,1,19.0,24.29,24.29
2026-02-01,S001,P060,Breakfast Cereal,Ready-to-Eat & Convenience,Low,27.4,23.0,32.2,71,0.0,2.5,1012.7,23,6,2,1,1,17.0,22.29,22.29
2026-02-02,S001,P060,Breakfast Cereal,Ready-to-Eat & Convenience,Low,27.8,24.1,32.3,74,0.0,2.1,1012.9,24,0,2,2,0,23.0,22.29,22.29
2026-02-03,S001,P060,Breakfast Cereal,Ready-to-Eat & Convenience,Low,27.9,24.4,32.3,74,0.0,2.1,1012.5,22,1,2,3,0,24.0,21.57,21.57
2026-02-04,S001,P060,Breakfast Cereal,Ready-to-Eat & Convenience,Low,27.9,24.2,32.4,72,0.0,2.2,1012.8,8,2,2,4,0,22.0,21.57,21.57
2026-02-05,S001,P060,Breakfast Cereal,Ready-to-Eat & Convenience,Low,28.1,24.2,32.7,71,0.0,2.5,1012.9,25,3,2,5,0,8.0,18.14,18.14
2026-02-06,S001,P060,Breakfast Cereal,Ready-to-Eat & Convenience,Low,27.9,24.0,32.5,71,0.0,2.3,1012.9,19,4,2,6,0,25.0,19.71,19.71
2026-02-07,S001,P060,Breakfast Cereal,Ready-to-Eat & Convenience,Low,27.8,23.9,32.5,70,0.0,2.4,1012.6,12,5,2,7,1,19.0,19.71,19.71
2026-01-01,S001,P061,Umbrella,Weather-related Household,Very High,29.2,25.0,32.0,71,0.0,8.8,1010.2,18,3,1,1,0,15.0,16.43,16.43
2026-01-02,S001,P061,Umbrella,Weather-related Household,Very High,28.2,26.0,31.0,71,0.0,5.3,1011.5,13,4,1,2,0,18.0,16.43,16.43
2026-01-03,S001,P061,Umbrella,Weather-related Household,Very High,28.3,25.0,32.0,76,0.0,5.5,1011.3,29,5,1,3,1,13.0,14.43,14.43
2026-01-04,S001,P061,Umbrella,Weather-related Household,Very High,28.5,25.0,33.0,67,0.0,6.2,1011.3,12,6,1,4,1,29.0,16.14,16.14
2026-01-05,S001,P061,Umbrella,Weather-related Household,Very High,27.8,24.0,32.0,69,0.0,4.9,1011.4,21,0,1,5,0,12.0,16.43,16.43
2026-01-06,S001,P061,Umbrella,Weather-related Household,Very High,28.4,25.0,32.0,70,0.0,5.8,1011.8,16,1,1,6,0,21.0,16.43,16.43
2026-01-07,S001,P061,Umbrella,Weather-related Household,Very High,28.8,25.0,32.0,64,0.0,5.5,1012.0,27,2,1,7,0,16.0,17.71,17.71
2026-01-08,S001,P061,Umbrella,Weather-related Household,Very High,27.9,25.0,31.0,57,0.0,6.4,1012.0,12,3,1,8,0,27.0,19.43,19.43
2026-01-09,S001,P061,Umbrella,Weather-related Household,Very High,27.5,24.0,31.0,65,0.0,5.2,1011.5,19,4,1,9,0,12.0,18.57,18.57
2026-01-10,S001,P061,Umbrella,Weather-related Household,Very High,27.8,24.0,31.0,73,0.0,5.4,1011.0,23,5,1,10,1,19.0,19.43,19.43
2026-01-11,S001,P061,Umbrella,Weather-related Household,Very High,28.1,25.0,32.0,76,0.0,6.2,1012.2,27,6,1,11,1,23.0,18.57,18.57
2026-01-12,S001,P061,Umbrella,Weather-related Household,Very High,28.5,25.0,32.0,75,0.0,4.4,1013.0,26,0,1,12,0,27.0,20.71,20.71
2026-01-13,S001,P061,Umbrella,Weather-related Household,Very High,28.5,26.0,32.0,78,0.0,4.7,1013.6,18,1,1,13,0,26.0,21.43,21.43
2026-01-14,S001,P061,Umbrella,Weather-related Household,Very High,28.5,25.0,32.0,78,0.0,4.8,1012.7,20,2,1,14,0,18.0,21.71,21.71
2026-01-15,S001,P061,Umbrella,Weather-related Household,Very High,28.5,26.0,31.0,77,0.0,6.4,1011.2,25,3,1,15,0,20.0,20.71,20.71
2026-01-16,S001,P061,Umbrella,Weather-related Household,Very High,28.2,25.0,31.0,75,0.0,6.0,1011.3,26,4,1,16,0,25.0,22.57,22.57
2026-01-17,S001,P061,Umbrella,Weather-related Household,Very High,28.3,24.0,32.0,69,0.0,6.5,1010.4,26,5,1,17,1,26.0,23.57,23.57
2026-01-18,S001,P061,Umbrella,Weather-related Household,Very High,27.8,25.0,31.0,71,0.0,8.4,1009.8,26,6,1,18,1,26.0,24.0,24.0
2026-01-19,S001,P061,Umbrella,Weather-related Household,Very High,28.0,25.0,31.0,72,0.0,6.9,1011.0,14,0,1,19,0,26.0,23.86,23.86
2026-01-20,S001,P061,Umbrella,Weather-related Household,Very High,28.1,25.0,32.0,73,0.0,6.2,1010.6,14,1,1,20,0,14.0,22.14,22.14
2026-01-21,S001,P061,Umbrella,Weather-related Household,Very High,28.0,24.0,31.0,72,0.0,6.5,1011.1,7,2,1,21,0,14.0,21.57,21.57
2026-01-22,S001,P061,Umbrella,Weather-related Household,Very High,28.1,25.0,32.0,65,0.0,6.3,1011.9,26,3,1,22,0,7.0,19.71,19.71
2026-01-23,S001,P061,Umbrella,Weather-related Household,Very High,27.6,23.0,32.0,69,0.0,6.0,1012.8,15,4,1,23,0,26.0,19.86,19.86
2026-01-24,S001,P061,Umbrella,Weather-related Household,Very High,27.8,24.0,32.0,72,0.0,5.6,1013.0,23,5,1,24,1,15.0,18.29,18.29
2026-01-25,S001,P061,Umbrella,Weather-related Household,Very High,28.6,26.0,31.0,77,0.0,6.1,1011.8,15,6,1,25,1,23.0,17.86,17.86
2026-01-26,S001,P061,Umbrella,Weather-related Household,Very High,28.9,25.0,32.0,77,0.0,7.4,1012.6,12,0,1,26,0,15.0,16.29,16.29
2026-01-27,S001,P061,Umbrella,Weather-related Household,Very High,29.1,26.0,32.0,76,0.0,5.5,1013.5,15,1,1,27,0,12.0,16.0,16.0
2026-01-28,S001,P061,Umbrella,Weather-related Household,Very High,28.8,26.0,32.0,69,0.0,3.3,1012.6,18,2,1,28,0,15.0,16.14,16.14
2026-01-29,S001,P061,Umbrella,Weather-related Household,Very High,28.3,25.0,32.7,68,0.0,2.9,1012.3,14,3,1,29,0,18.0,17.71,17.71
2026-01-30,S001,P061,Umbrella,Weather-related Household,Very High,27.2,23.1,32.3,70,0.0,2.4,1013.2,25,4,1,30,0,14.0,16.0,16.0
2026-01-31,S001,P061,Umbrella,Weather-related Household,Very High,27.0,22.5,32.0,70,0.0,2.4,1013.0,20,5,1,31,1,25.0,17.43,17.43
2026-02-01,S001,P061,Umbrella,Weather-related Household,Very High,27.4,23.0,32.2,71,0.0,2.5,1012.7,25,6,2,1,1,20.0,17.0,17.0
2026-02-02,S001,P061,Umbrella,Weather-related Household,Very High,27.8,24.1,32.3,74,0.0,2.1,1012.9,14,0,2,2,0,25.0,18.43,18.43
2026-02-03,S001,P061,Umbrella,Weather-related Household,Very High,27.9,24.4,32.3,74,0.0,2.1,1012.5,23,1,2,3,0,14.0,18.71,18.71
2026-02-04,S001,P061,Umbrella,Weather-related Household,Very High,27.9,24.2,32.4,72,0.0,2.2,1012.8,14,2,2,4,0,23.0,19.86,19.86
2026-02-05,S001,P061,Umbrella,Weather-related Household,Very High,28.1,24.2,32.7,71,0.0,2.5,1012.9,33,3,2,5,0,14.0,19.29,19.29
2026-02-06,S001,P061,Umbrella,Weather-related Household,Very High,27.9,24.0,32.5,71,0.0,2.3,1012.9,27,4,2,6,0,33.0,22.0,22.0
2026-02-07,S001,P061,Umbrella,Weather-related Household,Very High,27.8,23.9,32.5,70,0.0,2.4,1012.6,21,5,2,7,1,27.0,22.29,22.29
2026-01-01,S001,P062,Raincoat,Weather-related Household,Very High,29.2,25.0,32.0,71,0.0,8.8,1010.2,20,3,1,1,0,9.0,20.29,20.29
2026-01-02,S001,P062,Raincoat,Weather-related Household,Very High,28.2,26.0,31.0,71,0.0,5.3,1011.5,20,4,1,2,0,20.0,19.29,19.29
2026-01-03,S001,P062,Raincoat,Weather-related Household,Very High,28.3,25.0,32.0,76,0.0,5.5,1011.3,35,5,1,3,1,20.0,18.14,18.14
2026-01-04,S001,P062,Raincoat,Weather-related Household,Very High,28.5,25.0,33.0,67,0.0,6.2,1011.3,19,6,1,4,1,35.0,18.57,18.57
2026-01-05,S001,P062,Raincoat,Weather-related Household,Very High,27.8,24.0,32.0,69,0.0,4.9,1011.4,24,0,1,5,0,19.0,18.71,18.71
2026-01-06,S001,P062,Raincoat,Weather-related Household,Very High,28.4,25.0,32.0,70,0.0,5.8,1011.8,21,1,1,6,0,24.0,20.71,20.71
2026-01-07,S001,P062,Raincoat,Weather-related Household,Very High,28.8,25.0,32.0,64,0.0,5.5,1012.0,20,2,1,7,0,21.0,21.14,21.14
2026-01-08,S001,P062,Raincoat,Weather-related Household,Very High,27.9,25.0,31.0,57,0.0,6.4,1012.0,12,3,1,8,0,20.0,22.71,22.71
2026-01-09,S001,P062,Raincoat,Weather-related Household,Very High,27.5,24.0,31.0,65,0.0,5.2,1011.5,10,4,1,9,0,12.0,21.57,21.57
2026-01-10,S001,P062,Raincoat,Weather-related Household,Very High,27.8,24.0,31.0,73,0.0,5.4,1011.0,31,5,1,10,1,10.0,20.14,20.14
2026-01-11,S001,P062,Raincoat,Weather-related Household,Very High,28.1,25.0,32.0,76,0.0,6.2,1012.2,26,6,1,11,1,31.0,19.57,19.57
2026-01-12,S001,P062,Raincoat,Weather-related Household,Very High,28.5,25.0,32.0,75,0.0,4.4,1013.0,15,0,1,12,0,26.0,20.57,20.57
2026-01-13,S001,P062,Raincoat,Weather-related Household,Very High,28.5,26.0,32.0,78,0.0,4.7,1013.6,12,1,1,13,0,15.0,19.29,19.29
2026-01-14,S001,P062,Raincoat,Weather-related Household,Very High,28.5,25.0,32.0,78,0.0,4.8,1012.7,10,2,1,14,0,12.0,18.0,18.0
2026-01-15,S001,P062,Raincoat,Weather-related Household,Very High,28.5,26.0,31.0,77,0.0,6.4,1011.2,13,3,1,15,0,10.0,16.57,16.57
2026-01-16,S001,P062,Raincoat,Weather-related Household,Very High,28.2,25.0,31.0,75,0.0,6.0,1011.3,9,4,1,16,0,13.0,16.71,16.71
2026-01-17,S001,P062,Raincoat,Weather-related Household,Very High,28.3,24.0,32.0,69,0.0,6.5,1010.4,25,5,1,17,1,9.0,16.57,16.57
2026-01-18,S001,P062,Raincoat,Weather-related Household,Very High,27.8,25.0,31.0,71,0.0,8.4,1009.8,20,6,1,18,1,25.0,15.71,15.71
2026-01-19,S001,P062,Raincoat,Weather-related Household,Very High,28.0,25.0,31.0,72,0.0,6.9,1011.0,17,0,1,19,0,20.0,14.86,14.86
2026-01-20,S001,P062,Raincoat,Weather-related Household,Very High,28.1,25.0,32.0,73,0.0,6.2,1010.6,15,1,1,20,0,17.0,15.14,15.14
2026-01-21,S001,P062,Raincoat,Weather-related Household,Very High,28.0,24.0,31.0,72,0.0,6.5,1011.1,24,2,1,21,0,15.0,15.57,15.57
2026-01-22,S001,P062,Raincoat,Weather-related Household,Very High,28.1,25.0,32.0,65,0.0,6.3,1011.9,26,3,1,22,0,24.0,17.57,17.57
2026-01-23,S001,P062,Raincoat,Weather-related Household,Very High,27.6,23.0,32.0,69,0.0,6.0,1012.8,31,4,1,23,0,26.0,19.43,19.43
2026-01-24,S001,P062,Raincoat,Weather-related Household,Very High,27.8,24.0,32.0,72,0.0,5.6,1013.0,26,5,1,24,1,31.0,22.57,22.57
2026-01-25,S001,P062,Raincoat,Weather-related Household,Very High,28.6,26.0,31.0,77,0.0,6.1,1011.8,13,6,1,25,1,26.0,22.71,22.71
2026-01-26,S001,P062,Raincoat,Weather-related Household,Very High,28.9,25.0,32.0,77,0.0,7.4,1012.6,9,0,1,26,0,13.0,21.71,21.71
2026-01-27,S001,P062,Raincoat,Weather-related Household,Very High,29.1,26.0,32.0,76,0.0,5.5,1013.5,30,1,1,27,0,9.0,20.57,20.57
2026-01-28,S001,P062,Raincoat,Weather-related Household,Very High,28.8,26.0,32.0,69,0.0,3.3,1012.6,21,2,1,28,0,30.0,22.71,22.71
2026-01-29,S001,P062,Raincoat,Weather-related Household,Very High,28.3,25.0,32.7,68,0.0,2.9,1012.3,5,3,1,29,0,21.0,22.29,22.29
2026-01-30,S001,P062,Raincoat,Weather-related Household,Very High,27.2,23.1,32.3,70,0.0,2.4,1013.2,14,4,1,30,0,5.0,19.29,19.29
2026-01-31,S001,P062,Raincoat,Weather-related Household,Very High,27.0,22.5,32.0,70,0.0,2.4,1013.0,29,5,1,31,1,14.0,16.86,16.86
2026-02-01,S001,P062,Raincoat,Weather-related Household,Very High,27.4,23.0,32.2,71,0.0,2.5,1012.7,27,6,2,1,1,29.0,17.29,17.29
2026-02-02,S001,P062,Raincoat,Weather-related Household,Very High,27.8,24.1,32.3,74,0.0,2.1,1012.9,15,0,2,2,0,27.0,19.29,19.29
2026-02-03,S001,P062,Raincoat,Weather-related Household,Very High,27.9,24.4,32.3,74,0.0,2.1,1012.5,25,1,2,3,0,15.0,20.14,20.14
2026-02-04,S001,P062,Raincoat,Weather-related Household,Very High,27.9,24.2,32.4,72,0.0,2.2,1012.8,17,2,2,4,0,25.0,19.43,19.43
2026-02-05,S001,P062,Raincoat,Weather-related Household,Very High,28.1,24.2,32.7,71,0.0,2.5,1012.9,18,3,2,5,0,17.0,18.86,18.86
2026-02-06,S001,P062,Raincoat,Weather-related Household,Very High,27.9,24.0,32.5,71,0.0,2.3,1012.9,26,4,2,6,0,18.0,20.71,20.71
2026-02-07,S001,P062,Raincoat,Weather-related Household,Very High,27.8,23.9,32.5,70,0.0,2.4,1012.6,25,5,2,7,1,26.0,22.43,22.43
2026-01-01,S001,P063,Waterproof Shoe Cover,Weather-related Household,High,29.2,25.0,32.0,71,0.0,8.8,1010.2,27,3,1,1,0,16.0,26.71,26.71
2026-01-02,S001,P063,Waterproof Shoe Cover,Weather-related Household,High,28.2,26.0,31.0,71,0.0,5.3,1011.5,18,4,1,2,0,27.0,25.0,25.0
2026-01-03,S001,P063,Waterproof Shoe Cover,Weather-related Household,High,28.3,25.0,32.0,76,0.0,5.5,1011.3,26,5,1,3,1,18.0,24.14,24.14
2026-01-04,S001,P063,Waterproof Shoe Cover,Weather-related Household,High,28.5,25.0,33.0,67,0.0,6.2,1011.3,44,6,1,4,1,26.0,24.29,24.29
2026-01-05,S001,P063,Waterproof Shoe Cover,Weather-related Household,High,27.8,24.0,32.0,69,0.0,4.9,1011.4,31,0,1,5,0,44.0,25.71,25.71
2026-01-06,S001,P063,Waterproof Shoe Cover,Weather-related Household,High,28.4,25.0,32.0,70,0.0,5.8,1011.8,39,1,1,6,0,31.0,25.86,25.86
2026-01-07,S001,P063,Waterproof Shoe Cover,Weather-related Household,High,28.8,25.0,32.0,64,0.0,5.5,1012.0,27,2,1,7,0,39.0,28.71,28.71
2026-01-08,S001,P063,Waterproof Shoe Cover,Weather-related Household,High,27.9,25.0,31.0,57,0.0,6.4,1012.0,26,3,1,8,0,27.0,30.29,30.29
2026-01-09,S001,P063,Waterproof Shoe Cover,Weather-related Household,High,27.5,24.0,31.0,65,0.0,5.2,1011.5,20,4,1,9,0,26.0,30.14,30.14
2026-01-10,S001,P063,Waterproof Shoe Cover,Weather-related Household,High,27.8,24.0,31.0,73,0.0,5.4,1011.0,28,5,1,10,1,20.0,30.43,30.43
2026-01-11,S001,P063,Waterproof Shoe Cover,Weather-related Household,High,28.1,25.0,32.0,76,0.0,6.2,1012.2,32,6,1,11,1,28.0,30.71,30.71
2026-01-12,S001,P063,Waterproof Shoe Cover,Weather-related Household,High,28.5,25.0,32.0,75,0.0,4.4,1013.0,22,0,1,12,0,32.0,29.0,29.0
2026-01-13,S001,P063,Waterproof Shoe Cover,Weather-related Household,High,28.5,26.0,32.0,78,0.0,4.7,1013.6,30,1,1,13,0,22.0,27.71,27.71
2026-01-14,S001,P063,Waterproof Shoe Cover,Weather-related Household,High,28.5,25.0,32.0,78,0.0,4.8,1012.7,14,2,1,14,0,30.0,26.43,26.43
2026-01-15,S001,P063,Waterproof Shoe Cover,Weather-related Household,High,28.5,26.0,31.0,77,0.0,6.4,1011.2,25,3,1,15,0,14.0,24.57,24.57
2026-01-16,S001,P063,Waterproof Shoe Cover,Weather-related Household,High,28.2,25.0,31.0,75,0.0,6.0,1011.3,26,4,1,16,0,25.0,24.43,24.43
2026-01-17,S001,P063,Waterproof Shoe Cover,Weather-related Household,High,28.3,24.0,32.0,69,0.0,6.5,1010.4,36,5,1,17,1,26.0,25.29,25.29
2026-01-18,S001,P063,Waterproof Shoe Cover,Weather-related Household,High,27.8,25.0,31.0,71,0.0,8.4,1009.8,22,6,1,18,1,36.0,26.43,26.43
2026-01-19,S001,P063,Waterproof Shoe Cover,Weather-related Household,High,28.0,25.0,31.0,72,0.0,6.9,1011.0,34,0,1,19,0,22.0,25.0,25.0
2026-01-20,S001,P063,Waterproof Shoe Cover,Weather-related Household,High,28.1,25.0,32.0,73,0.0,6.2,1010.6,29,1,1,20,0,34.0,26.71,26.71
2026-01-21,S001,P063,Waterproof Shoe Cover,Weather-related Household,High,28.0,24.0,31.0,72,0.0,6.5,1011.1,21,2,1,21,0,29.0,26.57,26.57
2026-01-22,S001,P063,Waterproof Shoe Cover,Weather-related Household,High,28.1,25.0,32.0,65,0.0,6.3,1011.9,31,3,1,22,0,21.0,27.57,27.57
2026-01-23,S001,P063,Waterproof Shoe Cover,Weather-related Household,High,27.6,23.0,32.0,69,0.0,6.0,1012.8,33,4,1,23,0,31.0,28.43,28.43
2026-01-24,S001,P063,Waterproof Shoe Cover,Weather-related Household,High,27.8,24.0,32.0,72,0.0,5.6,1013.0,19,5,1,24,1,33.0,29.43,29.43
2026-01-25,S001,P063,Waterproof Shoe Cover,Weather-related Household,High,28.6,26.0,31.0,77,0.0,6.1,1011.8,38,6,1,25,1,19.0,27.0,27.0
2026-01-26,S001,P063,Waterproof Shoe Cover,Weather-related Household,High,28.9,25.0,32.0,77,0.0,7.4,1012.6,36,0,1,26,0,38.0,29.29,29.29
2026-01-27,S001,P063,Waterproof Shoe Cover,Weather-related Household,High,29.1,26.0,32.0,76,0.0,5.5,1013.5,16,1,1,27,0,36.0,29.57,29.57
2026-01-28,S001,P063,Waterproof Shoe Cover,Weather-related Household,High,28.8,26.0,32.0,69,0.0,3.3,1012.6,24,2,1,28,0,16.0,27.71,27.71
2026-01-29,S001,P063,Waterproof Shoe Cover,Weather-related Household,High,28.3,25.0,32.7,68,0.0,2.9,1012.3,19,3,1,29,0,24.0,28.14,28.14
2026-01-30,S001,P063,Waterproof Shoe Cover,Weather-related Household,High,27.2,23.1,32.3,70,0.0,2.4,1013.2,26,4,1,30,0,19.0,26.43,26.43
2026-01-31,S001,P063,Waterproof Shoe Cover,Weather-related Household,High,27.0,22.5,32.0,70,0.0,2.4,1013.0,35,5,1,31,1,26.0,25.43,25.43
2026-02-01,S001,P063,Waterproof Shoe Cover,Weather-related Household,High,27.4,23.0,32.2,71,0.0,2.5,1012.7,38,6,2,1,1,35.0,27.71,27.71
2026-02-02,S001,P063,Waterproof Shoe Cover,Weather-related Household,High,27.8,24.1,32.3,74,0.0,2.1,1012.9,19,0,2,2,0,38.0,27.71,27.71
2026-02-03,S001,P063,Waterproof Shoe Cover,Weather-related Household,High,27.9,24.4,32.3,74,0.0,2.1,1012.5,38,1,2,3,0,19.0,25.29,25.29
2026-02-04,S001,P063,Waterproof Shoe Cover,Weather-related Household,High,27.9,24.2,32.4,72,0.0,2.2,1012.8,22,2,2,4,0,38.0,28.43,28.43
2026-02-05,S001,P063,Waterproof Shoe Cover,Weather-related Household,High,28.1,24.2,32.7,71,0.0,2.5,1012.9,35,3,2,5,0,22.0,28.14,28.14
2026-02-06,S001,P063,Waterproof Shoe Cover,Weather-related Household,High,27.9,24.0,32.5,71,0.0,2.3,1012.9,21,4,2,6,0,35.0,30.43,30.43
2026-02-07,S001,P063,Waterproof Shoe Cover,Weather-related Household,High,27.8,23.9,32.5,70,0.0,2.4,1012.6,27,5,2,7,1,21.0,29.71,29.71
2026-01-01,S001,P064,Candles,Weather-related Household,Medium,29.2,25.0,32.0,71,0.0,8.8,1010.2,18,3,1,1,0,12.0,25.0,25.0
2026-01-02,S001,P064,Candles,Weather-related Household,Medium,28.2,26.0,31.0,71,0.0,5.3,1011.5,17,4,1,2,0,18.0,24.43,24.43
2026-01-03,S001,P064,Candles,Weather-related Household,Medium,28.3,25.0,32.0,76,0.0,5.5,1011.3,25,5,1,3,1,17.0,23.57,23.57
2026-01-04,S001,P064,Candles,Weather-related Household,Medium,28.5,25.0,33.0,67,0.0,6.2,1011.3,24,6,1,4,1,25.0,23.29,23.29
2026-01-05,S001,P064,Candles,Weather-related Household,Medium,27.8,24.0,32.0,69,0.0,4.9,1011.4,20,0,1,5,0,24.0,22.29,22.29
2026-01-06,S001,P064,Candles,Weather-related Household,Medium,28.4,25.0,32.0,70,0.0,5.8,1011.8,15,1,1,6,0,20.0,20.86,20.86
2026-01-07,S001,P064,Candles,Weather-related Household,Medium,28.8,25.0,32.0,64,0.0,5.5,1012.0,35,2,1,7,0,15.0,18.71,18.71
2026-01-08,S001,P064,Candles,Weather-related Household,Medium,27.9,25.0,31.0,57,0.0,6.4,1012.0,19,3,1,8,0,35.0,22.0,22.0
2026-01-09,S001,P064,Candles,Weather-related Household,Medium,27.5,24.0,31.0,65,0.0,5.2,1011.5,16,4,1,9,0,19.0,22.14,22.14
2026-01-10,S001,P064,Candles,Weather-related Household,Medium,27.8,24.0,31.0,73,0.0,5.4,1011.0,17,5,1,10,1,16.0,22.0,22.0
2026-01-11,S001,P064,Candles,Weather-related Household,Medium,28.1,25.0,32.0,76,0.0,6.2,1012.2,19,6,1,11,1,17.0,20.86,20.86
2026-01-12,S001,P064,Candles,Weather-related Household,Medium,28.5,25.0,32.0,75,0.0,4.4,1013.0,21,0,1,12,0,19.0,20.14,20.14
2026-01-13,S001,P064,Candles,Weather-related Household,Medium,28.5,26.0,32.0,78,0.0,4.7,1013.6,17,1,1,13,0,21.0,20.29,20.29
2026-01-14,S001,P064,Candles,Weather-related Household,Medium,28.5,25.0,32.0,78,0.0,4.8,1012.7,37,2,1,14,0,17.0,20.57,20.57
2026-01-15,S001,P064,Candles,Weather-related Household,Medium,28.5,26.0,31.0,77,0.0,6.4,1011.2,22,3,1,15,0,37.0,20.86,20.86
2026-01-16,S001,P064,Candles,Weather-related Household,Medium,28.2,25.0,31.0,75,0.0,6.0,1011.3,13,4,1,16,0,22.0,21.29,21.29
2026-01-17,S001,P064,Candles,Weather-related Household,Medium,28.3,24.0,32.0,69,0.0,6.5,1010.4,24,5,1,17,1,13.0,20.86,20.86
2026-01-18,S001,P064,Candles,Weather-related Household,Medium,27.8,25.0,31.0,71,0.0,8.4,1009.8,17,6,1,18,1,24.0,21.86,21.86
2026-01-19,S001,P064,Candles,Weather-related Household,Medium,28.0,25.0,31.0,72,0.0,6.9,1011.0,21,0,1,19,0,17.0,21.57,21.57
2026-01-20,S001,P064,Candles,Weather-related Household,Medium,28.1,25.0,32.0,73,0.0,6.2,1010.6,28,1,1,20,0,21.0,21.57,21.57
2026-01-21,S001,P064,Candles,Weather-related Household,Medium,28.0,24.0,31.0,72,0.0,6.5,1011.1,14,2,1,21,0,28.0,23.14,23.14
2026-01-22,S001,P064,Candles,Weather-related Household,Medium,28.1,25.0,32.0,65,0.0,6.3,1011.9,32,3,1,22,0,14.0,19.86,19.86
2026-01-23,S001,P064,Candles,Weather-related Household,Medium,27.6,23.0,32.0,69,0.0,6.0,1012.8,21,4,1,23,0,32.0,21.29,21.29
2026-01-24,S001,P064,Candles,Weather-related Household,Medium,27.8,24.0,32.0,72,0.0,5.6,1013.0,26,5,1,24,1,21.0,22.43,22.43
2026-01-25,S001,P064,Candles,Weather-related Household,Medium,28.6,26.0,31.0,77,0.0,6.1,1011.8,20,6,1,25,1,26.0,22.71,22.71
2026-01-26,S001,P064,Candles,Weather-related Household,Medium,28.9,25.0,32.0,77,0.0,7.4,1012.6,18,0,1,26,0,20.0,23.14,23.14
2026-01-27,S001,P064,Candles,Weather-related Household,Medium,29.1,26.0,32.0,76,0.0,5.5,1013.5,35,1,1,27,0,18.0,22.71,22.71
2026-01-28,S001,P064,Candles,Weather-related Household,Medium,28.8,26.0,32.0,69,0.0,3.3,1012.6,36,2,1,28,0,35.0,23.71,23.71
2026-01-29,S001,P064,Candles,Weather-related Household,Medium,28.3,25.0,32.7,68,0.0,2.9,1012.3,25,3,1,29,0,36.0,26.86,26.86
2026-01-30,S001,P064,Candles,Weather-related Household,Medium,27.2,23.1,32.3,70,0.0,2.4,1013.2,14,4,1,30,0,25.0,25.86,25.86
2026-01-31,S001,P064,Candles,Weather-related Household,Medium,27.0,22.5,32.0,70,0.0,2.4,1013.0,21,5,1,31,1,14.0,24.86,24.86
2026-02-01,S001,P064,Candles,Weather-related Household,Medium,27.4,23.0,32.2,71,0.0,2.5,1012.7,39,6,2,1,1,21.0,24.14,24.14
2026-02-02,S001,P064,Candles,Weather-related Household,Medium,27.8,24.1,32.3,74,0.0,2.1,1012.9,13,0,2,2,0,39.0,26.86,26.86
2026-02-03,S001,P064,Candles,Weather-related Household,Medium,27.9,24.4,32.3,74,0.0,2.1,1012.5,23,1,2,3,0,13.0,26.14,26.14
2026-02-04,S001,P064,Candles,Weather-related Household,Medium,27.9,24.2,32.4,72,0.0,2.2,1012.8,28,2,2,4,0,23.0,24.43,24.43
2026-02-05,S001,P064,Candles,Weather-related Household,Medium,28.1,24.2,32.7,71,0.0,2.5,1012.9,13,3,2,5,0,28.0,23.29,23.29
2026-02-06,S001,P064,Candles,Weather-related Household,Medium,27.9,24.0,32.5,71,0.0,2.3,1012.9,18,4,2,6,0,13.0,21.57,21.57
2026-02-07,S001,P064,Candles,Weather-related Household,Medium,27.8,23.9,32.5,70,0.0,2.4,1012.6,31,5,2,7,1,18.0,22.14,22.14
2026-01-01,S001,P065,Batteries,Weather-related Household,Medium,29.2,25.0,32.0,71,0.0,8.8,1010.2,29,3,1,1,0,23.0,26.29,26.29
2026-01-02,S001,P065,Batteries,Weather-related Household,Medium,28.2,26.0,31.0,71,0.0,5.3,1011.5,11,4,1,2,0,29.0,28.57,28.57
2026-01-03,S001,P065,Batteries,Weather-related Household,Medium,28.3,25.0,32.0,76,0.0,5.5,1011.3,27,5,1,3,1,11.0,26.86,26.86
2026-01-04,S001,P065,Batteries,Weather-related Household,Medium,28.5,25.0,33.0,67,0.0,6.2,1011.3,29,6,1,4,1,27.0,25.86,25.86
2026-01-05,S001,P065,Batteries,Weather-related Household,Medium,27.8,24.0,32.0,69,0.0,4.9,1011.4,22,0,1,5,0,29.0,24.57,24.57
2026-01-06,S001,P065,Batteries,Weather-related Household,Medium,28.4,25.0,32.0,70,0.0,5.8,1011.8,25,1,1,6,0,22.0,23.57,23.57
2026-01-07,S001,P065,Batteries,Weather-related Household,Medium,28.8,25.0,32.0,64,0.0,5.5,1012.0,33,2,1,7,0,25.0,23.71,23.71
2026-01-08,S001,P065,Batteries,Weather-related Household,Medium,27.9,25.0,31.0,57,0.0,6.4,1012.0,27,3,1,8,0,33.0,25.14,25.14
2026-01-09,S001,P065,Batteries,Weather-related Household,Medium,27.5,24.0,31.0,65,0.0,5.2,1011.5,24,4,1,9,0,27.0,24.86,24.86
2026-01-10,S001,P065,Batteries,Weather-related Household,Medium,27.8,24.0,31.0,73,0.0,5.4,1011.0,32,5,1,10,1,24.0,26.71,26.71
2026-01-11,S001,P065,Batteries,Weather-related Household,Medium,28.1,25.0,32.0,76,0.0,6.2,1012.2,25,6,1,11,1,32.0,27.43,27.43
2026-01-12,S001,P065,Batteries,Weather-related Household,Medium,28.5,25.0,32.0,75,0.0,4.4,1013.0,23,0,1,12,0,25.0,26.86,26.86
2026-01-13,S001,P065,Batteries,Weather-related Household,Medium,28.5,26.0,32.0,78,0.0,4.7,1013.6,21,1,1,13,0,23.0,27.0,27.0
2026-01-14,S001,P065,Batteries,Weather-related Household,Medium,28.5,25.0,32.0,78,0.0,4.8,1012.7,24,2,1,14,0,21.0,26.43,26.43
2026-01-15,S001,P065,Batteries,Weather-related Household,Medium,28.5,26.0,31.0,77,0.0,6.4,1011.2,19,3,1,15,0,24.0,25.14,25.14
2026-01-16,S001,P065,Batteries,Weather-related Household,Medium,28.2,25.0,31.0,75,0.0,6.0,1011.3,20,4,1,16,0,19.0,24.0,24.0
2026-01-17,S001,P065,Batteries,Weather-related Household,Medium,28.3,24.0,32.0,69,0.0,6.5,1010.4,19,5,1,17,1,20.0,23.43,23.43
2026-01-18,S001,P065,Batteries,Weather-related Household,Medium,27.8,25.0,31.0,71,0.0,8.4,1009.8,9,6,1,18,1,19.0,21.57,21.57
2026-01-19,S001,P065,Batteries,Weather-related Household,Medium,28.0,25.0,31.0,72,0.0,6.9,1011.0,27,0,1,19,0,9.0,19.29,19.29
2026-01-20,S001,P065,Batteries,Weather-related Household,Medium,28.1,25.0,32.0,73,0.0,6.2,1010.6,26,1,1,20,0,27.0,19.86,19.86
2026-01-21,S001,P065,Batteries,Weather-related Household,Medium,28.0,24.0,31.0,72,0.0,6.5,1011.1,20,2,1,21,0,26.0,20.57,20.57
2026-01-22,S001,P065,Batteries,Weather-related Household,Medium,28.1,25.0,32.0,65,0.0,6.3,1011.9,13,3,1,22,0,20.0,20.0,20.0
2026-01-23,S001,P065,Batteries,Weather-related Household,Medium,27.6,23.0,32.0,69,0.0,6.0,1012.8,24,4,1,23,0,13.0,19.14,19.14
2026-01-24,S001,P065,Batteries,Weather-related Household,Medium,27.8,24.0,32.0,72,0.0,5.6,1013.0,29,5,1,24,1,24.0,19.71,19.71
2026-01-25,S001,P065,Batteries,Weather-related Household,Medium,28.6,26.0,31.0,77,0.0,6.1,1011.8,19,6,1,25,1,29.0,21.14,21.14
2026-01-26,S001,P065,Batteries,Weather-related Household,Medium,28.9,25.0,32.0,77,0.0,7.4,1012.6,18,0,1,26,0,19.0,22.57,22.57
2026-01-27,S001,P065,Batteries,Weather-related Household,Medium,29.1,26.0,32.0,76,0.0,5.5,1013.5,22,1,1,27,0,18.0,21.29,21.29
2026-01-28,S001,P065,Batteries,Weather-related Household,Medium,28.8,26.0,32.0,69,0.0,3.3,1012.6,24,2,1,28,0,22.0,20.71,20.71
2026-01-29,S001,P065,Batteries,Weather-related Household,Medium,28.3,25.0,32.7,68,0.0,2.9,1012.3,26,3,1,29,0,24.0,21.29,21.29
2026-01-30,S001,P065,Batteries,Weather-related Household,Medium,27.2,23.1,32.3,70,0.0,2.4,1013.2,19,4,1,30,0,26.0,23.14,23.14
2026-01-31,S001,P065,Batteries,Weather-related Household,Medium,27.0,22.5,32.0,70,0.0,2.4,1013.0,37,5,1,31,1,19.0,22.43,22.43
2026-02-01,S001,P065,Batteries,Weather-related Household,Medium,27.4,23.0,32.2,71,0.0,2.5,1012.7,22,6,2,1,1,37.0,23.57,23.57
2026-02-02,S001,P065,Batteries,Weather-related Household,Medium,27.8,24.1,32.3,74,0.0,2.1,1012.9,16,0,2,2,0,22.0,24.0,24.0
2026-02-03,S001,P065,Batteries,Weather-related Household,Medium,27.9,24.4,32.3,74,0.0,2.1,1012.5,32,1,2,3,0,16.0,23.71,23.71
2026-02-04,S001,P065,Batteries,Weather-related Household,Medium,27.9,24.2,32.4,72,0.0,2.2,1012.8,20,2,2,4,0,32.0,25.14,25.14
2026-02-05,S001,P065,Batteries,Weather-related Household,Medium,28.1,24.2,32.7,71,0.0,2.5,1012.9,23,3,2,5,0,20.0,24.57,24.57
2026-02-06,S001,P065,Batteries,Weather-related Household,Medium,27.9,24.0,32.5,71,0.0,2.3,1012.9,35,4,2,6,0,23.0,24.14,24.14
2026-02-07,S001,P065,Batteries,Weather-related Household,Medium,27.8,23.9,32.5,70,0.0,2.4,1012.6,31,5,2,7,1,35.0,26.43,26.43
2026-01-01,S001,P066,Mosquito Repellent,Weather-related Household,High,29.2,25.0,32.0,71,0.0,8.8,1010.2,29,3,1,1,0,25.0,30.86,30.86
2026-01-02,S001,P066,Mosquito Repellent,Weather-related Household,High,28.2,26.0,31.0,71,0.0,5.3,1011.5,19,4,1,2,0,29.0,31.14,31.14
2026-01-03,S001,P066,Mosquito Repellent,Weather-related Household,High,28.3,25.0,32.0,76,0.0,5.5,1011.3,26,5,1,3,1,19.0,29.14,29.14
2026-01-04,S001,P066,Mosquito Repellent,Weather-related Household,High,28.5,25.0,33.0,67,0.0,6.2,1011.3,43,6,1,4,1,26.0,27.86,27.86
2026-01-05,S001,P066,Mosquito Repellent,Weather-related Household,High,27.8,24.0,32.0,69,0.0,4.9,1011.4,34,0,1,5,0,43.0,30.0,30.0
2026-01-06,S001,P066,Mosquito Repellent,Weather-related Household,High,28.4,25.0,32.0,70,0.0,5.8,1011.8,18,1,1,6,0,34.0,29.71,29.71
2026-01-07,S001,P066,Mosquito Repellent,Weather-related Household,High,28.8,25.0,32.0,64,0.0,5.5,1012.0,35,2,1,7,0,18.0,27.71,27.71
2026-01-08,S001,P066,Mosquito Repellent,Weather-related Household,High,27.9,25.0,31.0,57,0.0,6.4,1012.0,38,3,1,8,0,35.0,29.14,29.14
2026-01-09,S001,P066,Mosquito Repellent,Weather-related Household,High,27.5,24.0,31.0,65,0.0,5.2,1011.5,25,4,1,9,0,38.0,30.43,30.43
2026-01-10,S001,P066,Mosquito Repellent,Weather-related Household,High,27.8,24.0,31.0,73,0.0,5.4,1011.0,38,5,1,10,1,25.0,31.29,31.29
2026-01-11,S001,P066,Mosquito Repellent,Weather-related Household,High,28.1,25.0,32.0,76,0.0,6.2,1012.2,33,6,1,11,1,38.0,33.0,33.0
2026-01-12,S001,P066,Mosquito Repellent,Weather-related Household,High,28.5,25.0,32.0,75,0.0,4.4,1013.0,42,0,1,12,0,33.0,31.57,31.57
2026-01-13,S001,P066,Mosquito Repellent,Weather-related Household,High,28.5,26.0,32.0,78,0.0,4.7,1013.6,29,1,1,13,0,42.0,32.71,32.71
2026-01-14,S001,P066,Mosquito Repellent,Weather-related Household,High,28.5,25.0,32.0,78,0.0,4.8,1012.7,22,2,1,14,0,29.0,34.29,34.29
2026-01-15,S001,P066,Mosquito Repellent,Weather-related Household,High,28.5,26.0,31.0,77,0.0,6.4,1011.2,24,3,1,15,0,22.0,32.43,32.43
2026-01-16,S001,P066,Mosquito Repellent,Weather-related Household,High,28.2,25.0,31.0,75,0.0,6.0,1011.3,18,4,1,16,0,24.0,30.43,30.43
2026-01-17,S001,P066,Mosquito Repellent,Weather-related Household,High,28.3,24.0,32.0,69,0.0,6.5,1010.4,29,5,1,17,1,18.0,29.43,29.43
2026-01-18,S001,P066,Mosquito Repellent,Weather-related Household,High,27.8,25.0,31.0,71,0.0,8.4,1009.8,29,6,1,18,1,29.0,28.14,28.14
2026-01-19,S001,P066,Mosquito Repellent,Weather-related Household,High,28.0,25.0,31.0,72,0.0,6.9,1011.0,35,0,1,19,0,29.0,27.57,27.57
2026-01-20,S001,P066,Mosquito Repellent,Weather-related Household,High,28.1,25.0,32.0,73,0.0,6.2,1010.6,37,1,1,20,0,35.0,26.57,26.57
2026-01-21,S001,P066,Mosquito Repellent,Weather-related Household,High,28.0,24.0,31.0,72,0.0,6.5,1011.1,27,2,1,21,0,37.0,27.71,27.71
2026-01-22,S001,P066,Mosquito Repellent,Weather-related Household,High,28.1,25.0,32.0,65,0.0,6.3,1011.9,21,3,1,22,0,27.0,28.43,28.43
2026-01-23,S001,P066,Mosquito Repellent,Weather-related Household,High,27.6,23.0,32.0,69,0.0,6.0,1012.8,28,4,1,23,0,21.0,28.0,28.0
2026-01-24,S001,P066,Mosquito Repellent,Weather-related Household,High,27.8,24.0,32.0,72,0.0,5.6,1013.0,42,5,1,24,1,28.0,29.43,29.43
2026-01-25,S001,P066,Mosquito Repellent,Weather-related Household,High,28.6,26.0,31.0,77,0.0,6.1,1011.8,21,6,1,25,1,42.0,31.29,31.29
2026-01-26,S001,P066,Mosquito Repellent,Weather-related Household,High,28.9,25.0,32.0,77,0.0,7.4,1012.6,31,0,1,26,0,21.0,30.14,30.14
2026-01-27,S001,P066,Mosquito Repellent,Weather-related Household,High,29.1,26.0,32.0,76,0.0,5.5,1013.5,32,1,1,27,0,31.0,29.57,29.57
2026-01-28,S001,P066,Mosquito Repellent,Weather-related Household,High,28.8,26.0,32.0,69,0.0,3.3,1012.6,39,2,1,28,0,32.0,28.86,28.86
2026-01-29,S001,P066,Mosquito Repellent,Weather-related Household,High,28.3,25.0,32.7,68,0.0,2.9,1012.3,23,3,1,29,0,39.0,30.57,30.57
2026-01-30,S001,P066,Mosquito Repellent,Weather-related Household,High,27.2,23.1,32.3,70,0.0,2.4,1013.2,17,4,1,30,0,23.0,30.86,30.86
2026-01-31,S001,P066,Mosquito Repellent,Weather-related Household,High,27.0,22.5,32.0,70,0.0,2.4,1013.0,20,5,1,31,1,17.0,29.29,29.29
2026-02-01,S001,P066,Mosquito Repellent,Weather-related Household,High,27.4,23.0,32.2,71,0.0,2.5,1012.7,20,6,2,1,1,20.0,26.14,26.14
2026-02-02,S001,P066,Mosquito Repellent,Weather-related Household,High,27.8,24.1,32.3,74,0.0,2.1,1012.9,32,0,2,2,0,20.0,26.0,26.0
2026-02-03,S001,P066,Mosquito Repellent,Weather-related Household,High,27.9,24.4,32.3,74,0.0,2.1,1012.5,32,1,2,3,0,32.0,26.14,26.14
2026-02-04,S001,P066,Mosquito Repellent,Weather-related Household,High,27.9,24.2,32.4,72,0.0,2.2,1012.8,40,2,2,4,0,32.0,26.14,26.14
2026-02-05,S001,P066,Mosquito Repellent,Weather-related Household,High,28.1,24.2,32.7,71,0.0,2.5,1012.9,35,3,2,5,0,40.0,26.29,26.29
2026-02-06,S001,P066,Mosquito Repellent,Weather-related Household,High,27.9,24.0,32.5,71,0.0,2.3,1012.9,26,4,2,6,0,35.0,28.0,28.0
2026-02-07,S001,P066,Mosquito Repellent,Weather-related Household,High,27.8,23.9,32.5,70,0.0,2.4,1012.6,22,5,2,7,1,26.0,29.29,29.29
2026-01-01,S001,P067,Soap,Personal & Household Care,Low,29.2,25.0,32.0,71,0.0,8.8,1010.2,21,3,1,1,0,28.0,20.86,20.86
2026-01-02,S001,P067,Soap,Personal & Household Care,Low,28.2,26.0,31.0,71,0.0,5.3,1011.5,11,4,1,2,0,21.0,20.71,20.71
2026-01-03,S001,P067,Soap,Personal & Household Care,Low,28.3,25.0,32.0,76,0.0,5.5,1011.3,24,5,1,3,1,11.0,20.29,20.29
2026-01-04,S001,P067,Soap,Personal & Household Care,Low,28.5,25.0,33.0,67,0.0,6.2,1011.3,22,6,1,4,1,24.0,19.43,19.43
2026-01-05,S001,P067,Soap,Personal & Household Care,Low,27.8,24.0,32.0,69,0.0,4.9,1011.4,17,0,1,5,0,22.0,20.14,20.14
2026-01-06,S001,P067,Soap,Personal & Household Care,Low,28.4,25.0,32.0,70,0.0,5.8,1011.8,20,1,1,6,0,17.0,20.86,20.86
2026-01-07,S001,P067,Soap,Personal & Household Care,Low,28.8,25.0,32.0,64,0.0,5.5,1012.0,25,2,1,7,0,20.0,20.43,20.43
2026-01-08,S001,P067,Soap,Personal & Household Care,Low,27.9,25.0,31.0,57,0.0,6.4,1012.0,18,3,1,8,0,25.0,20.0,20.0
2026-01-09,S001,P067,Soap,Personal & Household Care,Low,27.5,24.0,31.0,65,0.0,5.2,1011.5,18,4,1,9,0,18.0,19.57,19.57
2026-01-10,S001,P067,Soap,Personal & Household Care,Low,27.8,24.0,31.0,73,0.0,5.4,1011.0,19,5,1,10,1,18.0,20.57,20.57
2026-01-11,S001,P067,Soap,Personal & Household Care,Low,28.1,25.0,32.0,76,0.0,6.2,1012.2,34,6,1,11,1,19.0,19.86,19.86
2026-01-12,S001,P067,Soap,Personal & Household Care,Low,28.5,25.0,32.0,75,0.0,4.4,1013.0,19,0,1,12,0,34.0,21.57,21.57
2026-01-13,S001,P067,Soap,Personal & Household Care,Low,28.5,26.0,32.0,78,0.0,4.7,1013.6,21,1,1,13,0,19.0,21.86,21.86
2026-01-14,S001,P067,Soap,Personal & Household Care,Low,28.5,25.0,32.0,78,0.0,4.8,1012.7,18,2,1,14,0,21.0,22.0,22.0
2026-01-15,S001,P067,Soap,Personal & Household Care,Low,28.5,26.0,31.0,77,0.0,6.4,1011.2,16,3,1,15,0,18.0,21.0,21.0
2026-01-16,S001,P067,Soap,Personal & Household Care,Low,28.2,25.0,31.0,75,0.0,6.0,1011.3,22,4,1,16,0,16.0,20.71,20.71
2026-01-17,S001,P067,Soap,Personal & Household Care,Low,28.3,24.0,32.0,69,0.0,6.5,1010.4,26,5,1,17,1,22.0,21.29,21.29
2026-01-18,S001,P067,Soap,Personal & Household Care,Low,27.8,25.0,31.0,71,0.0,8.4,1009.8,26,6,1,18,1,26.0,22.29,22.29
2026-01-19,S001,P067,Soap,Personal & Household Care,Low,28.0,25.0,31.0,72,0.0,6.9,1011.0,11,0,1,19,0,26.0,21.14,21.14
2026-01-20,S001,P067,Soap,Personal & Household Care,Low,28.1,25.0,32.0,73,0.0,6.2,1010.6,27,1,1,20,0,11.0,20.0,20.0
2026-01-21,S001,P067,Soap,Personal & Household Care,Low,28.0,24.0,31.0,72,0.0,6.5,1011.1,24,2,1,21,0,27.0,20.86,20.86
2026-01-22,S001,P067,Soap,Personal & Household Care,Low,28.1,25.0,32.0,65,0.0,6.3,1011.9,17,3,1,22,0,24.0,21.71,21.71
2026-01-23,S001,P067,Soap,Personal & Household Care,Low,27.6,23.0,32.0,69,0.0,6.0,1012.8,34,4,1,23,0,17.0,21.86,21.86
2026-01-24,S001,P067,Soap,Personal & Household Care,Low,27.8,24.0,32.0,72,0.0,5.6,1013.0,28,5,1,24,1,34.0,23.57,23.57
2026-01-25,S001,P067,Soap,Personal & Household Care,Low,28.6,26.0,31.0,77,0.0,6.1,1011.8,23,6,1,25,1,28.0,23.86,23.86
2026-01-26,S001,P067,Soap,Personal & Household Care,Low,28.9,25.0,32.0,77,0.0,7.4,1012.6,22,0,1,26,0,23.0,23.43,23.43
2026-01-27,S001,P067,Soap,Personal & Household Care,Low,29.1,26.0,32.0,76,0.0,5.5,1013.5,13,1,1,27,0,22.0,25.0,25.0
2026-01-28,S001,P067,Soap,Personal & Household Care,Low,28.8,26.0,32.0,69,0.0,3.3,1012.6,30,2,1,28,0,13.0,23.0,23.0
2026-01-29,S001,P067,Soap,Personal & Household Care,Low,28.3,25.0,32.7,68,0.0,2.9,1012.3,20,3,1,29,0,30.0,23.86,23.86
2026-01-30,S001,P067,Soap,Personal & Household Care,Low,27.2,23.1,32.3,70,0.0,2.4,1013.2,15,4,1,30,0,20.0,24.29,24.29
2026-01-31,S001,P067,Soap,Personal & Household Care,Low,27.0,22.5,32.0,70,0.0,2.4,1013.0,16,5,1,31,1,15.0,21.57,21.57
2026-02-01,S001,P067,Soap,Personal & Household Care,Low,27.4,23.0,32.2,71,0.0,2.5,1012.7,24,6,2,1,1,16.0,19.86,19.86
2026-02-02,S001,P067,Soap,Personal & Household Care,Low,27.8,24.1,32.3,74,0.0,2.1,1012.9,21,0,2,2,0,24.0,20.0,20.0
2026-02-03,S001,P067,Soap,Personal & Household Care,Low,27.9,24.4,32.3,74,0.0,2.1,1012.5,18,1,2,3,0,21.0,19.86,19.86
2026-02-04,S001,P067,Soap,Personal & Household Care,Low,27.9,24.2,32.4,72,0.0,2.2,1012.8,24,2,2,4,0,18.0,20.57,20.57
2026-02-05,S001,P067,Soap,Personal & Household Care,Low,28.1,24.2,32.7,71,0.0,2.5,1012.9,29,3,2,5,0,24.0,19.71,19.71
2026-02-06,S001,P067,Soap,Personal & Household Care,Low,27.9,24.0,32.5,71,0.0,2.3,1012.9,26,4,2,6,0,29.0,21.0,21.0
2026-02-07,S001,P067,Soap,Personal & Household Care,Low,27.8,23.9,32.5,70,0.0,2.4,1012.6,26,5,2,7,1,26.0,22.57,22.57
2026-01-01,S001,P068,Shampoo,Personal & Household Care,Medium,29.2,25.0,32.0,71,0.0,8.8,1010.2,13,3,1,1,0,12.0,23.0,23.0
2026-01-02,S001,P068,Shampoo,Personal & Household Care,Medium,28.2,26.0,31.0,71,0.0,5.3,1011.5,12,4,1,2,0,13.0,21.14,21.14
2026-01-03,S001,P068,Shampoo,Personal & Household Care,Medium,28.3,25.0,32.0,76,0.0,5.5,1011.3,30,5,1,3,1,12.0,20.0,20.0
2026-01-04,S001,P068,Shampoo,Personal & Household Care,Medium,28.5,25.0,33.0,67,0.0,6.2,1011.3,12,6,1,4,1,30.0,19.71,19.71
2026-01-05,S001,P068,Shampoo,Personal & Household Care,Medium,27.8,24.0,32.0,69,0.0,4.9,1011.4,15,0,1,5,0,12.0,18.14,18.14
2026-01-06,S001,P068,Shampoo,Personal & Household Care,Medium,28.4,25.0,32.0,70,0.0,5.8,1011.8,11,1,1,6,0,15.0,17.71,17.71
2026-01-07,S001,P068,Shampoo,Personal & Household Care,Medium,28.8,25.0,32.0,64,0.0,5.5,1012.0,19,2,1,7,0,11.0,15.0,15.0
2026-01-08,S001,P068,Shampoo,Personal & Household Care,Medium,27.9,25.0,31.0,57,0.0,6.4,1012.0,12,3,1,8,0,19.0,16.0,16.0
2026-01-09,S001,P068,Shampoo,Personal & Household Care,Medium,27.5,24.0,31.0,65,0.0,5.2,1011.5,34,4,1,9,0,12.0,15.86,15.86
2026-01-10,S001,P068,Shampoo,Personal & Household Care,Medium,27.8,24.0,31.0,73,0.0,5.4,1011.0,26,5,1,10,1,34.0,19.0,19.0
2026-01-11,S001,P068,Shampoo,Personal & Household Care,Medium,28.1,25.0,32.0,76,0.0,6.2,1012.2,27,6,1,11,1,26.0,18.43,18.43
2026-01-12,S001,P068,Shampoo,Personal & Household Care,Medium,28.5,25.0,32.0,75,0.0,4.4,1013.0,27,0,1,12,0,27.0,20.57,20.57
2026-01-13,S001,P068,Shampoo,Personal & Household Care,Medium,28.5,26.0,32.0,78,0.0,4.7,1013.6,16,1,1,13,0,27.0,22.29,22.29
2026-01-14,S001,P068,Shampoo,Personal & Household Care,Medium,28.5,25.0,32.0,78,0.0,4.8,1012.7,27,2,1,14,0,16.0,23.0,23.0
2026-01-15,S001,P068,Shampoo,Personal & Household Care,Medium,28.5,26.0,31.0,77,0.0,6.4,1011.2,16,3,1,15,0,27.0,24.14,24.14
2026-01-16,S001,P068,Shampoo,Personal & Household Care,Medium,28.2,25.0,31.0,75,0.0,6.0,1011.3,20,4,1,16,0,16.0,24.71,24.71
2026-01-17,S001,P068,Shampoo,Personal & Household Care,Medium,28.3,24.0,32.0,69,0.0,6.5,1010.4,15,5,1,17,1,20.0,22.71,22.71
2026-01-18,S001,P068,Shampoo,Personal & Household Care,Medium,27.8,25.0,31.0,71,0.0,8.4,1009.8,24,6,1,18,1,15.0,21.14,21.14
2026-01-19,S001,P068,Shampoo,Personal & Household Care,Medium,28.0,25.0,31.0,72,0.0,6.9,1011.0,22,0,1,19,0,24.0,20.71,20.71
2026-01-20,S001,P068,Shampoo,Personal & Household Care,Medium,28.1,25.0,32.0,73,0.0,6.2,1010.6,13,1,1,20,0,22.0,20.0,20.0
2026-01-21,S001,P068,Shampoo,Personal & Household Care,Medium,28.0,24.0,31.0,72,0.0,6.5,1011.1,13,2,1,21,0,13.0,19.57,19.57
2026-01-22,S001,P068,Shampoo,Personal & Household Care,Medium,28.1,25.0,32.0,65,0.0,6.3,1011.9,15,3,1,22,0,13.0,17.57,17.57
2026-01-23,S001,P068,Shampoo,Personal & Household Care,Medium,27.6,23.0,32.0,69,0.0,6.0,1012.8,33,4,1,23,0,15.0,17.43,17.43
2026-01-24,S001,P068,Shampoo,Personal & Household Care,Medium,27.8,24.0,32.0,72,0.0,5.6,1013.0,23,5,1,24,1,33.0,19.29,19.29
2026-01-25,S001,P068,Shampoo,Personal & Household Care,Medium,28.6,26.0,31.0,77,0.0,6.1,1011.8,8,6,1,25,1,23.0,20.43,20.43
2026-01-26,S001,P068,Shampoo,Personal & Household Care,Medium,28.9,25.0,32.0,77,0.0,7.4,1012.6,16,0,1,26,0,8.0,18.14,18.14
2026-01-27,S001,P068,Shampoo,Personal & Household Care,Medium,29.1,26.0,32.0,76,0.0,5.5,1013.5,30,1,1,27,0,16.0,17.29,17.29
2026-01-28,S001,P068,Shampoo,Personal & Household Care,Medium,28.8,26.0,32.0,69,0.0,3.3,1012.6,27,2,1,28,0,30.0,19.71,19.71
2026-01-29,S001,P068,Shampoo,Personal & Household Care,Medium,28.3,25.0,32.7,68,0.0,2.9,1012.3,35,3,1,29,0,27.0,21.71,21.71
2026-01-30,S001,P068,Shampoo,Personal & Household Care,Medium,27.2,23.1,32.3,70,0.0,2.4,1013.2,32,4,1,30,0,35.0,24.57,24.57
2026-01-31,S001,P068,Shampoo,Personal & Household Care,Medium,27.0,22.5,32.0,70,0.0,2.4,1013.0,26,5,1,31,1,32.0,24.43,24.43
2026-02-01,S001,P068,Shampoo,Personal & Household Care,Medium,27.4,23.0,32.2,71,0.0,2.5,1012.7,24,6,2,1,1,26.0,24.86,24.86
2026-02-02,S001,P068,Shampoo,Personal & Household Care,Medium,27.8,24.1,32.3,74,0.0,2.1,1012.9,33,0,2,2,0,24.0,27.14,27.14
2026-02-03,S001,P068,Shampoo,Personal & Household Care,Medium,27.9,24.4,32.3,74,0.0,2.1,1012.5,27,1,2,3,0,33.0,29.57,29.57
2026-02-04,S001,P068,Shampoo,Personal & Household Care,Medium,27.9,24.2,32.4,72,0.0,2.2,1012.8,24,2,2,4,0,27.0,29.14,29.14
2026-02-05,S001,P068,Shampoo,Personal & Household Care,Medium,28.1,24.2,32.7,71,0.0,2.5,1012.9,18,3,2,5,0,24.0,28.71,28.71
2026-02-06,S001,P068,Shampoo,Personal & Household Care,Medium,27.9,24.0,32.5,71,0.0,2.3,1012.9,31,4,2,6,0,18.0,26.29,26.29
2026-02-07,S001,P068,Shampoo,Personal & Household Care,Medium,27.8,23.9,32.5,70,0.0,2.4,1012.6,32,5,2,7,1,31.0,26.14,26.14
2026-01-01,S001,P069,Conditioner,Personal & Household Care,Medium,29.2,25.0,32.0,71,0.0,8.8,1010.2,18,3,1,1,0,9.0,23.14,23.14
2026-01-02,S001,P069,Conditioner,Personal & Household Care,Medium,28.2,26.0,31.0,71,0.0,5.3,1011.5,24,4,1,2,0,18.0,23.29,23.29
2026-01-03,S001,P069,Conditioner,Personal & Household Care,Medium,28.3,25.0,32.0,76,0.0,5.5,1011.3,32,5,1,3,1,24.0,23.57,23.57
2026-01-04,S001,P069,Conditioner,Personal & Household Care,Medium,28.5,25.0,33.0,67,0.0,6.2,1011.3,22,6,1,4,1,32.0,24.0,24.0
2026-01-05,S001,P069,Conditioner,Personal & Household Care,Medium,27.8,24.0,32.0,69,0.0,4.9,1011.4,29,0,1,5,0,22.0,24.29,24.29
2026-01-06,S001,P069,Conditioner,Personal & Household Care,Medium,28.4,25.0,32.0,70,0.0,5.8,1011.8,19,1,1,6,0,29.0,23.57,23.57
2026-01-07,S001,P069,Conditioner,Personal & Household Care,Medium,28.8,25.0,32.0,64,0.0,5.5,1012.0,30,2,1,7,0,19.0,21.86,21.86
2026-01-08,S001,P069,Conditioner,Personal & Household Care,Medium,27.9,25.0,31.0,57,0.0,6.4,1012.0,12,3,1,8,0,30.0,24.86,24.86
2026-01-09,S001,P069,Conditioner,Personal & Household Care,Medium,27.5,24.0,31.0,65,0.0,5.2,1011.5,17,4,1,9,0,12.0,24.0,24.0
2026-01-10,S001,P069,Conditioner,Personal & Household Care,Medium,27.8,24.0,31.0,73,0.0,5.4,1011.0,12,5,1,10,1,17.0,23.0,23.0
2026-01-11,S001,P069,Conditioner,Personal & Household Care,Medium,28.1,25.0,32.0,76,0.0,6.2,1012.2,35,6,1,11,1,12.0,20.14,20.14
2026-01-12,S001,P069,Conditioner,Personal & Household Care,Medium,28.5,25.0,32.0,75,0.0,4.4,1013.0,26,0,1,12,0,35.0,22.0,22.0
2026-01-13,S001,P069,Conditioner,Personal & Household Care,Medium,28.5,26.0,32.0,78,0.0,4.7,1013.6,30,1,1,13,0,26.0,21.57,21.57
2026-01-14,S001,P069,Conditioner,Personal & Household Care,Medium,28.5,25.0,32.0,78,0.0,4.8,1012.7,26,2,1,14,0,30.0,23.14,23.14
2026-01-15,S001,P069,Conditioner,Personal & Household Care,Medium,28.5,26.0,31.0,77,0.0,6.4,1011.2,19,3,1,15,0,26.0,22.57,22.57
2026-01-16,S001,P069,Conditioner,Personal & Household Care,Medium,28.2,25.0,31.0,75,0.0,6.0,1011.3,10,4,1,16,0,19.0,23.57,23.57
2026-01-17,S001,P069,Conditioner,Personal & Household Care,Medium,28.3,24.0,32.0,69,0.0,6.5,1010.4,42,5,1,17,1,10.0,22.57,22.57
2026-01-18,S001,P069,Conditioner,Personal & Household Care,Medium,27.8,25.0,31.0,71,0.0,8.4,1009.8,26,6,1,18,1,42.0,26.86,26.86
2026-01-19,S001,P069,Conditioner,Personal & Household Care,Medium,28.0,25.0,31.0,72,0.0,6.9,1011.0,28,0,1,19,0,26.0,25.57,25.57
2026-01-20,S001,P069,Conditioner,Personal & Household Care,Medium,28.1,25.0,32.0,73,0.0,6.2,1010.6,26,1,1,20,0,28.0,25.86,25.86
2026-01-21,S001,P069,Conditioner,Personal & Household Care,Medium,28.0,24.0,31.0,72,0.0,6.5,1011.1,33,2,1,21,0,26.0,25.29,25.29
2026-01-22,S001,P069,Conditioner,Personal & Household Care,Medium,28.1,25.0,32.0,65,0.0,6.3,1011.9,19,3,1,22,0,33.0,26.29,26.29
2026-01-23,S001,P069,Conditioner,Personal & Household Care,Medium,27.6,23.0,32.0,69,0.0,6.0,1012.8,24,4,1,23,0,19.0,26.29,26.29
2026-01-24,S001,P069,Conditioner,Personal & Household Care,Medium,27.8,24.0,32.0,72,0.0,5.6,1013.0,19,5,1,24,1,24.0,28.29,28.29
2026-01-25,S001,P069,Conditioner,Personal & Household Care,Medium,28.6,26.0,31.0,77,0.0,6.1,1011.8,13,6,1,25,1,19.0,25.0,25.0
2026-01-26,S001,P069,Conditioner,Personal & Household Care,Medium,28.9,25.0,32.0,77,0.0,7.4,1012.6,24,0,1,26,0,13.0,23.14,23.14
2026-01-27,S001,P069,Conditioner,Personal & Household Care,Medium,29.1,26.0,32.0,76,0.0,5.5,1013.5,20,1,1,27,0,24.0,22.57,22.57
2026-01-28,S001,P069,Conditioner,Personal & Household Care,Medium,28.8,26.0,32.0,69,0.0,3.3,1012.6,24,2,1,28,0,20.0,21.71,21.71
2026-01-29,S001,P069,Conditioner,Personal & Household Care,Medium,28.3,25.0,32.7,68,0.0,2.9,1012.3,20,3,1,29,0,24.0,20.43,20.43
2026-01-30,S001,P069,Conditioner,Personal & Household Care,Medium,27.2,23.1,32.3,70,0.0,2.4,1013.2,19,4,1,30,0,20.0,20.57,20.57
2026-01-31,S001,P069,Conditioner,Personal & Household Care,Medium,27.0,22.5,32.0,70,0.0,2.4,1013.0,24,5,1,31,1,19.0,19.86,19.86
2026-02-01,S001,P069,Conditioner,Personal & Household Care,Medium,27.4,23.0,32.2,71,0.0,2.5,1012.7,26,6,2,1,1,24.0,20.57,20.57
2026-02-02,S001,P069,Conditioner,Personal & Household Care,Medium,27.8,24.1,32.3,74,0.0,2.1,1012.9,21,0,2,2,0,26.0,22.43,22.43
2026-02-03,S001,P069,Conditioner,Personal & Household Care,Medium,27.9,24.4,32.3,74,0.0,2.1,1012.5,18,1,2,3,0,21.0,22.0,22.0
2026-02-04,S001,P069,Conditioner,Personal & Household Care,Medium,27.9,24.2,32.4,72,0.0,2.2,1012.8,20,2,2,4,0,18.0,21.71,21.71
2026-02-05,S001,P069,Conditioner,Personal & Household Care,Medium,28.1,24.2,32.7,71,0.0,2.5,1012.9,11,3,2,5,0,20.0,21.14,21.14
2026-02-06,S001,P069,Conditioner,Personal & Household Care,Medium,27.9,24.0,32.5,71,0.0,2.3,1012.9,34,4,2,6,0,11.0,19.86,19.86
2026-02-07,S001,P069,Conditioner,Personal & Household Care,Medium,27.8,23.9,32.5,70,0.0,2.4,1012.6,28,5,2,7,1,34.0,22.0,22.0
2026-01-01,S001,P070,Toothpaste,Personal & Household Care,Very Low,29.2,25.0,32.0,71,0.0,8.8,1010.2,15,3,1,1,0,26.0,23.0,23.0
2026-01-02,S001,P070,Toothpaste,Personal & Household Care,Very Low,28.2,26.0,31.0,71,0.0,5.3,1011.5,12,4,1,2,0,15.0,22.71,22.71
2026-01-03,S001,P070,Toothpaste,Personal & Household Care,Very Low,28.3,25.0,32.0,76,0.0,5.5,1011.3,32,5,1,3,1,12.0,20.29,20.29
2026-01-04,S001,P070,Toothpaste,Personal & Household Care,Very Low,28.5,25.0,33.0,67,0.0,6.2,1011.3,18,6,1,4,1,32.0,22.57,22.57
2026-01-05,S001,P070,Toothpaste,Personal & Household Care,Very Low,27.8,24.0,32.0,69,0.0,4.9,1011.4,20,0,1,5,0,18.0,21.43,21.43
2026-01-06,S001,P070,Toothpaste,Personal & Household Care,Very Low,28.4,25.0,32.0,70,0.0,5.8,1011.8,27,1,1,6,0,20.0,21.71,21.71
2026-01-07,S001,P070,Toothpaste,Personal & Household Care,Very Low,28.8,25.0,32.0,64,0.0,5.5,1012.0,14,2,1,7,0,27.0,21.43,21.43
2026-01-08,S001,P070,Toothpaste,Personal & Household Care,Very Low,27.9,25.0,31.0,57,0.0,6.4,1012.0,14,3,1,8,0,14.0,19.71,19.71
2026-01-09,S001,P070,Toothpaste,Personal & Household Care,Very Low,27.5,24.0,31.0,65,0.0,5.2,1011.5,22,4,1,9,0,14.0,19.57,19.57
2026-01-10,S001,P070,Toothpaste,Personal & Household Care,Very Low,27.8,24.0,31.0,73,0.0,5.4,1011.0,36,5,1,10,1,22.0,21.0,21.0
2026-01-11,S001,P070,Toothpaste,Personal & Household Care,Very Low,28.1,25.0,32.0,76,0.0,6.2,1012.2,15,6,1,11,1,36.0,21.57,21.57
2026-01-12,S001,P070,Toothpaste,Personal & Household Care,Very Low,28.5,25.0,32.0,75,0.0,4.4,1013.0,19,0,1,12,0,15.0,21.14,21.14
2026-01-13,S001,P070,Toothpaste,Personal & Household Care,Very Low,28.5,26.0,32.0,78,0.0,4.7,1013.6,23,1,1,13,0,19.0,21.0,21.0
2026-01-14,S001,P070,Toothpaste,Personal & Household Care,Very Low,28.5,25.0,32.0,78,0.0,4.8,1012.7,27,2,1,14,0,23.0,20.43,20.43
2026-01-15,S001,P070,Toothpaste,Personal & Household Care,Very Low,28.5,26.0,31.0,77,0.0,6.4,1011.2,18,3,1,15,0,27.0,22.29,22.29
2026-01-16,S001,P070,Toothpaste,Personal & Household Care,Very Low,28.2,25.0,31.0,75,0.0,6.0,1011.3,14,4,1,16,0,18.0,22.86,22.86
2026-01-17,S001,P070,Toothpaste,Personal & Household Care,Very Low,28.3,24.0,32.0,69,0.0,6.5,1010.4,18,5,1,17,1,14.0,21.71,21.71
2026-01-18,S001,P070,Toothpaste,Personal & Household Care,Very Low,27.8,25.0,31.0,71,0.0,8.4,1009.8,31,6,1,18,1,18.0,19.14,19.14
2026-01-19,S001,P070,Toothpaste,Personal & Household Care,Very Low,28.0,25.0,31.0,72,0.0,6.9,1011.0,6,0,1,19,0,31.0,21.43,21.43
2026-01-20,S001,P070,Toothpaste,Personal & Household Care,Very Low,28.1,25.0,32.0,73,0.0,6.2,1010.6,19,1,1,20,0,6.0,19.57,19.57
2026-01-21,S001,P070,Toothpaste,Personal & Household Care,Very Low,28.0,24.0,31.0,72,0.0,6.5,1011.1,17,2,1,21,0,19.0,19.0,19.0
2026-01-22,S001,P070,Toothpaste,Personal & Household Care,Very Low,28.1,25.0,32.0,65,0.0,6.3,1011.9,26,3,1,22,0,17.0,17.57,17.57
2026-01-23,S001,P070,Toothpaste,Personal & Household Care,Very Low,27.6,23.0,32.0,69,0.0,6.0,1012.8,34,4,1,23,0,26.0,18.71,18.71
2026-01-24,S001,P070,Toothpaste,Personal & Household Care,Very Low,27.8,24.0,32.0,72,0.0,5.6,1013.0,19,5,1,24,1,34.0,21.57,21.57
2026-01-25,S001,P070,Toothpaste,Personal & Household Care,Very Low,28.6,26.0,31.0,77,0.0,6.1,1011.8,17,6,1,25,1,19.0,21.71,21.71
2026-01-26,S001,P070,Toothpaste,Personal & Household Care,Very Low,28.9,25.0,32.0,77,0.0,7.4,1012.6,13,0,1,26,0,17.0,19.71,19.71
2026-01-27,S001,P070,Toothpaste,Personal & Household Care,Very Low,29.1,26.0,32.0,76,0.0,5.5,1013.5,20,1,1,27,0,13.0,20.71,20.71
2026-01-28,S001,P070,Toothpaste,Personal & Household Care,Very Low,28.8,26.0,32.0,69,0.0,3.3,1012.6,19,2,1,28,0,20.0,20.86,20.86
2026-01-29,S001,P070,Toothpaste,Personal & Household Care,Very Low,28.3,25.0,32.7,68,0.0,2.9,1012.3,11,3,1,29,0,19.0,21.14,21.14
2026-01-30,S001,P070,Toothpaste,Personal & Household Care,Very Low,27.2,23.1,32.3,70,0.0,2.4,1013.2,31,4,1,30,0,11.0,19.0,19.0
2026-01-31,S001,P070,Toothpaste,Personal & Household Care,Very Low,27.0,22.5,32.0,70,0.0,2.4,1013.0,18,5,1,31,1,31.0,18.57,18.57
2026-02-01,S001,P070,Toothpaste,Personal & Household Care,Very Low,27.4,23.0,32.2,71,0.0,2.5,1012.7,22,6,2,1,1,18.0,18.43,18.43
2026-02-02,S001,P070,Toothpaste,Personal & Household Care,Very Low,27.8,24.1,32.3,74,0.0,2.1,1012.9,28,0,2,2,0,22.0,19.14,19.14
2026-02-03,S001,P070,Toothpaste,Personal & Household Care,Very Low,27.9,24.4,32.3,74,0.0,2.1,1012.5,31,1,2,3,0,28.0,21.29,21.29
2026-02-04,S001,P070,Toothpaste,Personal & Household Care,Very Low,27.9,24.2,32.4,72,0.0,2.2,1012.8,25,2,2,4,0,31.0,22.86,22.86
2026-02-05,S001,P070,Toothpaste,Personal & Household Care,Very Low,28.1,24.2,32.7,71,0.0,2.5,1012.9,23,3,2,5,0,25.0,23.71,23.71
2026-02-06,S001,P070,Toothpaste,Personal & Household Care,Very Low,27.9,24.0,32.5,71,0.0,2.3,1012.9,31,4,2,6,0,23.0,25.43,25.43
2026-02-07,S001,P070,Toothpaste,Personal & Household Care,Very Low,27.8,23.9,32.5,70,0.0,2.4,1012.6,25,5,2,7,1,31.0,25.43,25.43
2026-01-01,S001,P071,Detergent,Personal & Household Care,Low,29.2,25.0,32.0,71,0.0,8.8,1010.2,17,3,1,1,0,10.0,23.14,23.14
2026-01-02,S001,P071,Detergent,Personal & Household Care,Low,28.2,26.0,31.0,71,0.0,5.3,1011.5,16,4,1,2,0,17.0,22.57,22.57
2026-01-03,S001,P071,Detergent,Personal & Household Care,Low,28.3,25.0,32.0,76,0.0,5.5,1011.3,31,5,1,3,1,16.0,20.57,20.57
2026-01-04,S001,P071,Detergent,Personal & Household Care,Low,28.5,25.0,33.0,67,0.0,6.2,1011.3,18,6,1,4,1,31.0,22.43,22.43
2026-01-05,S001,P071,Detergent,Personal & Household Care,Low,27.8,24.0,32.0,69,0.0,4.9,1011.4,15,0,1,5,0,18.0,20.43,20.43
2026-01-06,S001,P071,Detergent,Personal & Household Care,Low,28.4,25.0,32.0,70,0.0,5.8,1011.8,21,1,1,6,0,15.0,20.0,20.0
2026-01-07,S001,P071,Detergent,Personal & Household Care,Low,28.8,25.0,32.0,64,0.0,5.5,1012.0,27,2,1,7,0,21.0,18.29,18.29
2026-01-08,S001,P071,Detergent,Personal & Household Care,Low,27.9,25.0,31.0,57,0.0,6.4,1012.0,14,3,1,8,0,27.0,20.71,20.71
2026-01-09,S001,P071,Detergent,Personal & Household Care,Low,27.5,24.0,31.0,65,0.0,5.2,1011.5,31,4,1,9,0,14.0,20.29,20.29
2026-01-10,S001,P071,Detergent,Personal & Household Care,Low,27.8,24.0,31.0,73,0.0,5.4,1011.0,29,5,1,10,1,31.0,22.43,22.43
2026-01-11,S001,P071,Detergent,Personal & Household Care,Low,28.1,25.0,32.0,76,0.0,6.2,1012.2,24,6,1,11,1,29.0,22.14,22.14
2026-01-12,S001,P071,Detergent,Personal & Household Care,Low,28.5,25.0,32.0,75,0.0,4.4,1013.0,32,0,1,12,0,24.0,23.0,23.0
2026-01-13,S001,P071,Detergent,Personal & Household Care,Low,28.5,26.0,32.0,78,0.0,4.7,1013.6,16,1,1,13,0,32.0,25.43,25.43
2026-01-14,S001,P071,Detergent,Personal & Household Care,Low,28.5,25.0,32.0,78,0.0,4.8,1012.7,12,2,1,14,0,16.0,24.71,24.71
2026-01-15,S001,P071,Detergent,Personal & Household Care,Low,28.5,26.0,31.0,77,0.0,6.4,1011.2,12,3,1,15,0,12.0,22.57,22.57
2026-01-16,S001,P071,Detergent,Personal & Household Care,Low,28.2,25.0,31.0,75,0.0,6.0,1011.3,18,4,1,16,0,12.0,22.29,22.29
2026-01-17,S001,P071,Detergent,Personal & Household Care,Low,28.3,24.0,32.0,69,0.0,6.5,1010.4,14,5,1,17,1,18.0,20.43,20.43
2026-01-18,S001,P071,Detergent,Personal & Household Care,Low,27.8,25.0,31.0,71,0.0,8.4,1009.8,26,6,1,18,1,14.0,18.29,18.29
2026-01-19,S001,P071,Detergent,Personal & Household Care,Low,28.0,25.0,31.0,72,0.0,6.9,1011.0,13,0,1,19,0,26.0,18.57,18.57
2026-01-20,S001,P071,Detergent,Personal & Household Care,Low,28.1,25.0,32.0,73,0.0,6.2,1010.6,12,1,1,20,0,13.0,15.86,15.86
2026-01-21,S001,P071,Detergent,Personal & Household Care,Low,28.0,24.0,31.0,72,0.0,6.5,1011.1,17,2,1,21,0,12.0,15.29,15.29
2026-01-22,S001,P071,Detergent,Personal & Household Care,Low,28.1,25.0,32.0,65,0.0,6.3,1011.9,20,3,1,22,0,17.0,16.0,16.0
2026-01-23,S001,P071,Detergent,Personal & Household Care,Low,27.6,23.0,32.0,69,0.0,6.0,1012.8,16,4,1,23,0,20.0,17.14,17.14
2026-01-24,S001,P071,Detergent,Personal & Household Care,Low,27.8,24.0,32.0,72,0.0,5.6,1013.0,32,5,1,24,1,16.0,16.86,16.86
2026-01-25,S001,P071,Detergent,Personal & Household Care,Low,28.6,26.0,31.0,77,0.0,6.1,1011.8,18,6,1,25,1,32.0,19.43,19.43
2026-01-26,S001,P071,Detergent,Personal & Household Care,Low,28.9,25.0,32.0,77,0.0,7.4,1012.6,22,0,1,26,0,18.0,18.29,18.29
2026-01-27,S001,P071,Detergent,Personal & Household Care,Low,29.1,26.0,32.0,76,0.0,5.5,1013.5,21,1,1,27,0,22.0,19.57,19.57
2026-01-28,S001,P071,Detergent,Personal & Household Care,Low,28.8,26.0,32.0,69,0.0,3.3,1012.6,10,2,1,28,0,21.0,20.86,20.86
2026-01-29,S001,P071,Detergent,Personal & Household Care,Low,28.3,25.0,32.7,68,0.0,2.9,1012.3,20,3,1,29,0,10.0,19.86,19.86
2026-01-30,S001,P071,Detergent,Personal & Household Care,Low,27.2,23.1,32.3,70,0.0,2.4,1013.2,23,4,1,30,0,20.0,19.86,19.86
2026-01-31,S001,P071,Detergent,Personal & Household Care,Low,27.0,22.5,32.0,70,0.0,2.4,1013.0,28,5,1,31,1,23.0,20.86,20.86
2026-02-01,S001,P071,Detergent,Personal & Household Care,Low,27.4,23.0,32.2,71,0.0,2.5,1012.7,21,6,2,1,1,28.0,20.29,20.29
2026-02-02,S001,P071,Detergent,Personal & Household Care,Low,27.8,24.1,32.3,74,0.0,2.1,1012.9,21,0,2,2,0,21.0,20.71,20.71
2026-02-03,S001,P071,Detergent,Personal & Household Care,Low,27.9,24.4,32.3,74,0.0,2.1,1012.5,20,1,2,3,0,21.0,20.57,20.57
2026-02-04,S001,P071,Detergent,Personal & Household Care,Low,27.9,24.2,32.4,72,0.0,2.2,1012.8,24,2,2,4,0,20.0,20.43,20.43
2026-02-05,S001,P071,Detergent,Personal & Household Care,Low,28.1,24.2,32.7,71,0.0,2.5,1012.9,27,3,2,5,0,24.0,22.43,22.43
2026-02-06,S001,P071,Detergent,Personal & Household Care,Low,27.9,24.0,32.5,71,0.0,2.3,1012.9,24,4,2,6,0,27.0,23.43,23.43
2026-02-07,S001,P071,Detergent,Personal & Household Care,Low,27.8,23.9,32.5,70,0.0,2.4,1012.6,28,5,2,7,1,24.0,23.57,23.57
2026-01-01,S001,P072,Dishwashing Liquid,Personal & Household Care,Low,29.2,25.0,32.0,71,0.0,8.8,1010.2,22,3,1,1,0,11.0,17.29,17.29
2026-01-02,S001,P072,Dishwashing Liquid,Personal & Household Care,Low,28.2,26.0,31.0,71,0.0,5.3,1011.5,16,4,1,2,0,22.0,17.0,17.0
2026-01-03,S001,P072,Dishwashing Liquid,Personal & Household Care,Low,28.3,25.0,32.0,76,0.0,5.5,1011.3,28,5,1,3,1,16.0,16.0,16.0
2026-01-04,S001,P072,Dishwashing Liquid,Personal & Household Care,Low,28.5,25.0,33.0,67,0.0,6.2,1011.3,33,6,1,4,1,28.0,18.0,18.0
2026-01-05,S001,P072,Dishwashing Liquid,Personal & Household Care,Low,27.8,24.0,32.0,69,0.0,4.9,1011.4,10,0,1,5,0,33.0,19.71,19.71
2026-01-06,S001,P072,Dishwashing Liquid,Personal & Household Care,Low,28.4,25.0,32.0,70,0.0,5.8,1011.8,21,1,1,6,0,10.0,18.57,18.57
2026-01-07,S001,P072,Dishwashing Liquid,Personal & Household Care,Low,28.8,25.0,32.0,64,0.0,5.5,1012.0,18,2,1,7,0,21.0,20.14,20.14
2026-01-08,S001,P072,Dishwashing Liquid,Personal & Household Care,Low,27.9,25.0,31.0,57,0.0,6.4,1012.0,10,3,1,8,0,18.0,21.14,21.14
2026-01-09,S001,P072,Dishwashing Liquid,Personal & Household Care,Low,27.5,24.0,31.0,65,0.0,5.2,1011.5,7,4,1,9,0,10.0,19.43,19.43
2026-01-10,S001,P072,Dishwashing Liquid,Personal & Household Care,Low,27.8,24.0,31.0,73,0.0,5.4,1011.0,35,5,1,10,1,7.0,18.14,18.14
2026-01-11,S001,P072,Dishwashing Liquid,Personal & Household Care,Low,28.1,25.0,32.0,76,0.0,6.2,1012.2,31,6,1,11,1,35.0,19.14,19.14
2026-01-12,S001,P072,Dishwashing Liquid,Personal & Household Care,Low,28.5,25.0,32.0,75,0.0,4.4,1013.0,23,0,1,12,0,31.0,18.86,18.86
2026-01-13,S001,P072,Dishwashing Liquid,Personal & Household Care,Low,28.5,26.0,32.0,78,0.0,4.7,1013.6,32,1,1,13,0,23.0,20.71,20.71
2026-01-14,S001,P072,Dishwashing Liquid,Personal & Household Care,Low,28.5,25.0,32.0,78,0.0,4.8,1012.7,21,2,1,14,0,32.0,22.29,22.29
2026-01-15,S001,P072,Dishwashing Liquid,Personal & Household Care,Low,28.5,26.0,31.0,77,0.0,6.4,1011.2,28,3,1,15,0,21.0,22.71,22.71
2026-01-16,S001,P072,Dishwashing Liquid,Personal & Household Care,Low,28.2,25.0,31.0,75,0.0,6.0,1011.3,26,4,1,16,0,28.0,25.29,25.29
2026-01-17,S001,P072,Dishwashing Liquid,Personal & Household Care,Low,28.3,24.0,32.0,69,0.0,6.5,1010.4,27,5,1,17,1,26.0,28.0,28.0
2026-01-18,S001,P072,Dishwashing Liquid,Personal & Household Care,Low,27.8,25.0,31.0,71,0.0,8.4,1009.8,23,6,1,18,1,27.0,26.86,26.86
2026-01-19,S001,P072,Dishwashing Liquid,Personal & Household Care,Low,28.0,25.0,31.0,72,0.0,6.9,1011.0,23,0,1,19,0,23.0,25.71,25.71
2026-01-20,S001,P072,Dishwashing Liquid,Personal & Household Care,Low,28.1,25.0,32.0,73,0.0,6.2,1010.6,33,1,1,20,0,23.0,25.71,25.71
2026-01-21,S001,P072,Dishwashing Liquid,Personal & Household Care,Low,28.0,24.0,31.0,72,0.0,6.5,1011.1,22,2,1,21,0,33.0,25.86,25.86
2026-01-22,S001,P072,Dishwashing Liquid,Personal & Household Care,Low,28.1,25.0,32.0,65,0.0,6.3,1011.9,15,3,1,22,0,22.0,26.0,26.0
2026-01-23,S001,P072,Dishwashing Liquid,Personal & Household Care,Low,27.6,23.0,32.0,69,0.0,6.0,1012.8,32,4,1,23,0,15.0,24.14,24.14
2026-01-24,S001,P072,Dishwashing Liquid,Personal & Household Care,Low,27.8,24.0,32.0,72,0.0,5.6,1013.0,27,5,1,24,1,32.0,25.0,25.0
2026-01-25,S001,P072,Dishwashing Liquid,Personal & Household Care,Low,28.6,26.0,31.0,77,0.0,6.1,1011.8,34,6,1,25,1,27.0,25.0,25.0
2026-01-26,S001,P072,Dishwashing Liquid,Personal & Household Care,Low,28.9,25.0,32.0,77,0.0,7.4,1012.6,17,0,1,26,0,34.0,26.57,26.57
2026-01-27,S001,P072,Dishwashing Liquid,Personal & Household Care,Low,29.1,26.0,32.0,76,0.0,5.5,1013.5,9,1,1,27,0,17.0,25.71,25.71
2026-01-28,S001,P072,Dishwashing Liquid,Personal & Household Care,Low,28.8,26.0,32.0,69,0.0,3.3,1012.6,31,2,1,28,0,9.0,22.29,22.29
2026-01-29,S001,P072,Dishwashing Liquid,Personal & Household Care,Low,28.3,25.0,32.7,68,0.0,2.9,1012.3,27,3,1,29,0,31.0,23.57,23.57
2026-01-30,S001,P072,Dishwashing Liquid,Personal & Household Care,Low,27.2,23.1,32.3,70,0.0,2.4,1013.2,32,4,1,30,0,27.0,25.29,25.29
2026-01-31,S001,P072,Dishwashing Liquid,Personal & Household Care,Low,27.0,22.5,32.0,70,0.0,2.4,1013.0,23,5,1,31,1,32.0,25.29,25.29
2026-02-01,S001,P072,Dishwashing Liquid,Personal & Household Care,Low,27.4,23.0,32.2,71,0.0,2.5,1012.7,25,6,2,1,1,23.0,24.71,24.71
2026-02-02,S001,P072,Dishwashing Liquid,Personal & Household Care,Low,27.8,24.1,32.3,74,0.0,2.1,1012.9,34,0,2,2,0,25.0,23.43,23.43
2026-02-03,S001,P072,Dishwashing Liquid,Personal & Household Care,Low,27.9,24.4,32.3,74,0.0,2.1,1012.5,9,1,2,3,0,34.0,25.86,25.86
2026-02-04,S001,P072,Dishwashing Liquid,Personal & Household Care,Low,27.9,24.2,32.4,72,0.0,2.2,1012.8,13,2,2,4,0,9.0,25.86,25.86
2026-02-05,S001,P072,Dishwashing Liquid,Personal & Household Care,Low,28.1,24.2,32.7,71,0.0,2.5,1012.9,11,3,2,5,0,13.0,23.29,23.29
2026-02-06,S001,P072,Dishwashing Liquid,Personal & Household Care,Low,27.9,24.0,32.5,71,0.0,2.3,1012.9,16,4,2,6,0,11.0,21.0,21.0
2026-02-07,S001,P072,Dishwashing Liquid,Personal & Household Care,Low,27.8,23.9,32.5,70,0.0,2.4,1012.6,16,5,2,7,1,16.0,18.71,18.71
2026-01-01,S001,P073,Floor Cleaner,Personal & Household Care,Low,29.2,25.0,32.0,71,0.0,8.8,1010.2,31,3,1,1,0,29.0,23.14,23.14
2026-01-02,S001,P073,Floor Cleaner,Personal & Household Care,Low,28.2,26.0,31.0,71,0.0,5.3,1011.5,26,4,1,2,0,31.0,23.57,23.57
2026-01-03,S001,P073,Floor Cleaner,Personal & Household Care,Low,28.3,25.0,32.0,76,0.0,5.5,1011.3,19,5,1,3,1,26.0,25.14,25.14
2026-01-04,S001,P073,Floor Cleaner,Personal & Household Care,Low,28.5,25.0,33.0,67,0.0,6.2,1011.3,22,6,1,4,1,19.0,24.43,24.43
2026-01-05,S001,P073,Floor Cleaner,Personal & Household Care,Low,27.8,24.0,32.0,69,0.0,4.9,1011.4,22,0,1,5,0,22.0,23.71,23.71
2026-01-06,S001,P073,Floor Cleaner,Personal & Household Care,Low,28.4,25.0,32.0,70,0.0,5.8,1011.8,12,1,1,6,0,22.0,22.86,22.86
2026-01-07,S001,P073,Floor Cleaner,Personal & Household Care,Low,28.8,25.0,32.0,64,0.0,5.5,1012.0,20,2,1,7,0,12.0,23.0,23.0
2026-01-08,S001,P073,Floor Cleaner,Personal & Household Care,Low,27.9,25.0,31.0,57,0.0,6.4,1012.0,11,3,1,8,0,20.0,21.71,21.71
2026-01-09,S001,P073,Floor Cleaner,Personal & Household Care,Low,27.5,24.0,31.0,65,0.0,5.2,1011.5,20,4,1,9,0,11.0,18.86,18.86
2026-01-10,S001,P073,Floor Cleaner,Personal & Household Care,Low,27.8,24.0,31.0,73,0.0,5.4,1011.0,19,5,1,10,1,20.0,18.0,18.0
2026-01-11,S001,P073,Floor Cleaner,Personal & Household Care,Low,28.1,25.0,32.0,76,0.0,6.2,1012.2,35,6,1,11,1,19.0,18.0,18.0
2026-01-12,S001,P073,Floor Cleaner,Personal & Household Care,Low,28.5,25.0,32.0,75,0.0,4.4,1013.0,22,0,1,12,0,35.0,19.86,19.86
2026-01-13,S001,P073,Floor Cleaner,Personal & Household Care,Low,28.5,26.0,32.0,78,0.0,4.7,1013.6,24,1,1,13,0,22.0,19.86,19.86
2026-01-14,S001,P073,Floor Cleaner,Personal & Household Care,Low,28.5,25.0,32.0,78,0.0,4.8,1012.7,21,2,1,14,0,24.0,21.57,21.57
2026-01-15,S001,P073,Floor Cleaner,Personal & Household Care,Low,28.5,26.0,31.0,77,0.0,6.4,1011.2,34,3,1,15,0,21.0,21.71,21.71
2026-01-16,S001,P073,Floor Cleaner,Personal & Household Care,Low,28.2,25.0,31.0,75,0.0,6.0,1011.3,29,4,1,16,0,34.0,25.0,25.0
2026-01-17,S001,P073,Floor Cleaner,Personal & Household Care,Low,28.3,24.0,32.0,69,0.0,6.5,1010.4,22,5,1,17,1,29.0,26.29,26.29
2026-01-18,S001,P073,Floor Cleaner,Personal & Household Care,Low,27.8,25.0,31.0,71,0.0,8.4,1009.8,19,6,1,18,1,22.0,26.71,26.71
2026-01-19,S001,P073,Floor Cleaner,Personal & Household Care,Low,28.0,25.0,31.0,72,0.0,6.9,1011.0,35,0,1,19,0,19.0,24.43,24.43
2026-01-20,S001,P073,Floor Cleaner,Personal & Household Care,Low,28.1,25.0,32.0,73,0.0,6.2,1010.6,31,1,1,20,0,35.0,26.29,26.29
2026-01-21,S001,P073,Floor Cleaner,Personal & Household Care,Low,28.0,24.0,31.0,72,0.0,6.5,1011.1,25,2,1,21,0,31.0,27.29,27.29
2026-01-22,S001,P073,Floor Cleaner,Personal & Household Care,Low,28.1,25.0,32.0,65,0.0,6.3,1011.9,23,3,1,22,0,25.0,27.86,27.86
2026-01-23,S001,P073,Floor Cleaner,Personal & Household Care,Low,27.6,23.0,32.0,69,0.0,6.0,1012.8,20,4,1,23,0,23.0,26.29,26.29
2026-01-24,S001,P073,Floor Cleaner,Personal & Household Care,Low,27.8,24.0,32.0,72,0.0,5.6,1013.0,28,5,1,24,1,20.0,25.0,25.0
2026-01-25,S001,P073,Floor Cleaner,Personal & Household Care,Low,28.6,26.0,31.0,77,0.0,6.1,1011.8,33,6,1,25,1,28.0,25.86,25.86
2026-01-26,S001,P073,Floor Cleaner,Personal & Household Care,Low,28.9,25.0,32.0,77,0.0,7.4,1012.6,16,0,1,26,0,33.0,27.86,27.86
2026-01-27,S001,P073,Floor Cleaner,Personal & Household Care,Low,29.1,26.0,32.0,76,0.0,5.5,1013.5,35,1,1,27,0,16.0,25.14,25.14
2026-01-28,S001,P073,Floor Cleaner,Personal & Household Care,Low,28.8,26.0,32.0,69,0.0,3.3,1012.6,10,2,1,28,0,35.0,25.71,25.71
2026-01-29,S001,P073,Floor Cleaner,Personal & Household Care,Low,28.3,25.0,32.7,68,0.0,2.9,1012.3,15,3,1,29,0,10.0,23.57,23.57
2026-01-30,S001,P073,Floor Cleaner,Personal & Household Care,Low,27.2,23.1,32.3,70,0.0,2.4,1013.2,31,4,1,30,0,15.0,22.43,22.43
2026-01-31,S001,P073,Floor Cleaner,Personal & Household Care,Low,27.0,22.5,32.0,70,0.0,2.4,1013.0,28,5,1,31,1,31.0,24.0,24.0
2026-02-01,S001,P073,Floor Cleaner,Personal & Household Care,Low,27.4,23.0,32.2,71,0.0,2.5,1012.7,29,6,2,1,1,28.0,24.0,24.0
2026-02-02,S001,P073,Floor Cleaner,Personal & Household Care,Low,27.8,24.1,32.3,74,0.0,2.1,1012.9,19,0,2,2,0,29.0,23.43,23.43
2026-02-03,S001,P073,Floor Cleaner,Personal & Household Care,Low,27.9,24.4,32.3,74,0.0,2.1,1012.5,13,1,2,3,0,19.0,23.86,23.86
2026-02-04,S001,P073,Floor Cleaner,Personal & Household Care,Low,27.9,24.2,32.4,72,0.0,2.2,1012.8,11,2,2,4,0,13.0,20.71,20.71
2026-02-05,S001,P073,Floor Cleaner,Personal & Household Care,Low,28.1,24.2,32.7,71,0.0,2.5,1012.9,15,3,2,5,0,11.0,20.86,20.86
2026-02-06,S001,P073,Floor Cleaner,Personal & Household Care,Low,27.9,24.0,32.5,71,0.0,2.3,1012.9,20,4,2,6,0,15.0,20.86,20.86
2026-02-07,S001,P073,Floor Cleaner,Personal & Household Care,Low,27.8,23.9,32.5,70,0.0,2.4,1012.6,20,5,2,7,1,20.0,19.29,19.29
2026-01-01,S001,P074,Rice,Grocery Staples,Very Low,29.2,25.0,32.0,71,0.0,8.8,1010.2,26,3,1,1,0,24.0,19.71,19.71
2026-01-02,S001,P074,Rice,Grocery Staples,Very Low,28.2,26.0,31.0,71,0.0,5.3,1011.5,15,4,1,2,0,26.0,21.57,21.57
2026-01-03,S001,P074,Rice,Grocery Staples,Very Low,28.3,25.0,32.0,76,0.0,5.5,1011.3,24,5,1,3,1,15.0,21.29,21.29
2026-01-04,S001,P074,Rice,Grocery Staples,Very Low,28.5,25.0,33.0,67,0.0,6.2,1011.3,31,6,1,4,1,24.0,21.71,21.71
2026-01-05,S001,P074,Rice,Grocery Staples,Very Low,27.8,24.0,32.0,69,0.0,4.9,1011.4,19,0,1,5,0,31.0,23.86,23.86
2026-01-06,S001,P074,Rice,Grocery Staples,Very Low,28.4,25.0,32.0,70,0.0,5.8,1011.8,25,1,1,6,0,19.0,23.14,23.14
2026-01-07,S001,P074,Rice,Grocery Staples,Very Low,28.8,25.0,32.0,64,0.0,5.5,1012.0,30,2,1,7,0,25.0,23.43,23.43
2026-01-08,S001,P074,Rice,Grocery Staples,Very Low,27.9,25.0,31.0,57,0.0,6.4,1012.0,19,3,1,8,0,30.0,24.29,24.29
2026-01-09,S001,P074,Rice,Grocery Staples,Very Low,27.5,24.0,31.0,65,0.0,5.2,1011.5,19,4,1,9,0,19.0,23.29,23.29
2026-01-10,S001,P074,Rice,Grocery Staples,Very Low,27.8,24.0,31.0,73,0.0,5.4,1011.0,32,5,1,10,1,19.0,23.86,23.86
2026-01-11,S001,P074,Rice,Grocery Staples,Very Low,28.1,25.0,32.0,76,0.0,6.2,1012.2,28,6,1,11,1,32.0,25.0,25.0
2026-01-12,S001,P074,Rice,Grocery Staples,Very Low,28.5,25.0,32.0,75,0.0,4.4,1013.0,9,0,1,12,0,28.0,24.57,24.57
2026-01-13,S001,P074,Rice,Grocery Staples,Very Low,28.5,26.0,32.0,78,0.0,4.7,1013.6,19,1,1,13,0,9.0,23.14,23.14
2026-01-14,S001,P074,Rice,Grocery Staples,Very Low,28.5,25.0,32.0,78,0.0,4.8,1012.7,30,2,1,14,0,19.0,22.29,22.29
2026-01-15,S001,P074,Rice,Grocery Staples,Very Low,28.5,26.0,31.0,77,0.0,6.4,1011.2,20,3,1,15,0,30.0,22.29,22.29
2026-01-16,S001,P074,Rice,Grocery Staples,Very Low,28.2,25.0,31.0,75,0.0,6.0,1011.3,23,4,1,16,0,20.0,22.43,22.43
2026-01-17,S001,P074,Rice,Grocery Staples,Very Low,28.3,24.0,32.0,69,0.0,6.5,1010.4,32,5,1,17,1,23.0,23.0,23.0
2026-01-18,S001,P074,Rice,Grocery Staples,Very Low,27.8,25.0,31.0,71,0.0,8.4,1009.8,27,6,1,18,1,32.0,23.0,23.0
2026-01-19,S001,P074,Rice,Grocery Staples,Very Low,28.0,25.0,31.0,72,0.0,6.9,1011.0,21,0,1,19,0,27.0,22.86,22.86
2026-01-20,S001,P074,Rice,Grocery Staples,Very Low,28.1,25.0,32.0,73,0.0,6.2,1010.6,18,1,1,20,0,21.0,24.57,24.57
2026-01-21,S001,P074,Rice,Grocery Staples,Very Low,28.0,24.0,31.0,72,0.0,6.5,1011.1,9,2,1,21,0,18.0,24.43,24.43
2026-01-22,S001,P074,Rice,Grocery Staples,Very Low,28.1,25.0,32.0,65,0.0,6.3,1011.9,29,3,1,22,0,9.0,21.43,21.43
2026-01-23,S001,P074,Rice,Grocery Staples,Very Low,27.6,23.0,32.0,69,0.0,6.0,1012.8,24,4,1,23,0,29.0,22.71,22.71
2026-01-24,S001,P074,Rice,Grocery Staples,Very Low,27.8,24.0,32.0,72,0.0,5.6,1013.0,29,5,1,24,1,24.0,22.86,22.86
2026-01-25,S001,P074,Rice,Grocery Staples,Very Low,28.6,26.0,31.0,77,0.0,6.1,1011.8,27,6,1,25,1,29.0,22.43,22.43
2026-01-26,S001,P074,Rice,Grocery Staples,Very Low,28.9,25.0,32.0,77,0.0,7.4,1012.6,26,0,1,26,0,27.0,22.43,22.43
2026-01-27,S001,P074,Rice,Grocery Staples,Very Low,29.1,26.0,32.0,76,0.0,5.5,1013.5,28,1,1,27,0,26.0,23.14,23.14
2026-01-28,S001,P074,Rice,Grocery Staples,Very Low,28.8,26.0,32.0,69,0.0,3.3,1012.6,15,2,1,28,0,28.0,24.57,24.57
2026-01-29,S001,P074,Rice,Grocery Staples,Very Low,28.3,25.0,32.7,68,0.0,2.9,1012.3,19,3,1,29,0,15.0,25.43,25.43
2026-01-30,S001,P074,Rice,Grocery Staples,Very Low,27.2,23.1,32.3,70,0.0,2.4,1013.2,19,4,1,30,0,19.0,24.0,24.0
2026-01-31,S001,P074,Rice,Grocery Staples,Very Low,27.0,22.5,32.0,70,0.0,2.4,1013.0,23,5,1,31,1,19.0,23.29,23.29
2026-02-01,S001,P074,Rice,Grocery Staples,Very Low,27.4,23.0,32.2,71,0.0,2.5,1012.7,16,6,2,1,1,23.0,22.43,22.43
2026-02-02,S001,P074,Rice,Grocery Staples,Very Low,27.8,24.1,32.3,74,0.0,2.1,1012.9,8,0,2,2,0,16.0,20.86,20.86
2026-02-03,S001,P074,Rice,Grocery Staples,Very Low,27.9,24.4,32.3,74,0.0,2.1,1012.5,29,1,2,3,0,8.0,18.29,18.29
2026-02-04,S001,P074,Rice,Grocery Staples,Very Low,27.9,24.2,32.4,72,0.0,2.2,1012.8,12,2,2,4,0,29.0,18.43,18.43
2026-02-05,S001,P074,Rice,Grocery Staples,Very Low,28.1,24.2,32.7,71,0.0,2.5,1012.9,11,3,2,5,0,12.0,18.0,18.0
2026-02-06,S001,P074,Rice,Grocery Staples,Very Low,27.9,24.0,32.5,71,0.0,2.3,1012.9,19,4,2,6,0,11.0,16.86,16.86
2026-02-07,S001,P074,Rice,Grocery Staples,Very Low,27.8,23.9,32.5,70,0.0,2.4,1012.6,22,5,2,7,1,19.0,16.86,16.86
2026-01-01,S001,P075,Wheat Flour,Grocery Staples,Very Low,29.2,25.0,32.0,71,0.0,8.8,1010.2,24,3,1,1,0,26.0,20.29,20.29
2026-01-02,S001,P075,Wheat Flour,Grocery Staples,Very Low,28.2,26.0,31.0,71,0.0,5.3,1011.5,14,4,1,2,0,24.0,22.0,22.0
2026-01-03,S001,P075,Wheat Flour,Grocery Staples,Very Low,28.3,25.0,32.0,76,0.0,5.5,1011.3,18,5,1,3,1,14.0,19.71,19.71
2026-01-04,S001,P075,Wheat Flour,Grocery Staples,Very Low,28.5,25.0,33.0,67,0.0,6.2,1011.3,36,6,1,4,1,18.0,21.0,21.0
2026-01-05,S001,P075,Wheat Flour,Grocery Staples,Very Low,27.8,24.0,32.0,69,0.0,4.9,1011.4,16,0,1,5,0,36.0,21.0,21.0
2026-01-06,S001,P075,Wheat Flour,Grocery Staples,Very Low,28.4,25.0,32.0,70,0.0,5.8,1011.8,11,1,1,6,0,16.0,21.86,21.86
2026-01-07,S001,P075,Wheat Flour,Grocery Staples,Very Low,28.8,25.0,32.0,64,0.0,5.5,1012.0,5,2,1,7,0,11.0,20.71,20.71
2026-01-08,S001,P075,Wheat Flour,Grocery Staples,Very Low,27.9,25.0,31.0,57,0.0,6.4,1012.0,10,3,1,8,0,5.0,17.71,17.71
2026-01-09,S001,P075,Wheat Flour,Grocery Staples,Very Low,27.5,24.0,31.0,65,0.0,5.2,1011.5,28,4,1,9,0,10.0,15.71,15.71
2026-01-10,S001,P075,Wheat Flour,Grocery Staples,Very Low,27.8,24.0,31.0,73,0.0,5.4,1011.0,22,5,1,10,1,28.0,17.71,17.71
2026-01-11,S001,P075,Wheat Flour,Grocery Staples,Very Low,28.1,25.0,32.0,76,0.0,6.2,1012.2,32,6,1,11,1,22.0,18.29,18.29
2026-01-12,S001,P075,Wheat Flour,Grocery Staples,Very Low,28.5,25.0,32.0,75,0.0,4.4,1013.0,10,0,1,12,0,32.0,17.71,17.71
2026-01-13,S001,P075,Wheat Flour,Grocery Staples,Very Low,28.5,26.0,32.0,78,0.0,4.7,1013.6,14,1,1,13,0,10.0,16.86,16.86
2026-01-14,S001,P075,Wheat Flour,Grocery Staples,Very Low,28.5,25.0,32.0,78,0.0,4.8,1012.7,16,2,1,14,0,14.0,17.29,17.29
2026-01-15,S001,P075,Wheat Flour,Grocery Staples,Very Low,28.5,26.0,31.0,77,0.0,6.4,1011.2,14,3,1,15,0,16.0,18.86,18.86
2026-01-16,S001,P075,Wheat Flour,Grocery Staples,Very Low,28.2,25.0,31.0,75,0.0,6.0,1011.3,6,4,1,16,0,14.0,19.43,19.43
2026-01-17,S001,P075,Wheat Flour,Grocery Staples,Very Low,28.3,24.0,32.0,69,0.0,6.5,1010.4,18,5,1,17,1,6.0,16.29,16.29
2026-01-18,S001,P075,Wheat Flour,Grocery Staples,Very Low,27.8,25.0,31.0,71,0.0,8.4,1009.8,13,6,1,18,1,18.0,15.71,15.71
2026-01-19,S001,P075,Wheat Flour,Grocery Staples,Very Low,28.0,25.0,31.0,72,0.0,6.9,1011.0,30,0,1,19,0,13.0,13.0,13.0
2026-01-20,S001,P075,Wheat Flour,Grocery Staples,Very Low,28.1,25.0,32.0,73,0.0,6.2,1010.6,24,1,1,20,0,30.0,15.86,15.86
2026-01-21,S001,P075,Wheat Flour,Grocery Staples,Very Low,28.0,24.0,31.0,72,0.0,6.5,1011.1,11,2,1,21,0,24.0,17.29,17.29
2026-01-22,S001,P075,Wheat Flour,Grocery Staples,Very Low,28.1,25.0,32.0,65,0.0,6.3,1011.9,26,3,1,22,0,11.0,16.57,16.57
2026-01-23,S001,P075,Wheat Flour,Grocery Staples,Very Low,27.6,23.0,32.0,69,0.0,6.0,1012.8,13,4,1,23,0,26.0,18.29,18.29
2026-01-24,S001,P075,Wheat Flour,Grocery Staples,Very Low,27.8,24.0,32.0,72,0.0,5.6,1013.0,15,5,1,24,1,13.0,19.29,19.29
2026-01-25,S001,P075,Wheat Flour,Grocery Staples,Very Low,28.6,26.0,31.0,77,0.0,6.1,1011.8,12,6,1,25,1,15.0,18.86,18.86
2026-01-26,S001,P075,Wheat Flour,Grocery Staples,Very Low,28.9,25.0,32.0,77,0.0,7.4,1012.6,19,0,1,26,0,12.0,18.71,18.71
2026-01-27,S001,P075,Wheat Flour,Grocery Staples,Very Low,29.1,26.0,32.0,76,0.0,5.5,1013.5,25,1,1,27,0,19.0,17.14,17.14
2026-01-28,S001,P075,Wheat Flour,Grocery Staples,Very Low,28.8,26.0,32.0,69,0.0,3.3,1012.6,14,2,1,28,0,25.0,17.29,17.29
2026-01-29,S001,P075,Wheat Flour,Grocery Staples,Very Low,28.3,25.0,32.7,68,0.0,2.9,1012.3,19,3,1,29,0,14.0,17.71,17.71
2026-01-30,S001,P075,Wheat Flour,Grocery Staples,Very Low,27.2,23.1,32.3,70,0.0,2.4,1013.2,16,4,1,30,0,19.0,16.71,16.71
2026-01-31,S001,P075,Wheat Flour,Grocery Staples,Very Low,27.0,22.5,32.0,70,0.0,2.4,1013.0,26,5,1,31,1,16.0,17.14,17.14
2026-02-01,S001,P075,Wheat Flour,Grocery Staples,Very Low,27.4,23.0,32.2,71,0.0,2.5,1012.7,17,6,2,1,1,26.0,18.71,18.71
2026-02-02,S001,P075,Wheat Flour,Grocery Staples,Very Low,27.8,24.1,32.3,74,0.0,2.1,1012.9,24,0,2,2,0,17.0,19.43,19.43
2026-02-03,S001,P075,Wheat Flour,Grocery Staples,Very Low,27.9,24.4,32.3,74,0.0,2.1,1012.5,28,1,2,3,0,24.0,20.14,20.14
2026-02-04,S001,P075,Wheat Flour,Grocery Staples,Very Low,27.9,24.2,32.4,72,0.0,2.2,1012.8,29,2,2,4,0,28.0,20.57,20.57
2026-02-05,S001,P075,Wheat Flour,Grocery Staples,Very Low,28.1,24.2,32.7,71,0.0,2.5,1012.9,21,3,2,5,0,29.0,22.71,22.71
2026-02-06,S001,P075,Wheat Flour,Grocery Staples,Very Low,27.9,24.0,32.5,71,0.0,2.3,1012.9,17,4,2,6,0,21.0,23.0,23.0
2026-02-07,S001,P075,Wheat Flour,Grocery Staples,Very Low,27.8,23.9,32.5,70,0.0,2.4,1012.6,21,5,2,7,1,17.0,23.14,23.14
2026-01-01,S001,P076,Sugar,Grocery Staples,Very Low,29.2,25.0,32.0,71,0.0,8.8,1010.2,34,3,1,1,0,6.0,19.57,19.57
2026-01-02,S001,P076,Sugar,Grocery Staples,Very Low,28.2,26.0,31.0,71,0.0,5.3,1011.5,24,4,1,2,0,34.0,20.71,20.71
2026-01-03,S001,P076,Sugar,Grocery Staples,Very Low,28.3,25.0,32.0,76,0.0,5.5,1011.3,31,5,1,3,1,24.0,21.0,21.0
2026-01-04,S001,P076,Sugar,Grocery Staples,Very Low,28.5,25.0,33.0,67,0.0,6.2,1011.3,24,6,1,4,1,31.0,23.43,23.43
2026-01-05,S001,P076,Sugar,Grocery Staples,Very Low,27.8,24.0,32.0,69,0.0,4.9,1011.4,22,0,1,5,0,24.0,22.71,22.71
2026-01-06,S001,P076,Sugar,Grocery Staples,Very Low,28.4,25.0,32.0,70,0.0,5.8,1011.8,15,1,1,6,0,22.0,22.71,22.71
2026-01-07,S001,P076,Sugar,Grocery Staples,Very Low,28.8,25.0,32.0,64,0.0,5.5,1012.0,19,2,1,7,0,15.0,22.29,22.29
2026-01-08,S001,P076,Sugar,Grocery Staples,Very Low,27.9,25.0,31.0,57,0.0,6.4,1012.0,11,3,1,8,0,19.0,24.14,24.14
2026-01-09,S001,P076,Sugar,Grocery Staples,Very Low,27.5,24.0,31.0,65,0.0,5.2,1011.5,9,4,1,9,0,11.0,20.86,20.86
2026-01-10,S001,P076,Sugar,Grocery Staples,Very Low,27.8,24.0,31.0,73,0.0,5.4,1011.0,12,5,1,10,1,9.0,18.71,18.71
2026-01-11,S001,P076,Sugar,Grocery Staples,Very Low,28.1,25.0,32.0,76,0.0,6.2,1012.2,20,6,1,11,1,12.0,16.0,16.0
2026-01-12,S001,P076,Sugar,Grocery Staples,Very Low,28.5,25.0,32.0,75,0.0,4.4,1013.0,17,0,1,12,0,20.0,15.43,15.43
2026-01-13,S001,P076,Sugar,Grocery Staples,Very Low,28.5,26.0,32.0,78,0.0,4.7,1013.6,26,1,1,13,0,17.0,14.71,14.71
2026-01-14,S001,P076,Sugar,Grocery Staples,Very Low,28.5,25.0,32.0,78,0.0,4.8,1012.7,14,2,1,14,0,26.0,16.29,16.29
2026-01-15,S001,P076,Sugar,Grocery Staples,Very Low,28.5,26.0,31.0,77,0.0,6.4,1011.2,28,3,1,15,0,14.0,15.57,15.57
2026-01-16,S001,P076,Sugar,Grocery Staples,Very Low,28.2,25.0,31.0,75,0.0,6.0,1011.3,16,4,1,16,0,28.0,18.0,18.0
2026-01-17,S001,P076,Sugar,Grocery Staples,Very Low,28.3,24.0,32.0,69,0.0,6.5,1010.4,19,5,1,17,1,16.0,19.0,19.0
2026-01-18,S001,P076,Sugar,Grocery Staples,Very Low,27.8,25.0,31.0,71,0.0,8.4,1009.8,29,6,1,18,1,19.0,20.0,20.0
2026-01-19,S001,P076,Sugar,Grocery Staples,Very Low,28.0,25.0,31.0,72,0.0,6.9,1011.0,25,0,1,19,0,29.0,21.29,21.29
2026-01-20,S001,P076,Sugar,Grocery Staples,Very Low,28.1,25.0,32.0,73,0.0,6.2,1010.6,6,1,1,20,0,25.0,22.43,22.43
2026-01-21,S001,P076,Sugar,Grocery Staples,Very Low,28.0,24.0,31.0,72,0.0,6.5,1011.1,21,2,1,21,0,6.0,19.57,19.57
2026-01-22,S001,P076,Sugar,Grocery Staples,Very Low,28.1,25.0,32.0,65,0.0,6.3,1011.9,15,3,1,22,0,21.0,20.57,20.57
2026-01-23,S001,P076,Sugar,Grocery Staples,Very Low,27.6,23.0,32.0,69,0.0,6.0,1012.8,21,4,1,23,0,15.0,18.71,18.71
2026-01-24,S001,P076,Sugar,Grocery Staples,Very Low,27.8,24.0,32.0,72,0.0,5.6,1013.0,40,5,1,24,1,21.0,19.43,19.43
2026-01-25,S001,P076,Sugar,Grocery Staples,Very Low,28.6,26.0,31.0,77,0.0,6.1,1011.8,28,6,1,25,1,40.0,22.43,22.43
2026-01-26,S001,P076,Sugar,Grocery Staples,Very Low,28.9,25.0,32.0,77,0.0,7.4,1012.6,21,0,1,26,0,28.0,22.29,22.29
2026-01-27,S001,P076,Sugar,Grocery Staples,Very Low,29.1,26.0,32.0,76,0.0,5.5,1013.5,15,1,1,27,0,21.0,21.71,21.71
2026-01-28,S001,P076,Sugar,Grocery Staples,Very Low,28.8,26.0,32.0,69,0.0,3.3,1012.6,26,2,1,28,0,15.0,23.0,23.0
2026-01-29,S001,P076,Sugar,Grocery Staples,Very Low,28.3,25.0,32.7,68,0.0,2.9,1012.3,10,3,1,29,0,26.0,23.71,23.71
2026-01-30,S001,P076,Sugar,Grocery Staples,Very Low,27.2,23.1,32.3,70,0.0,2.4,1013.2,21,4,1,30,0,10.0,23.0,23.0
2026-01-31,S001,P076,Sugar,Grocery Staples,Very Low,27.0,22.5,32.0,70,0.0,2.4,1013.0,38,5,1,31,1,21.0,23.0,23.0
2026-02-01,S001,P076,Sugar,Grocery Staples,Very Low,27.4,23.0,32.2,71,0.0,2.5,1012.7,28,6,2,1,1,38.0,22.71,22.71
2026-02-02,S001,P076,Sugar,Grocery Staples,Very Low,27.8,24.1,32.3,74,0.0,2.1,1012.9,20,0,2,2,0,28.0,22.71,22.71
2026-02-03,S001,P076,Sugar,Grocery Staples,Very Low,27.9,24.4,32.3,74,0.0,2.1,1012.5,13,1,2,3,0,20.0,22.57,22.57
2026-02-04,S001,P076,Sugar,Grocery Staples,Very Low,27.9,24.2,32.4,72,0.0,2.2,1012.8,13,2,2,4,0,13.0,22.29,22.29
2026-02-05,S001,P076,Sugar,Grocery Staples,Very Low,28.1,24.2,32.7,71,0.0,2.5,1012.9,10,3,2,5,0,13.0,20.43,20.43
2026-02-06,S001,P076,Sugar,Grocery Staples,Very Low,27.9,24.0,32.5,71,0.0,2.3,1012.9,14,4,2,6,0,10.0,20.43,20.43
2026-02-07,S001,P076,Sugar,Grocery Staples,Very Low,27.8,23.9,32.5,70,0.0,2.4,1012.6,15,5,2,7,1,14.0,19.43,19.43
2026-01-01,S001,P077,Salt,Grocery Staples,Very Low,29.2,25.0,32.0,71,0.0,8.8,1010.2,9,3,1,1,0,21.0,25.43,25.43
2026-01-02,S001,P077,Salt,Grocery Staples,Very Low,28.2,26.0,31.0,71,0.0,5.3,1011.5,11,4,1,2,0,9.0,23.71,23.71
2026-01-03,S001,P077,Salt,Grocery Staples,Very Low,28.3,25.0,32.0,76,0.0,5.5,1011.3,16,5,1,3,1,11.0,20.71,20.71
2026-01-04,S001,P077,Salt,Grocery Staples,Very Low,28.5,25.0,33.0,67,0.0,6.2,1011.3,26,6,1,4,1,16.0,18.71,18.71
2026-01-05,S001,P077,Salt,Grocery Staples,Very Low,27.8,24.0,32.0,69,0.0,4.9,1011.4,15,0,1,5,0,26.0,18.43,18.43
2026-01-06,S001,P077,Salt,Grocery Staples,Very Low,28.4,25.0,32.0,70,0.0,5.8,1011.8,22,1,1,6,0,15.0,18.0,18.0
2026-01-07,S001,P077,Salt,Grocery Staples,Very Low,28.8,25.0,32.0,64,0.0,5.5,1012.0,13,2,1,7,0,22.0,17.14,17.14
2026-01-08,S001,P077,Salt,Grocery Staples,Very Low,27.9,25.0,31.0,57,0.0,6.4,1012.0,27,3,1,8,0,13.0,16.0,16.0
2026-01-09,S001,P077,Salt,Grocery Staples,Very Low,27.5,24.0,31.0,65,0.0,5.2,1011.5,7,4,1,9,0,27.0,18.57,18.57
2026-01-10,S001,P077,Salt,Grocery Staples,Very Low,27.8,24.0,31.0,73,0.0,5.4,1011.0,33,5,1,10,1,7.0,18.0,18.0
2026-01-11,S001,P077,Salt,Grocery Staples,Very Low,28.1,25.0,32.0,76,0.0,6.2,1012.2,27,6,1,11,1,33.0,20.43,20.43
2026-01-12,S001,P077,Salt,Grocery Staples,Very Low,28.5,25.0,32.0,75,0.0,4.4,1013.0,19,0,1,12,0,27.0,20.57,20.57
2026-01-13,S001,P077,Salt,Grocery Staples,Very Low,28.5,26.0,32.0,78,0.0,4.7,1013.6,28,1,1,13,0,19.0,21.14,21.14
2026-01-14,S001,P077,Salt,Grocery Staples,Very Low,28.5,25.0,32.0,78,0.0,4.8,1012.7,14,2,1,14,0,28.0,22.0,22.0
2026-01-15,S001,P077,Salt,Grocery Staples,Very Low,28.5,26.0,31.0,77,0.0,6.4,1011.2,15,3,1,15,0,14.0,22.14,22.14
2026-01-16,S001,P077,Salt,Grocery Staples,Very Low,28.2,25.0,31.0,75,0.0,6.0,1011.3,23,4,1,16,0,15.0,20.43,20.43
2026-01-17,S001,P077,Salt,Grocery Staples,Very Low,28.3,24.0,32.0,69,0.0,6.5,1010.4,14,5,1,17,1,23.0,22.71,22.71
2026-01-18,S001,P077,Salt,Grocery Staples,Very Low,27.8,25.0,31.0,71,0.0,8.4,1009.8,36,6,1,18,1,14.0,20.0,20.0
2026-01-19,S001,P077,Salt,Grocery Staples,Very Low,28.0,25.0,31.0,72,0.0,6.9,1011.0,19,0,1,19,0,36.0,21.29,21.29
2026-01-20,S001,P077,Salt,Grocery Staples,Very Low,28.1,25.0,32.0,73,0.0,6.2,1010.6,24,1,1,20,0,19.0,21.29,21.29
2026-01-21,S001,P077,Salt,Grocery Staples,Very Low,28.0,24.0,31.0,72,0.0,6.5,1011.1,14,2,1,21,0,24.0,20.71,20.71
2026-01-22,S001,P077,Salt,Grocery Staples,Very Low,28.1,25.0,32.0,65,0.0,6.3,1011.9,26,3,1,22,0,14.0,20.71,20.71
2026-01-23,S001,P077,Salt,Grocery Staples,Very Low,27.6,23.0,32.0,69,0.0,6.0,1012.8,18,4,1,23,0,26.0,22.29,22.29
2026-01-24,S001,P077,Salt,Grocery Staples,Very Low,27.8,24.0,32.0,72,0.0,5.6,1013.0,17,5,1,24,1,18.0,21.57,21.57
2026-01-25,S001,P077,Salt,Grocery Staples,Very Low,28.6,26.0,31.0,77,0.0,6.1,1011.8,23,6,1,25,1,17.0,22.0,22.0
2026-01-26,S001,P077,Salt,Grocery Staples,Very Low,28.9,25.0,32.0,77,0.0,7.4,1012.6,23,0,1,26,0,23.0,20.14,20.14
2026-01-27,S001,P077,Salt,Grocery Staples,Very Low,29.1,26.0,32.0,76,0.0,5.5,1013.5,11,1,1,27,0,23.0,20.71,20.71
2026-01-28,S001,P077,Salt,Grocery Staples,Very Low,28.8,26.0,32.0,69,0.0,3.3,1012.6,22,2,1,28,0,11.0,18.86,18.86
2026-01-29,S001,P077,Salt,Grocery Staples,Very Low,28.3,25.0,32.7,68,0.0,2.9,1012.3,20,3,1,29,0,22.0,20.0,20.0
2026-01-30,S001,P077,Salt,Grocery Staples,Very Low,27.2,23.1,32.3,70,0.0,2.4,1013.2,14,4,1,30,0,20.0,19.14,19.14
2026-01-31,S001,P077,Salt,Grocery Staples,Very Low,27.0,22.5,32.0,70,0.0,2.4,1013.0,29,5,1,31,1,14.0,18.57,18.57
2026-02-01,S001,P077,Salt,Grocery Staples,Very Low,27.4,23.0,32.2,71,0.0,2.5,1012.7,13,6,2,1,1,29.0,20.29,20.29
2026-02-02,S001,P077,Salt,Grocery Staples,Very Low,27.8,24.1,32.3,74,0.0,2.1,1012.9,26,0,2,2,0,13.0,18.86,18.86
2026-02-03,S001,P077,Salt,Grocery Staples,Very Low,27.9,24.4,32.3,74,0.0,2.1,1012.5,14,1,2,3,0,26.0,19.29,19.29
2026-02-04,S001,P077,Salt,Grocery Staples,Very Low,27.9,24.2,32.4,72,0.0,2.2,1012.8,19,2,2,4,0,14.0,19.71,19.71
2026-02-05,S001,P077,Salt,Grocery Staples,Very Low,28.1,24.2,32.7,71,0.0,2.5,1012.9,14,3,2,5,0,19.0,19.29,19.29
2026-02-06,S001,P077,Salt,Grocery Staples,Very Low,27.9,24.0,32.5,71,0.0,2.3,1012.9,31,4,2,6,0,14.0,18.43,18.43
2026-02-07,S001,P077,Salt,Grocery Staples,Very Low,27.8,23.9,32.5,70,0.0,2.4,1012.6,14,5,2,7,1,31.0,20.86,20.86
2026-01-01,S001,P078,Cooking Oil,Grocery Staples,Very Low,29.2,25.0,32.0,71,0.0,8.8,1010.2,23,3,1,1,0,12.0,19.0,19.0
2026-01-02,S001,P078,Cooking Oil,Grocery Staples,Very Low,28.2,26.0,31.0,71,0.0,5.3,1011.5,29,4,1,2,0,23.0,19.0,19.0
2026-01-03,S001,P078,Cooking Oil,Grocery Staples,Very Low,28.3,25.0,32.0,76,0.0,5.5,1011.3,14,5,1,3,1,29.0,20.71,20.71
2026-01-04,S001,P078,Cooking Oil,Grocery Staples,Very Low,28.5,25.0,33.0,67,0.0,6.2,1011.3,14,6,1,4,1,14.0,20.14,20.14
2026-01-05,S001,P078,Cooking Oil,Grocery Staples,Very Low,27.8,24.0,32.0,69,0.0,4.9,1011.4,15,0,1,5,0,14.0,20.57,20.57
2026-01-06,S001,P078,Cooking Oil,Grocery Staples,Very Low,28.4,25.0,32.0,70,0.0,5.8,1011.8,27,1,1,6,0,15.0,19.0,19.0
2026-01-07,S001,P078,Cooking Oil,Grocery Staples,Very Low,28.8,25.0,32.0,64,0.0,5.5,1012.0,20,2,1,7,0,27.0,19.14,19.14
2026-01-08,S001,P078,Cooking Oil,Grocery Staples,Very Low,27.9,25.0,31.0,57,0.0,6.4,1012.0,26,3,1,8,0,20.0,20.29,20.29
2026-01-09,S001,P078,Cooking Oil,Grocery Staples,Very Low,27.5,24.0,31.0,65,0.0,5.2,1011.5,20,4,1,9,0,26.0,20.71,20.71
2026-01-10,S001,P078,Cooking Oil,Grocery Staples,Very Low,27.8,24.0,31.0,73,0.0,5.4,1011.0,23,5,1,10,1,20.0,19.43,19.43
2026-01-11,S001,P078,Cooking Oil,Grocery Staples,Very Low,28.1,25.0,32.0,76,0.0,6.2,1012.2,27,6,1,11,1,23.0,20.71,20.71
2026-01-12,S001,P078,Cooking Oil,Grocery Staples,Very Low,28.5,25.0,32.0,75,0.0,4.4,1013.0,14,0,1,12,0,27.0,22.57,22.57
2026-01-13,S001,P078,Cooking Oil,Grocery Staples,Very Low,28.5,26.0,32.0,78,0.0,4.7,1013.6,19,1,1,13,0,14.0,22.43,22.43
2026-01-14,S001,P078,Cooking Oil,Grocery Staples,Very Low,28.5,25.0,32.0,78,0.0,4.8,1012.7,16,2,1,14,0,19.0,21.29,21.29
2026-01-15,S001,P078,Cooking Oil,Grocery Staples,Very Low,28.5,26.0,31.0,77,0.0,6.4,1011.2,25,3,1,15,0,16.0,20.71,20.71
2026-01-16,S001,P078,Cooking Oil,Grocery Staples,Very Low,28.2,25.0,31.0,75,0.0,6.0,1011.3,14,4,1,16,0,25.0,20.57,20.57
2026-01-17,S001,P078,Cooking Oil,Grocery Staples,Very Low,28.3,24.0,32.0,69,0.0,6.5,1010.4,24,5,1,17,1,14.0,19.71,19.71
2026-01-18,S001,P078,Cooking Oil,Grocery Staples,Very Low,27.8,25.0,31.0,71,0.0,8.4,1009.8,22,6,1,18,1,24.0,19.86,19.86
2026-01-19,S001,P078,Cooking Oil,Grocery Staples,Very Low,28.0,25.0,31.0,72,0.0,6.9,1011.0,21,0,1,19,0,22.0,19.14,19.14
2026-01-20,S001,P078,Cooking Oil,Grocery Staples,Very Low,28.1,25.0,32.0,73,0.0,6.2,1010.6,17,1,1,20,0,21.0,20.14,20.14
2026-01-21,S001,P078,Cooking Oil,Grocery Staples,Very Low,28.0,24.0,31.0,72,0.0,6.5,1011.1,21,2,1,21,0,17.0,19.86,19.86
2026-01-22,S001,P078,Cooking Oil,Grocery Staples,Very Low,28.1,25.0,32.0,65,0.0,6.3,1011.9,26,3,1,22,0,21.0,20.57,20.57
2026-01-23,S001,P078,Cooking Oil,Grocery Staples,Very Low,27.6,23.0,32.0,69,0.0,6.0,1012.8,29,4,1,23,0,26.0,20.71,20.71
2026-01-24,S001,P078,Cooking Oil,Grocery Staples,Very Low,27.8,24.0,32.0,72,0.0,5.6,1013.0,33,5,1,24,1,29.0,22.86,22.86
2026-01-25,S001,P078,Cooking Oil,Grocery Staples,Very Low,28.6,26.0,31.0,77,0.0,6.1,1011.8,29,6,1,25,1,33.0,24.14,24.14
2026-01-26,S001,P078,Cooking Oil,Grocery Staples,Very Low,28.9,25.0,32.0,77,0.0,7.4,1012.6,15,0,1,26,0,29.0,25.14,25.14
2026-01-27,S001,P078,Cooking Oil,Grocery Staples,Very Low,29.1,26.0,32.0,76,0.0,5.5,1013.5,21,1,1,27,0,15.0,24.29,24.29
2026-01-28,S001,P078,Cooking Oil,Grocery Staples,Very Low,28.8,26.0,32.0,69,0.0,3.3,1012.6,12,2,1,28,0,21.0,24.86,24.86
2026-01-29,S001,P078,Cooking Oil,Grocery Staples,Very Low,28.3,25.0,32.7,68,0.0,2.9,1012.3,9,3,1,29,0,12.0,23.57,23.57
2026-01-30,S001,P078,Cooking Oil,Grocery Staples,Very Low,27.2,23.1,32.3,70,0.0,2.4,1013.2,24,4,1,30,0,9.0,21.14,21.14
2026-01-31,S001,P078,Cooking Oil,Grocery Staples,Very Low,27.0,22.5,32.0,70,0.0,2.4,1013.0,12,5,1,31,1,24.0,20.43,20.43
2026-02-01,S001,P078,Cooking Oil,Grocery Staples,Very Low,27.4,23.0,32.2,71,0.0,2.5,1012.7,12,6,2,1,1,12.0,17.43,17.43
2026-02-02,S001,P078,Cooking Oil,Grocery Staples,Very Low,27.8,24.1,32.3,74,0.0,2.1,1012.9,29,0,2,2,0,12.0,15.0,15.0
2026-02-03,S001,P078,Cooking Oil,Grocery Staples,Very Low,27.9,24.4,32.3,74,0.0,2.1,1012.5,27,1,2,3,0,29.0,17.0,17.0
2026-02-04,S001,P078,Cooking Oil,Grocery Staples,Very Low,27.9,24.2,32.4,72,0.0,2.2,1012.8,24,2,2,4,0,27.0,17.86,17.86
2026-02-05,S001,P078,Cooking Oil,Grocery Staples,Very Low,28.1,24.2,32.7,71,0.0,2.5,1012.9,31,3,2,5,0,24.0,19.57,19.57
2026-02-06,S001,P078,Cooking Oil,Grocery Staples,Very Low,27.9,24.0,32.5,71,0.0,2.3,1012.9,20,4,2,6,0,31.0,22.71,22.71
2026-02-07,S001,P078,Cooking Oil,Grocery Staples,Very Low,27.8,23.9,32.5,70,0.0,2.4,1012.6,34,5,2,7,1,20.0,22.14,22.14
2026-01-01,S001,P079,Atta,Grocery Staples,Very Low,29.2,25.0,32.0,71,0.0,8.8,1010.2,6,3,1,1,0,9.0,19.86,19.86
2026-01-02,S001,P079,Atta,Grocery Staples,Very Low,28.2,26.0,31.0,71,0.0,5.3,1011.5,27,4,1,2,0,6.0,17.86,17.86
2026-01-03,S001,P079,Atta,Grocery Staples,Very Low,28.3,25.0,32.0,76,0.0,5.5,1011.3,33,5,1,3,1,27.0,19.14,19.14
2026-01-04,S001,P079,Atta,Grocery Staples,Very Low,28.5,25.0,33.0,67,0.0,6.2,1011.3,15,6,1,4,1,33.0,19.71,19.71
2026-01-05,S001,P079,Atta,Grocery Staples,Very Low,27.8,24.0,32.0,69,0.0,4.9,1011.4,13,0,1,5,0,15.0,18.43,18.43
2026-01-06,S001,P079,Atta,Grocery Staples,Very Low,28.4,25.0,32.0,70,0.0,5.8,1011.8,9,1,1,6,0,13.0,16.86,16.86
2026-01-07,S001,P079,Atta,Grocery Staples,Very Low,28.8,25.0,32.0,64,0.0,5.5,1012.0,7,2,1,7,0,9.0,16.0,16.0
2026-01-08,S001,P079,Atta,Grocery Staples,Very Low,27.9,25.0,31.0,57,0.0,6.4,1012.0,26,3,1,8,0,7.0,15.71,15.71
2026-01-09,S001,P079,Atta,Grocery Staples,Very Low,27.5,24.0,31.0,65,0.0,5.2,1011.5,34,4,1,9,0,26.0,18.57,18.57
2026-01-10,S001,P079,Atta,Grocery Staples,Very Low,27.8,24.0,31.0,73,0.0,5.4,1011.0,35,5,1,10,1,34.0,19.57,19.57
2026-01-11,S001,P079,Atta,Grocery Staples,Very Low,28.1,25.0,32.0,76,0.0,6.2,1012.2,15,6,1,11,1,35.0,19.86,19.86
2026-01-12,S001,P079,Atta,Grocery Staples,Very Low,28.5,25.0,32.0,75,0.0,4.4,1013.0,10,0,1,12,0,15.0,19.86,19.86
2026-01-13,S001,P079,Atta,Grocery Staples,Very Low,28.5,26.0,32.0,78,0.0,4.7,1013.6,20,1,1,13,0,10.0,19.43,19.43
2026-01-14,S001,P079,Atta,Grocery Staples,Very Low,28.5,25.0,32.0,78,0.0,4.8,1012.7,17,2,1,14,0,20.0,21.0,21.0
2026-01-15,S001,P079,Atta,Grocery Staples,Very Low,28.5,26.0,31.0,77,0.0,6.4,1011.2,30,3,1,15,0,17.0,22.43,22.43
2026-01-16,S001,P079,Atta,Grocery Staples,Very Low,28.2,25.0,31.0,75,0.0,6.0,1011.3,25,4,1,16,0,30.0,23.0,23.0
2026-01-17,S001,P079,Atta,Grocery Staples,Very Low,28.3,24.0,32.0,69,0.0,6.5,1010.4,20,5,1,17,1,25.0,21.71,21.71
2026-01-18,S001,P079,Atta,Grocery Staples,Very Low,27.8,25.0,31.0,71,0.0,8.4,1009.8,33,6,1,18,1,20.0,19.57,19.57
2026-01-19,S001,P079,Atta,Grocery Staples,Very Low,28.0,25.0,31.0,72,0.0,6.9,1011.0,15,0,1,19,0,33.0,22.14,22.14
2026-01-20,S001,P079,Atta,Grocery Staples,Very Low,28.1,25.0,32.0,73,0.0,6.2,1010.6,24,1,1,20,0,15.0,22.86,22.86
2026-01-21,S001,P079,Atta,Grocery Staples,Very Low,28.0,24.0,31.0,72,0.0,6.5,1011.1,33,2,1,21,0,24.0,23.43,23.43
2026-01-22,S001,P079,Atta,Grocery Staples,Very Low,28.1,25.0,32.0,65,0.0,6.3,1011.9,13,3,1,22,0,33.0,25.71,25.71
2026-01-23,S001,P079,Atta,Grocery Staples,Very Low,27.6,23.0,32.0,69,0.0,6.0,1012.8,14,4,1,23,0,13.0,23.29,23.29
2026-01-24,S001,P079,Atta,Grocery Staples,Very Low,27.8,24.0,32.0,72,0.0,5.6,1013.0,15,5,1,24,1,14.0,21.71,21.71
2026-01-25,S001,P079,Atta,Grocery Staples,Very Low,28.6,26.0,31.0,77,0.0,6.1,1011.8,28,6,1,25,1,15.0,21.0,21.0
2026-01-26,S001,P079,Atta,Grocery Staples,Very Low,28.9,25.0,32.0,77,0.0,7.4,1012.6,16,0,1,26,0,28.0,20.29,20.29
2026-01-27,S001,P079,Atta,Grocery Staples,Very Low,29.1,26.0,32.0,76,0.0,5.5,1013.5,32,1,1,27,0,16.0,20.43,20.43
2026-01-28,S001,P079,Atta,Grocery Staples,Very Low,28.8,26.0,32.0,69,0.0,3.3,1012.6,29,2,1,28,0,32.0,21.57,21.57
2026-01-29,S001,P079,Atta,Grocery Staples,Very Low,28.3,25.0,32.7,68,0.0,2.9,1012.3,6,3,1,29,0,29.0,21.0,21.0
2026-01-30,S001,P079,Atta,Grocery Staples,Very Low,27.2,23.1,32.3,70,0.0,2.4,1013.2,20,4,1,30,0,6.0,20.0,20.0
2026-01-31,S001,P079,Atta,Grocery Staples,Very Low,27.0,22.5,32.0,70,0.0,2.4,1013.0,26,5,1,31,1,20.0,20.86,20.86
2026-02-01,S001,P079,Atta,Grocery Staples,Very Low,27.4,23.0,32.2,71,0.0,2.5,1012.7,17,6,2,1,1,26.0,22.43,22.43
2026-02-02,S001,P079,Atta,Grocery Staples,Very Low,27.8,24.1,32.3,74,0.0,2.1,1012.9,28,0,2,2,0,17.0,20.86,20.86
2026-02-03,S001,P079,Atta,Grocery Staples,Very Low,27.9,24.4,32.3,74,0.0,2.1,1012.5,24,1,2,3,0,28.0,22.57,22.57
2026-02-04,S001,P079,Atta,Grocery Staples,Very Low,27.9,24.2,32.4,72,0.0,2.2,1012.8,27,2,2,4,0,24.0,21.43,21.43
2026-02-05,S001,P079,Atta,Grocery Staples,Very Low,28.1,24.2,32.7,71,0.0,2.5,1012.9,19,3,2,5,0,27.0,21.14,21.14
2026-02-06,S001,P079,Atta,Grocery Staples,Very Low,27.9,24.0,32.5,71,0.0,2.3,1012.9,18,4,2,6,0,19.0,23.0,23.0
2026-02-07,S001,P079,Atta,Grocery Staples,Very Low,27.8,23.9,32.5,70,0.0,2.4,1012.6,29,5,2,7,1,18.0,22.71,22.71
2026-01-01,S001,P080,Spices,Grocery Staples,Very Low,29.2,25.0,32.0,71,0.0,8.8,1010.2,21,3,1,1,0,7.0,16.14,16.14
2026-01-02,S001,P080,Spices,Grocery Staples,Very Low,28.2,26.0,31.0,71,0.0,5.3,1011.5,21,4,1,2,0,21.0,16.14,16.14
2026-01-03,S001,P080,Spices,Grocery Staples,Very Low,28.3,25.0,32.0,76,0.0,5.5,1011.3,21,5,1,3,1,21.0,17.14,17.14
2026-01-04,S001,P080,Spices,Grocery Staples,Very Low,28.5,25.0,33.0,67,0.0,6.2,1011.3,26,6,1,4,1,21.0,18.43,18.43
2026-01-05,S001,P080,Spices,Grocery Staples,Very Low,27.8,24.0,32.0,69,0.0,4.9,1011.4,6,0,1,5,0,26.0,18.71,18.71
2026-01-06,S001,P080,Spices,Grocery Staples,Very Low,28.4,25.0,32.0,70,0.0,5.8,1011.8,26,1,1,6,0,6.0,16.29,16.29
2026-01-07,S001,P080,Spices,Grocery Staples,Very Low,28.8,25.0,32.0,64,0.0,5.5,1012.0,27,2,1,7,0,26.0,18.29,18.29
2026-01-08,S001,P080,Spices,Grocery Staples,Very Low,27.9,25.0,31.0,57,0.0,6.4,1012.0,21,3,1,8,0,27.0,21.14,21.14
2026-01-09,S001,P080,Spices,Grocery Staples,Very Low,27.5,24.0,31.0,65,0.0,5.2,1011.5,21,4,1,9,0,21.0,21.14,21.14
2026-01-10,S001,P080,Spices,Grocery Staples,Very Low,27.8,24.0,31.0,73,0.0,5.4,1011.0,35,5,1,10,1,21.0,21.14,21.14
2026-01-11,S001,P080,Spices,Grocery Staples,Very Low,28.1,25.0,32.0,76,0.0,6.2,1012.2,21,6,1,11,1,35.0,23.14,23.14
2026-01-12,S001,P080,Spices,Grocery Staples,Very Low,28.5,25.0,32.0,75,0.0,4.4,1013.0,19,0,1,12,0,21.0,22.43,22.43
2026-01-13,S001,P080,Spices,Grocery Staples,Very Low,28.5,26.0,32.0,78,0.0,4.7,1013.6,15,1,1,13,0,19.0,24.29,24.29
2026-01-14,S001,P080,Spices,Grocery Staples,Very Low,28.5,25.0,32.0,78,0.0,4.8,1012.7,19,2,1,14,0,15.0,22.71,22.71
2026-01-15,S001,P080,Spices,Grocery Staples,Very Low,28.5,26.0,31.0,77,0.0,6.4,1011.2,11,3,1,15,0,19.0,21.57,21.57
2026-01-16,S001,P080,Spices,Grocery Staples,Very Low,28.2,25.0,31.0,75,0.0,6.0,1011.3,8,4,1,16,0,11.0,20.14,20.14
2026-01-17,S001,P080,Spices,Grocery Staples,Very Low,28.3,24.0,32.0,69,0.0,6.5,1010.4,30,5,1,17,1,8.0,18.29,18.29
2026-01-18,S001,P080,Spices,Grocery Staples,Very Low,27.8,25.0,31.0,71,0.0,8.4,1009.8,14,6,1,18,1,30.0,17.57,17.57
2026-01-19,S001,P080,Spices,Grocery Staples,Very Low,28.0,25.0,31.0,72,0.0,6.9,1011.0,15,0,1,19,0,14.0,16.57,16.57
2026-01-20,S001,P080,Spices,Grocery Staples,Very Low,28.1,25.0,32.0,73,0.0,6.2,1010.6,14,1,1,20,0,15.0,16.0,16.0
2026-01-21,S001,P080,Spices,Grocery Staples,Very Low,28.0,24.0,31.0,72,0.0,6.5,1011.1,7,2,1,21,0,14.0,15.86,15.86
2026-01-22,S001,P080,Spices,Grocery Staples,Very Low,28.1,25.0,32.0,65,0.0,6.3,1011.9,19,3,1,22,0,7.0,14.14,14.14
2026-01-23,S001,P080,Spices,Grocery Staples,Very Low,27.6,23.0,32.0,69,0.0,6.0,1012.8,16,4,1,23,0,19.0,15.29,15.29
2026-01-24,S001,P080,Spices,Grocery Staples,Very Low,27.8,24.0,32.0,72,0.0,5.6,1013.0,28,5,1,24,1,16.0,16.43,16.43
2026-01-25,S001,P080,Spices,Grocery Staples,Very Low,28.6,26.0,31.0,77,0.0,6.1,1011.8,17,6,1,25,1,28.0,16.14,16.14
2026-01-26,S001,P080,Spices,Grocery Staples,Very Low,28.9,25.0,32.0,77,0.0,7.4,1012.6,15,0,1,26,0,17.0,16.57,16.57
2026-01-27,S001,P080,Spices,Grocery Staples,Very Low,29.1,26.0,32.0,76,0.0,5.5,1013.5,27,1,1,27,0,15.0,16.57,16.57
2026-01-28,S001,P080,Spices,Grocery Staples,Very Low,28.8,26.0,32.0,69,0.0,3.3,1012.6,9,2,1,28,0,27.0,18.43,18.43
2026-01-29,S001,P080,Spices,Grocery Staples,Very Low,28.3,25.0,32.7,68,0.0,2.9,1012.3,10,3,1,29,0,9.0,18.71,18.71
2026-01-30,S001,P080,Spices,Grocery Staples,Very Low,27.2,23.1,32.3,70,0.0,2.4,1013.2,21,4,1,30,0,10.0,17.43,17.43
2026-01-31,S001,P080,Spices,Grocery Staples,Very Low,27.0,22.5,32.0,70,0.0,2.4,1013.0,29,5,1,31,1,21.0,18.14,18.14
2026-02-01,S001,P080,Spices,Grocery Staples,Very Low,27.4,23.0,32.2,71,0.0,2.5,1012.7,24,6,2,1,1,29.0,18.29,18.29
2026-02-02,S001,P080,Spices,Grocery Staples,Very Low,27.8,24.1,32.3,74,0.0,2.1,1012.9,17,0,2,2,0,24.0,19.29,19.29
2026-02-03,S001,P080,Spices,Grocery Staples,Very Low,27.9,24.4,32.3,74,0.0,2.1,1012.5,24,1,2,3,0,17.0,19.57,19.57
2026-02-04,S001,P080,Spices,Grocery Staples,Very Low,27.9,24.2,32.4,72,0.0,2.2,1012.8,15,2,2,4,0,24.0,19.14,19.14
2026-02-05,S001,P080,Spices,Grocery Staples,Very Low,28.1,24.2,32.7,71,0.0,2.5,1012.9,6,3,2,5,0,15.0,20.0,20.0
2026-02-06,S001,P080,Spices,Grocery Staples,Very Low,27.9,24.0,32.5,71,0.0,2.3,1012.9,14,4,2,6,0,6.0,19.43,19.43
2026-02-07,S001,P080,Spices,Grocery Staples,Very Low,27.8,23.9,32.5,70,0.0,2.4,1012.6,18,5,2,7,1,14.0,18.43,18.43
